LEGACY_LOAN_ID,LEAD_GUID,LOAN_ID,ALL_PORTFOLIO_NAMES,FIRST_PARTY_FRAUD_CONFIRMED,IDENTITY_THEFT_FRAUD_CONFIRMED,FRAUD_DECLINED,FRAUD_PENDING_INVESTIGATION,FRAUD_INVESTIGATION_RESULTS,FRAUD_CONFIRMED_DATE,FRAUD_NOTIFICATION_RECEIVED,FRAUD_CONTACT_EMAIL,LOAN_CLOSED_DATE,CHARGE_OFF_DATE,LOAN_SUB_STATUS_TEXT,ALL_PARTNER_IDS,ALL_PARTNER_NAMES,MULTIPLE_PARTNERS_INDICATOR,PARTNER_COUNT
HMC14F9BF89D32,43c73408-418f-4982-a96d-c14f9bf89d32,359598,Identity Theft Fraud - Confirmed,0,1,0,0,,2025-07-28,,,,2025-07-28,Closed - Confirmed Fraud,18,Michigan State University FCU,0,1
HMA007C4F5BC3C,f6426955-9d40-4480-b39f-a007c4f5bc3c,128115,Identity Theft Fraud - Confirmed,0,1,0,0,,2025-07-16,2025-04-28,jblankshain@gmail.com,,2025-07-16,Closed - Confirmed Fraud,5,First Tech FCU,0,1
P7C280C48E3F4,00197dd9-488c-401b-92f6-7c280c48e3f4,100770,Identity Theft Fraud - Confirmed,0,1,0,0,,2025-04-16,,,,2025-04-16,Closed - Confirmed Fraud,15,Hive (Participation),0,1
HM9E276F4FBC71,b550ef3d-cd16-4043-bb93-9e276f4fbc71,128177,Identity Theft Fraud - Confirmed,0,1,0,0,,2025-04-11,,,,2025-04-11,Closed - Confirmed Fraud,15,Hive (Participation),0,1
HMCB0364A6CDFA,0c5662ea-f67c-41f0-8ded-cb0364a6cdfa,125837,Identity Theft Fraud - Confirmed,0,1,0,0,,2025-03-24,,,,2025-03-24,Closed - Confirmed Fraud,15,Hive (Participation),0,1
P725861A1C421,94b3ea61-1a05-c1a4-3809-725861a1c421,98371,Identity Theft Fraud - Confirmed,0,1,0,0,,2025-03-17,,,,2022-10-09,Closed - Confirmed Fraud,6,Payoff,0,1
P18F431FEA863,6f8a166b-b442-f367-fa2a-18f431fea863,98698,First Party Fraud - Confirmed,1,0,0,0,Confirmed,2025-02-18,2025-02-10,,,2023-01-13,Closed - Charged-Off Collectible,21,Cross River Bank TP,0,1
PC7A70A91F7D2,2bd1d4b5-2b2c-4073-9d27-c7a70a91f7d2,100670,First Party Fraud - Confirmed,1,0,0,0,Confirmed,2025-02-14,2025-02-11,,,2023-04-15,Closed - Charged-Off Collectible,3,Alliant CU,0,1
PD08849D1D537,2ff7ab54-4df4-5baf-1535-d08849d1d537,109680,First Party Fraud - Confirmed; Fraud - Declined,1,0,1,0,Confirmed,2025-02-14,2025-02-08,,,2023-07-14,Closed - Charged-Off Collectible,17,Veridian CU,0,1
P354A08BB0B78,69edec1a-7543-106d-a401-354a08bb0b78,96659,First Party Fraud - Confirmed,1,0,0,0,Confirmed,2025-02-14,2025-02-08,,,2023-12-12,Closed - Charged-Off Collectible,21,Cross River Bank TP,0,1
P21E984950BDD,e7fa2ae2-f8a1-304b-f9a9-21e984950bdd,108847,First Party Fraud - Confirmed,1,0,0,0,Confirmed,2025-02-13,2025-02-07,,,2023-01-13,Closed - Charged-Off Collectible,12,GreenState CU,0,1
P3D1D1346E646,7293f106-a5c7-04ff-a019-3d1d1346e646,83233,First Party Fraud - Confirmed,1,0,0,0,Confirmed,2025-02-13,2025-02-08,,,2022-09-10,Closed - Charged-Off Collectible,12,GreenState CU,0,1
P94521C10FE91,bcf44891-2cce-54a2-a66f-94521c10fe91,84135,First Party Fraud - Confirmed,1,0,0,0,Confirmed,2025-02-13,2025-02-07,,,2022-07-02,Closed - Charged-Off Collectible,3,Alliant CU,0,1
P51F536F66F59,f63426b9-efac-8ee8-2f7b-51f536f66f59,96088,First Party Fraud - Confirmed,1,0,0,0,Confirmed,2025-02-12,2025-01-22,,,2021-07-15,Closed - Charged-Off Collectible,3,Alliant CU,0,1
PEC4437CB95AF,cd248a7d-ec12-9d3d-c609-ec4437cb95af,122521,First Party Fraud - Confirmed,1,0,0,0,Confirmed,2025-02-10,2025-02-06,,,2023-09-29,Closed - Charged-Off Collectible,5,First Tech FCU,0,1
PA7BB3489655F,e6a81188-4abe-1702-01d6-a7bb3489655f,97193,First Party Fraud - Confirmed,1,0,0,0,Confirmed,2025-02-10,2025-02-06,,,2023-03-15,Closed - Charged-Off Collectible,20,Cross River Bank TM; Payoff FBO Alliant Credit Union,1,2
P25956E46C4A8,af2e5c3a-1243-3d2b-4020-25956e46c4a8,97445,First Party Fraud - Confirmed,1,0,0,0,Confirmed,2025-02-10,2025-02-06,,,2023-07-07,Closed - Charged-Off Collectible,20,Cross River Bank TM; Payoff FBO Alliant Credit Union,1,2
PD2E3C3A78ABE,f9e4bdb2-5a04-2580-d886-d2e3c3a78abe,104277,First Party Fraud - Confirmed; Fraud - Declined,1,0,1,0,Confirmed,2025-02-07,2025-02-03,,,2022-06-27,Closed - Charged-Off Collectible,5,First Tech FCU,0,1
P2B327F33D149,e65f4089-d3af-70c6-7cc1-2b327f33d149,89063,First Party Fraud - Confirmed,1,0,0,0,Confirmed,2025-02-07,2025-02-05,,,2023-03-07,Closed - Charged-Off Collectible,3,Alliant CU,0,1
PC97B39178DEC,f0dc0342-ae8d-e3e4-15e6-c97b39178dec,111248,First Party Fraud - Confirmed,1,0,0,0,Confirmed,2025-02-06,2025-02-04,,,2024-04-27,Closed - Charged-Off Collectible,16,Blue FCU,0,1
PCB338FD6513B,f3407bdd-9617-c61c-650b-cb338fd6513b,103707,First Party Fraud - Confirmed,1,0,0,0,Confirmed,2025-02-05,2025-02-03,,,2022-09-12,Closed - Charged-Off Collectible,5,First Tech FCU,0,1
PD15F7C3D0D07,1729366b-1bae-4691-a991-d15f7c3d0d07,111960,First Party Fraud - Confirmed,1,0,0,0,Confirmed,2025-02-05,2025-02-02,,,2023-07-18,Closed - Charged-Off Collectible,3,Alliant CU,0,1
PF6D7F35963A0,c97cd067-9fe7-0e21-7ca6-f6d7f35963a0,87534,First Party Fraud - Confirmed,1,0,0,0,Confirmed,2025-02-05,2025-02-01,,,2022-02-08,Closed - Charged-Off Collectible,1,Happy Money,0,1
P789120B81250,f7d227ee-10d4-4ec3-b072-789120b81250,101573,First Party Fraud - Confirmed,1,0,0,0,Confirmed,2025-02-04,2025-01-30,,,2019-04-22,Closed - Charged-Off Collectible,1,Happy Money,0,1
PC115038A3B33,82760ef0-b108-1d4a-2697-c115038a3b33,111483,First Party Fraud - Confirmed,1,0,0,0,Confirmed,2025-02-04,2025-01-22,,,2023-10-26,Closed - Charged-Off Collectible,3,Alliant CU,0,1
P6348663BD3BD,32f32c79-6079-5e63-81a1-6348663bd3bd,87754,First Party Fraud - Confirmed,1,0,0,0,Confirmed,2025-02-04,2025-01-30,,,2022-05-28,Closed - Charged-Off Collectible,3,Alliant CU,0,1
PBE9CA3DA9FBA,803f77b4-2a77-fc02-7307-be9ca3da9fba,103541,First Party Fraud - Confirmed,1,0,0,0,Confirmed,2025-01-31,2025-01-29,,,2023-02-15,Closed - Charged-Off Collectible,3,Alliant CU,0,1
P176A0DEE1158,336aeb29-5065-e926-915d-176a0dee1158,88107,First Party Fraud - Confirmed; Fraud - Declined,1,0,1,0,Confirmed,2025-01-30,2025-01-28,,,2023-06-29,Closed - Charged-Off Collectible,14,USAlliance FCU,0,1
P4952D4C83BF3,ece5c950-58d0-d71e-1f01-4952d4c83bf3,98710,First Party Fraud - Confirmed,1,0,0,0,Confirmed,2025-01-30,2025-01-28,,,2023-01-26,Closed - Charged-Off Collectible,20,Cross River Bank TM; Payoff FBO Alliant Credit Union,1,2
PC4FC8EB6C4C4,ef74eafc-d7aa-4b98-9ddb-c4fc8eb6c4c4,81269,First Party Fraud - Confirmed,1,0,0,0,Confirmed,2025-01-29,2025-01-27,,,2019-02-22,Closed - Charged-Off Collectible,3,Alliant CU,0,1
PCABF99A5C5D1,eb83a9f9-2cd5-baee-3b59-cabf99a5c5d1,107308,First Party Fraud - Confirmed; Fraud - Declined,1,0,1,0,Confirmed,2025-01-28,2025-01-25,,,2022-11-19,Closed - Charged-Off Collectible,3,Alliant CU,0,1
P776BD986B5E2,4f11fee2-01a2-e5b7-83ca-776bd986b5e2,118176,First Party Fraud - Confirmed,1,0,0,0,Confirmed,2025-01-28,2025-01-23,,,2024-10-23,Closed - Charged-Off Collectible,5,First Tech FCU,0,1
PEDDC4182BB44,f05d700a-410a-b573-9432-eddc4182bb44,122483,First Party Fraud - Confirmed,1,0,0,0,Confirmed,2025-01-28,2025-01-25,,,2023-07-26,Closed - Charged-Off Collectible,3,Alliant CU,0,1
PF33231D5AE48,c306e253-9626-4761-817f-f33231d5ae48,123783,First Party Fraud - Confirmed,1,0,0,0,Confirmed,2025-01-28,2025-01-26,,,2023-12-30,Closed - Charged-Off Collectible,5,First Tech FCU,0,1
PE5475401E52C,96467adc-f6ab-8dc6-2c34-e5475401e52c,84826,First Party Fraud - Confirmed,1,0,0,0,Confirmed,2025-01-28,2025-01-25,,,2022-09-29,Closed - Charged-Off Collectible,3,Alliant CU,0,1
PBF5B015F6F63,b6810211-2d58-0f3e-7e0c-bf5b015f6f63,88592,First Party Fraud - Confirmed,1,0,0,0,Confirmed,2025-01-28,2025-01-24,,,2024-05-22,Closed - Charged-Off Collectible,14,USAlliance FCU,0,1
PCCA73897EDE8,f937a423-1f27-e5ae-c7f5-cca73897ede8,100429,First Party Fraud - Confirmed,1,0,0,0,Confirmed,2025-01-27,2025-01-22,,,2024-03-30,Closed - Charged-Off Collectible,20,Cross River Bank TM; Payoff FBO Alliant Credit Union,1,2
P967E9F03D7E6,8d2f9440-aee1-fb4d-f48f-967e9f03d7e6,114817,First Party Fraud - Confirmed,1,0,0,0,Confirmed,2025-01-27,,,,2023-09-29,Closed - Charged-Off Collectible,17,Veridian CU,0,1
PEEC22D59ACFC,36885784-106f-7d89-76ba-eec22d59acfc,118079,First Party Fraud - Confirmed,1,0,0,0,Confirmed,2025-01-27,2025-01-22,,,2023-12-30,Closed - Charged-Off Collectible,12,GreenState CU,0,1
P5585B2FF3251,8d4fd1b5-a906-4d4e-8e1b-5585b2ff3251,81715,First Party Fraud - Confirmed,1,0,0,0,Confirmed,2025-01-27,2025-01-22,,,2020-04-08,Closed - Charged-Off Collectible,4,Payoff Consumer Loan Trust; Technology CU,1,2
PCF8DF10D5A09,dccade18-5d97-359a-a9a8-cf8df10d5a09,96973,First Party Fraud - Confirmed,1,0,0,0,Confirmed,2025-01-27,2025-01-22,,,2023-03-28,Closed - Charged-Off Collectible,21,Cross River Bank TP,0,1
P66C7152F93CC,44993884-0bbe-2388-a122-66c7152f93cc,98231,First Party Fraud - Confirmed,1,0,0,0,Confirmed,2025-01-27,2025-01-22,,,2022-09-25,Closed - Charged-Off Collectible,21,Cross River Bank TP,0,1
PCFEEB69A1CB5,328abf12-d587-370d-25dd-cfeeb69a1cb5,78146,First Party Fraud - Confirmed,1,0,0,0,Confirmed,2025-01-23,2025-01-18,,,2023-03-28,Closed - Charged-Off Collectible,14,USAlliance FCU,0,1
P2A2F5D2370FC,96af6d0c-283e-e20a-da8e-2a2f5d2370fc,83536,First Party Fraud - Confirmed,1,0,0,0,Confirmed,2025-01-23,2025-01-18,,,2024-07-25,Closed - Charged-Off Collectible,3,Alliant CU,0,1
P2A28526F40C4,0d86ee19-a31f-4eca-8573-2a28526f40c4,94958,First Party Fraud - Confirmed,1,0,0,0,Confirmed,2025-01-23,2025-01-18,,,2024-01-10,Closed - Charged-Off Collectible,3,Alliant CU,0,1
P588BEB7B686C,8b6d9df1-a966-43b1-b861-588beb7b686c,106437,Identity Theft Fraud - Confirmed,0,1,0,0,Confirmed,2025-01-22,2024-12-30,,2025-01-22,2019-08-12,Closed - Confirmed Fraud,1,Happy Money,0,1
P3C74ECC954B3,c7238982-0dfd-79d8-6784-3c74ecc954b3,115311,First Party Fraud - Confirmed,1,0,0,0,Confirmed,2025-01-21,2025-01-15,,,2023-08-07,Closed - Charged-Off Collectible,3,Alliant CU,0,1
P2F76BCA98CF9,cb108938-e90e-bc29-904c-2f76bca98cf9,70530,First Party Fraud - Confirmed,1,0,0,0,Confirmed,2025-01-17,2025-01-14,,,,Closed - Charged-Off Collectible,1,Happy Money,0,1
PC813B78E229A,7cc0b482-baf4-4277-9213-c813b78e229a,105428,First Party Fraud - Confirmed,1,0,0,0,Confirmed,2025-01-16,2025-01-12,,,2021-11-12,Closed - Charged-Off Collectible,17,Veridian CU,0,1
PE48EADF97614,aabbac3d-ad51-860c-4d07-e48eadf97614,97616,First Party Fraud - Confirmed,1,0,0,0,Confirmed,2025-01-16,2025-01-12,,,2023-07-16,Closed - Charged-Off Collectible,15,Hive (Participation),0,1
PF7487F19DADC,b3bf062b-6b5f-b0a2-da72-f7487f19dadc,97950,First Party Fraud - Confirmed,1,0,0,0,Confirmed,2025-01-16,2025-01-11,,,2024-05-02,Closed - Charged-Off Collectible,24,Payoff FBO First Technology Credit Union; Theorem Main (Loan Sale),1,2
PE52453B21C3B,6c85b1bb-e4db-d08e-663c-e52453b21c3b,113370,First Party Fraud - Confirmed,1,0,0,0,Confirmed,2025-01-15,2025-01-10,,,2022-07-14,Closed - Charged-Off Collectible,5,First Tech FCU,0,1
P86E7E9F5ECA7,2628e60f-713e-5a71-7295-86e7e9f5eca7,76898,First Party Fraud - Confirmed; Fraud - Declined,1,0,1,0,Confirmed,2025-01-15,2025-01-12,,,2023-08-13,Closed - Charged-Off Collectible,3,Alliant CU,0,1
PC397156E6F80,ef53061d-6dc6-4100-a52b-c397156e6f80,86535,First Party Fraud - Confirmed,1,0,0,0,Confirmed,2025-01-15,2025-01-10,,,2023-06-04,Closed - Charged-Off Collectible,3,Alliant CU,0,1
P30BA21A249BE,b83d29e5-204d-3992-45c0-30ba21a249be,90200,First Party Fraud - Confirmed,1,0,0,0,Confirmed,2025-01-15,2025-01-10,,,2024-01-26,Closed - Charged-Off Collectible,9,Teachers FCU,0,1
PF339488BFDB6,f50a6b45-7b82-3d9d-266a-f339488bfdb6,110772,First Party Fraud - Confirmed,1,0,0,0,Confirmed,2025-01-14,2025-01-10,,,2023-03-28,Closed - Charged-Off Collectible,9,Teachers FCU,0,1
P4B1468DAA53F,b0afd597-432d-d375-d437-4b1468daa53f,117922,First Party Fraud - Confirmed; Fraud - Declined,1,0,1,0,Confirmed,2025-01-14,2025-01-09,,,2023-06-23,Closed - Charged-Off Collectible,3,Alliant CU,0,1
P244D43092764,c8ee457c-d940-4641-b1e8-244d43092764,123484,First Party Fraud - Confirmed,1,0,0,0,Confirmed,2025-01-14,2024-12-12,,,2024-06-09,Closed - Charged-Off Collectible,3,Alliant CU,0,1
P6A01662F083A,0211a1c3-79e9-4244-a27d-6a01662f083a,77846,First Party Fraud - Confirmed; Fraud - Declined,1,0,1,0,Confirmed,2025-01-14,2025-01-09,,,2022-01-16,Closed - Charged-Off Collectible,3,Alliant CU,0,1
PDBF62E5708D5,f2edba08-50d6-67cc-67ca-dbf62e5708d5,96342,First Party Fraud - Confirmed,1,0,0,0,Confirmed,2025-01-14,2025-01-09,,,2021-05-22,Closed - Charged-Off Collectible,12,GreenState CU,0,1
P2F899CD79717,b2ca2ff7-10de-6312-883b-2f899cd79717,99235,Identity Theft Fraud - Confirmed,0,1,0,0,Confirmed,2025-01-14,2025-01-10,,2025-01-14,2022-12-18,Closed - Confirmed Fraud,1,Happy Money,0,1
PBF1C325DAA78,8e2eeaba-7f09-cb93-6614-bf1c325daa78,82482,First Party Fraud - Confirmed,1,0,0,0,Confirmed,2025-01-13,2025-01-08,,,2023-11-12,Closed - Charged-Off Collectible,9,Teachers FCU,0,1
PFFE434A3748B,418c030b-2776-49d0-9312-ffe434a3748b,123369,Identity Theft Fraud - Confirmed,0,1,0,0,Confirmed,2025-01-09,2024-12-06,,2025-01-09,2023-06-28,Closed - Confirmed Fraud,1,Happy Money,0,1
P3BE1CF099C88,65c4584f-0962-f2fd-412b-3be1cf099c88,86558,First Party Fraud - Confirmed,1,0,0,0,Confirmed,2025-01-09,2024-12-21,,,2024-01-12,Closed - Charged-Off Collectible,3,Alliant CU,0,1
P4136119BC5C5,570d85a2-1e1c-400b-8760-4136119bc5c5,101694,First Party Fraud - Confirmed; Fraud - Declined,1,0,1,0,Confirmed,2025-01-08,2024-12-31,,,2019-10-17,Closed - Charged-Off Collectible,17,Veridian CU,0,1
PE7A3E7C99309,7e43686f-6f93-4e73-bd1e-e7a3e7c99309,104663,First Party Fraud - Confirmed,1,0,0,0,Confirmed,2025-01-08,2025-01-05,,,2022-06-29,Closed - Charged-Off Collectible,3,Alliant CU,0,1
PC200568190A6,2058bf34-cecb-4bd0-84c4-c200568190a6,104970,First Party Fraud - Confirmed; Fraud - Declined,1,0,1,0,Confirmed,2025-01-08,2025-01-04,,,2023-05-15,Closed - Charged-Off Collectible,3,Alliant CU,0,1
PC4D7718E8AE9,7d60a18f-7f60-430a-8f9a-c4d7718e8ae9,105080,First Party Fraud - Confirmed,1,0,0,0,Confirmed,2025-01-08,2025-01-06,,,2022-04-15,Closed - Charged-Off Collectible,5,First Tech FCU,0,1
P02B61ECA76BA,9287d530-45a5-a84d-8ec5-02b61eca76ba,85823,First Party Fraud - Confirmed,1,0,0,0,Confirmed,2025-01-08,2025-01-05,,,2022-08-08,Closed - Charged-Off Collectible,14,USAlliance FCU,0,1
P75EF86590093,6b4da967-7dc4-051a-71c2-75ef86590093,90603,First Party Fraud - Confirmed,1,0,0,0,Confirmed,2025-01-08,2025-01-06,,,2024-07-30,Closed - Charged-Off Collectible,3,Alliant CU,0,1
PC89E3B02B5DD,30814966-9e7b-8f99-d358-c89e3b02b5dd,96713,First Party Fraud - Confirmed,1,0,0,0,Confirmed,2025-01-08,2025-01-04,,,2023-03-19,Closed - Charged-Off Collectible,20,Cross River Bank TM; Payoff FBO Alliant Credit Union,1,2
P4A68826315ED,1da1232c-2052-2b7c-a7d5-4a68826315ed,98917,First Party Fraud - Confirmed; Fraud - Declined,1,0,1,0,Confirmed,2025-01-08,2024-12-18,,,2024-07-03,Closed - Charged-Off Collectible,20,Cross River Bank TM; Payoff FBO Alliant Credit Union,1,2
P97C26252D0EB,aaae2c57-9045-460f-ac00-97c26252d0eb,77471,First Party Fraud - Confirmed,1,0,0,0,Confirmed,2025-01-07,2025-01-03,,,2022-04-05,Closed - Charged-Off Collectible,1,Happy Money,0,1
P8C7CABEDD2AF,66b7172a-767b-7d38-43ed-8c7cabedd2af,99173,First Party Fraud - Confirmed,1,0,0,0,Confirmed,2025-01-07,2025-01-03,,,2024-01-16,Closed - Charged-Off Collectible,1,Happy Money,0,1
PDD7C8342436A,a6a83a9e-0d52-6738-0c03-dd7c8342436a,103135,First Party Fraud - Confirmed; Fraud - Declined; Fraud - Pending Investigation,1,0,1,1,Confirmed,2025-01-06,2025-01-29,,,2021-02-02,Open - Fraud Process,3,Alliant CU,0,1
PD33DFD57F9DA,06d7855b-2610-4f45-9d81-d33dfd57f9da,106178,First Party Fraud - Confirmed; Fraud - Declined,1,0,1,0,Confirmed,2025-01-06,2025-01-01,,,2020-09-21,Closed - Charged-Off Collectible,3,Alliant CU,0,1
P1235ECC3E18A,f467769c-e756-1178-3d01-1235ecc3e18a,111987,First Party Fraud - Confirmed,1,0,0,0,Confirmed,2025-01-06,2025-01-03,,,2024-03-20,Closed - Charged-Off Collectible,3,Alliant CU,0,1
PACECAB21A6B5,24bb8b45-9c98-fff9-d6df-acecab21a6b5,116682,Identity Theft Fraud - Confirmed,0,1,0,0,Confirmed,2025-01-06,2025-01-06,,2025-01-06,2025-01-06,Closed - Confirmed Fraud,1,Happy Money,0,1
P20D594D4FEC3,23bd3aa3-af4f-4d51-a0fe-20d594d4fec3,123593,First Party Fraud - Confirmed,1,0,0,0,Confirmed,2025-01-06,2025-01-06,,,2024-01-13,Closed - Charged-Off Collectible,3,Alliant CU,0,1
HM5DF89977806C,29c5f5a2-92d2-4291-9b9b-5df89977806c,33705,Identity Theft Fraud - Confirmed,0,1,0,0,Confirmed,2025-01-06,2024-12-30,,2025-01-06,2025-01-06,Closed - Confirmed Fraud,1,Happy Money,0,1
PC363A328E847,90fb1f7c-b164-4728-8175-c363a328e847,82312,First Party Fraud - Confirmed,1,0,0,0,Confirmed,2025-01-06,2025-01-02,,,2019-09-13,Closed - Charged-Off Collectible,5,First Tech FCU,0,1
PAA303368ECF3,154f4235-f365-d6d0-708f-aa303368ecf3,85059,First Party Fraud - Confirmed,1,0,0,0,Confirmed,2025-01-06,2025-01-02,,,2023-08-17,Closed - Charged-Off Collectible,3,Alliant CU,0,1
P7741EEE4CB7F,6a9b2f44-69d2-7306-4236-7741eee4cb7f,120223,First Party Fraud - Confirmed,1,0,0,0,Confirmed,2025-01-02,2024-12-28,,,2024-01-09,Closed - Charged-Off Collectible,9,Teachers FCU,0,1
P64051C750AEE,55a2539d-046f-5b9c-5217-64051c750aee,75912,First Party Fraud - Confirmed,1,0,0,0,Confirmed,2025-01-02,2024-12-29,,,2021-09-22,Closed - Charged-Off Collectible,3,Alliant CU,0,1
P22573962E765,4812bb32-baae-fdf5-05f5-22573962e765,91410,First Party Fraud - Confirmed,1,0,0,0,Confirmed,2025-01-02,2024-12-28,,,2024-07-25,Closed - Charged-Off Collectible,5,First Tech FCU,0,1
P77F8955CC2B1,39557ff3-726e-4cf8-8ff9-77f8955cc2b1,102137,First Party Fraud - Confirmed,1,0,0,0,Confirmed,2024-12-30,2024-12-24,,,2019-12-27,Closed - Charged-Off Collectible,17,Veridian CU,0,1
PDC303CF25511,52ad7e24-98e3-4085-858a-dc303cf25511,105874,First Party Fraud - Confirmed; Fraud - Declined,1,0,1,0,Confirmed,2024-12-30,2024-12-24,,,2020-09-30,Closed - Charged-Off Collectible,3,Alliant CU,0,1
P919FA0933618,2a94c468-215a-47fd-ab04-919fa0933618,106375,First Party Fraud - Confirmed,1,0,0,0,Confirmed,2024-12-30,2024-12-24,,,2020-12-26,Closed - Charged-Off Collectible,17,Veridian CU,0,1
P12836134884D,209e5d23-faed-2f35-07cd-12836134884d,84811,First Party Fraud - Confirmed,1,0,0,0,Confirmed,2024-12-30,2024-12-27,,,2023-09-05,Closed - Charged-Off Collectible,3,Alliant CU,0,1
P266155D6C46B,24eb07b5-588f-8afd-3992-266155d6c46b,93315,First Party Fraud - Confirmed,1,0,0,0,Confirmed,2024-12-30,2024-12-25,,,2023-05-01,Closed - Charged-Off Collectible,3,Alliant CU,0,1
P3724B025BD7D,a7a9200a-ce77-4fd5-afce-3724b025bd7d,95173,First Party Fraud - Confirmed,1,0,0,0,Confirmed,2024-12-30,2024-12-05,,,2024-03-27,Closed - Charged-Off Collectible,3,Alliant CU,0,1
P8B3EC493702B,0e0de053-dec3-fb7d-62fb-8b3ec493702b,103544,First Party Fraud - Confirmed,1,0,0,0,Confirmed,2024-12-27,2024-12-12,,,2022-05-23,Closed - Charged-Off Collectible,5,First Tech FCU,0,1
P2124E36E9066,e9b9dafc-5d42-356d-0ded-2124e36e9066,112161,First Party Fraud - Confirmed,1,0,0,0,Confirmed,2024-12-27,2024-12-20,,,2022-12-26,Closed - Charged-Off Collectible,3,Alliant CU,0,1
P23497FCFFC42,b31a51de-851f-5599-7d2b-23497fcffc42,86217,First Party Fraud - Confirmed; Fraud - Declined,1,0,1,0,Confirmed,2024-12-27,2024-12-23,,,2023-07-04,Closed - Charged-Off Collectible,12,GreenState CU,0,1
P7FDF80F374BC,8e848e49-c04c-b322-47f7-7fdf80f374bc,89307,First Party Fraud - Confirmed,1,0,0,0,Confirmed,2024-12-27,2024-12-13,,,2023-06-13,Closed - Charged-Off Collectible,3,Alliant CU,0,1
P16B06C712524,90264518-f65c-a0d8-829f-16b06c712524,99949,First Party Fraud - Confirmed,1,0,0,0,Confirmed,2024-12-27,2024-12-11,,,2023-02-23,Closed - Charged-Off Collectible,20,Cross River Bank TM; Payoff FBO Alliant Credit Union,1,2
PEC1B47D2FE65,07d03ef2-c4f9-2fc4-c862-ec1b47d2fe65,111224,,,,,,,2024-07-10,,,,2023-02-17,Closed - Charged-Off Collectible,21,Cross River Bank TP,0,1
PA31B2EB23B5F,c85128be-dc02-80cc-8dd7-a31b2eb23b5f,94956,,,,,,,2024-07-10,,,,2023-11-09,Closed - Charged-Off Collectible,3,Alliant CU,0,1
P1611A44D9E27,772811b3-52ee-97c1-4bf7-1611a44d9e27,120676,,,,,,,2024-07-09,,,,2023-08-22,Closed - Charged-Off Collectible,20,Cross River Bank TM; Payoff FBO Alliant Credit Union,1,2
PE879687DAC42,b29f79b4-11e0-4aa9-9a67-e879687dac42,123083,,,,,,,2024-07-09,,,,2024-03-07,Closed - Charged-Off Collectible,3,Alliant CU,0,1
P176177ABFA8C,8ddc6316-93b5-df91-44ed-176177abfa8c,91335,,,,,,,2024-07-09,,,,2023-12-06,Closed - Charged-Off Collectible,17,Veridian CU,0,1
P4DE7AFC53008,a145d6e3-f6f9-799b-a17d-4de7afc53008,77248,,,,,,,2024-07-08,,,,2023-09-13,Closed - Charged-Off Collectible,3,Alliant CU,0,1
P9438BCE68B89,7ab35c03-4adf-400b-b5ca-9438bce68b89,124238,,,,,,,2024-07-05,,,,2024-06-17,Closed - Charged-Off Collectible,5,First Tech FCU,0,1
P63479C8B852A,5d6fc30d-723b-0cb9-bf95-63479c8b852a,91549,,,,,,,2024-06-26,,,,2023-11-11,Closed - Charged-Off Collectible,3,Alliant CU,0,1
P55751333701B,226a807a-4fad-4f1d-9494-55751333701b,100848,,,,,,,2024-06-25,,,,2023-06-18,Closed - Charged-Off Collectible,6,Payoff,0,1
P078CF25D2A7B,a1009d28-b880-75a6-b48f-078cf25d2a7b,110246,,,,,,,2024-06-20,,,,2022-04-02,Closed - Charged-Off Collectible,5,First Tech FCU,0,1
PC6E9DAFAD5D6,3ad4626f-02cf-5b63-37ff-c6e9dafad5d6,119385,,,,,,,2024-06-18,,,,2023-03-27,Closed - Charged-Off Collectible,5,First Tech FCU,0,1
PAA315D7D4227,274613f0-d9c8-fe01-aeba-aa315d7d4227,96471,,,,,,,2024-06-12,,,,2022-05-16,Closed - Charged-Off Collectible,21,Cross River Bank TP,0,1
P0037239A3914,46897cfe-2cea-78c1-0f66-0037239a3914,98697,,,,,,,2024-06-10,,,,2023-04-14,Closed - Charged-Off Collectible,21,Cross River Bank TP,0,1
P95ADBD622EED,4b42c173-dab2-4fcb-7e41-95adbd622eed,111589,,,,,,,2024-06-07,,,,2023-08-29,Closed - Charged-Off Collectible,9,Teachers FCU,0,1
P7EF1DF2E7915,ab6d48cc-602c-7cdc-6f69-7ef1df2e7915,85516,,,,,,,2024-06-07,,,,2024-02-25,Closed - Charged-Off Collectible,3,Alliant CU,0,1
P240AA6C6AA21,4e83b614-8398-c8b6-ac8f-240aa6c6aa21,93133,,,,,,,2024-06-03,,,,2023-03-26,Closed - Charged-Off Collectible,3,Alliant CU,0,1
P06501D0EEDCA,937555bc-22ab-1c50-b4f7-06501d0eedca,95707,,,,,,,2024-05-31,,,,2023-11-19,Closed - Charged-Off Collectible,3,Alliant CU,0,1
P6A0BC102D157,c88059e8-5dcc-2939-a1de-6a0bc102d157,108525,Fraud - Pending Investigation,0,0,0,1,Confirmed,2024-05-23,2025-02-15,,,2022-06-07,Closed - Charged-Off Collectible,5,First Tech FCU,0,1
P78111C367FEF,6a50fa92-2e97-d0c6-bb06-78111c367fef,84262,,,,,,,2024-05-22,,,,2023-08-15,Closed - Charged-Off Collectible,3,Alliant CU,0,1
P63AD95ABABC0,c7f1dbe0-c9c5-0805-083f-63ad95ababc0,96643,,,,,,,2024-05-22,,,,2022-12-10,Closed - Charged-Off Collectible,20,Cross River Bank TM; Payoff FBO Alliant Credit Union,1,2
P195E8A040297,216aa56d-7c6b-8d47-36c1-195e8a040297,91044,,,,,,,2024-05-20,,,,2023-06-29,Closed - Charged-Off Collectible,14,USAlliance FCU,0,1
P6FE178F66DBE,c1bcdef2-bab7-4132-7eb4-6fe178f66dbe,96977,,,,,,,2024-05-20,,,,2022-11-19,Closed - Charged-Off Collectible,20,Cross River Bank TM; Payoff FBO Alliant Credit Union,1,2
P73C5ED44AA8E,ec7a0dd4-ccf0-25a3-d164-73c5ed44aa8e,88845,,,,,,,2024-05-17,,,,2023-02-03,Closed - Charged-Off Collectible,3,Alliant CU,0,1
PF31FA8D3AB8D,e5fe084b-a7c0-1d6a-884b-f31fa8d3ab8d,84419,,,,,,,2024-05-16,,,,2023-10-26,Closed - Charged-Off Collectible,9,Teachers FCU,0,1
P49D3F313E4B0,e4c52ffc-2bcd-4e04-8122-49d3f313e4b0,94429,,,,,,,2024-05-16,,,,2023-05-24,Closed - Charged-Off Collectible,3,Alliant CU,0,1
P4828395CAFE4,ddaa5085-2c42-1e11-9630-4828395cafe4,84229,,,,,,,2024-05-14,,,,2022-10-11,Closed - Charged-Off Collectible,3,Alliant CU,0,1
P35A0D88AA201,e9caa9ec-a7bb-b8d7-1466-35a0d88aa201,86076,,,,,,,2024-05-14,,,,2023-10-13,Closed - Charged-Off Collectible,3,Alliant CU,0,1
P8ABB967D3E4E,62a9bb37-46ec-6f78-b9ae-8abb967d3e4e,88014,,,,,,,2024-05-10,,,,2023-05-28,Closed - Charged-Off Collectible,3,Alliant CU,0,1
P1700B40FBE31,937907ab-f095-edca-c8c9-1700b40fbe31,91885,,,,,,,2024-05-10,,,,2024-02-22,Closed - Charged-Off Collectible,3,Alliant CU,0,1
PEB14CDD5F48A,ad138a54-a77f-aa55-89ab-eb14cdd5f48a,78094,,,,,,,2024-05-08,,,,2023-02-14,Closed - Charged-Off Collectible,3,Alliant CU,0,1
P2C3A6BB51CFD,8f2b4606-4819-b8a1-09fc-2c3a6bb51cfd,99332,,,,,,,2024-05-08,,,,2023-08-25,Closed - Charged-Off Collectible,20,Cross River Bank TM; Payoff FBO Alliant Credit Union,1,2
PEF29D44A447F,e5f9daac-6e89-4cb1-c1cb-ef29d44a447f,95571,,,,,,,2024-05-07,,,,2024-01-05,Closed - Charged-Off Collectible,3,Alliant CU,0,1
P57AB5A0265E7,7e3cb1dd-b5d5-b55d-e8e5-57ab5a0265e7,86192,,,,,,,2024-05-03,,,,2024-02-18,Closed - Charged-Off Collectible,3,Alliant CU,0,1
P4C05B0EE1BF2,a3b53b8b-7627-608e-f14f-4c05b0ee1bf2,89632,,,,,,,2024-04-23,,,,2023-06-28,Closed - Charged-Off Collectible,3,Alliant CU,0,1
PF47E3E8F3987,61fe7c63-01a1-bb16-cd93-f47e3e8f3987,96995,,,,,,,2024-04-22,,,,2023-01-31,Closed - Charged-Off Collectible,21,Cross River Bank TP,0,1
P653395165686,908257a2-1bf3-ce0e-ca75-653395165686,105714,,,,,,,2024-04-19,,,,2022-10-13,Closed - Charged-Off Collectible,5,First Tech FCU,0,1
P9874804A3A7D,13b3dc54-811a-2f88-4433-9874804a3a7d,98045,,,,,,,2024-04-19,,,,2022-11-06,Closed - Charged-Off Collectible,25,Theorem Prime (Loan Sale),0,1
P1CFB7629B19E,e0b00bf3-2bb0-acbc-842c-1cfb7629b19e,98158,,,,,,,2024-04-16,,,,2023-08-17,Closed - Charged-Off Collectible,21,Cross River Bank TP,0,1
PFC10C8536458,783541db-6d87-13a1-db44-fc10c8536458,99728,,,,,,,2024-04-09,,,,2023-10-25,Closed - Charged-Off Collectible,20,Cross River Bank TM; Payoff FBO Alliant Credit Union,1,2
PDB1BA25473E0,99215375-cee7-49d9-b93a-db1ba25473e0,124160,,,,,,,2024-04-08,,,,2024-06-27,Closed - Charged-Off Collectible,3,Alliant CU,0,1
P45FF7A55F05A,bd007171-3f56-6ba1-d7e9-45ff7a55f05a,88418,,,,,,,2024-04-08,,,,2024-01-26,Closed - Charged-Off Collectible,3,Alliant CU,0,1
P0E8FF1960545,021004d9-964c-40bd-b1bc-0e8ff1960545,95186,,,,,,,2024-04-08,,,,2023-11-23,Closed - Charged-Off Collectible,3,Alliant CU,0,1
PF736B410D2E8,a174ee56-fd6a-9e66-afd9-f736b410d2e8,87408,,,,,,,2024-04-03,,,,2022-01-29,Closed - Charged-Off Collectible,12,GreenState CU,0,1
PFCC9BC245A06,5e7a946c-a0f9-4716-959e-fcc9bc245a06,95277,,,,,,,2024-04-03,,,,2023-09-15,Closed - Charged-Off Collectible,3,Alliant CU,0,1
P9753E642058D,63b62c7b-ddf3-4388-2163-9753e642058d,97401,,,,,,,2024-04-03,,,,2022-10-30,Closed - Charged-Off Collectible,24,Payoff FBO First Technology Credit Union; Theorem Main (Loan Sale),1,2
P7CCB1685A61B,9b9667c1-6aa4-2c91-0e9e-7ccb1685a61b,99135,,,,,,,2024-04-02,,,,2023-08-12,Closed - Charged-Off Collectible,20,Cross River Bank TM; Payoff FBO Alliant Credit Union,1,2
P8CFF8908CD89,fbbcb5cb-a771-8645-bbdb-8cff8908cd89,97124,,,,,,,2024-04-01,,,,2022-10-26,Closed - Charged-Off Collectible,21,Cross River Bank TP,0,1
PA6D06A2E9672,25757e71-745a-6a1c-8b69-a6d06a2e9672,88501,,,,,,,2024-03-27,,,,2022-11-29,Closed - Charged-Off Collectible,12,GreenState CU,0,1
P69877237A810,98814a5c-4d91-e569-b738-69877237a810,107069,,,,,,,2024-03-15,,,,2023-05-08,Closed - Charged-Off Collectible,5,First Tech FCU,0,1
PE47F23A02864,8683338a-4541-cf44-fad4-e47f23a02864,83299,,,,,,,2024-03-12,,,,2022-09-25,Closed - Charged-Off Collectible,12,GreenState CU,0,1
PEA44C3884D1E,2336221a-315d-c8ee-a85f-ea44c3884d1e,76206,,,,,,,2024-03-08,,,,2021-03-18,Closed - Charged-Off Collectible,3,Alliant CU,0,1
P5285BBC24F29,2e1cd41e-87d0-ecfc-34d2-5285bbc24f29,125135,,,,,,,2024-03-07,,,,2022-07-25,Closed - Charged-Off Collectible,21,Cross River Bank TP,0,1
P5B183E01E588,71ab2a64-c473-42ee-9598-5b183e01e588,94924,,,,,,,2024-03-07,,,,2023-06-08,Closed - Charged-Off Collectible,6,Payoff,0,1
PA57E2EE994C4,f25ae2ee-65b1-da9f-f4d5-a57e2ee994c4,78362,Fraud - Declined,0,0,1,0,Declined,2024-02-29,2025-01-12,,,2022-01-13,Closed - Settled in Full,5,First Tech FCU,0,1
P50623CFF453D,e8d74360-d4f5-d0a7-806a-50623cff453d,103514,,,,,,,2024-02-20,,,,2021-01-13,Closed - Charged-Off Collectible,5,First Tech FCU,0,1
P12928135BABB,c6eab0fa-fc9e-a5b9-f72a-12928135babb,97618,,,,,,,2024-02-13,,,,2022-07-19,Closed - Charged-Off Collectible,15,Hive (Participation),0,1
P504929A63794,733ef59b-dabe-fc51-cd1c-504929a63794,97874,,,,,,,2024-02-13,,,,2022-12-04,Closed - Charged-Off Collectible,25,Theorem Prime (Loan Sale),0,1
P4D45F05D50C7,f7c206af-b568-427e-1763-4d45f05d50c7,99505,,,,,,,2024-02-12,,,,2024-01-13,Closed - Charged-Off Collectible,20,Cross River Bank TM; Payoff FBO Alliant Credit Union,1,2
P4282B4301C10,c94a8fff-3f07-5f7c-12e1-4282b4301c10,107626,,,,,,,2024-02-09,,,,2023-04-03,Closed - Charged-Off Collectible,5,First Tech FCU,0,1
PEABD1AF1F55C,b3d8dcac-4e08-5676-5696-eabd1af1f55c,94482,,,,,,,2024-02-09,,,,2023-06-25,Closed - Charged-Off Collectible,18,Michigan State University FCU,0,1
PE12E9DE36633,c78acc51-70c0-fc6c-2244-e12e9de36633,99849,,,,,,,2024-02-09,,,,2023-05-23,Closed - Charged-Off Collectible,20,Cross River Bank TM; Payoff FBO Alliant Credit Union,1,2
P9FD5EEB073A0,f1a9811c-db70-2cfb-d9a4-9fd5eeb073a0,103000,,,,,,,2024-02-07,,,,2021-02-22,Closed - Charged-Off Collectible,5,First Tech FCU,0,1
PA0A6CE55AE2B,ec2c1609-7936-bfd5-7fa6-a0a6ce55ae2b,76497,,,,,,,2024-02-06,,,,2021-06-08,Closed - Charged-Off Collectible,3,Alliant CU,0,1
PA84DF1FBE190,5b28442a-be51-95ac-880d-a84df1fbe190,84007,,,,,,,2024-02-02,,,,2022-12-14,Closed - Charged-Off Collectible,12,GreenState CU,0,1
P46FBB1B94888,5e9541a6-0a28-2a60-ddc3-46fbb1b94888,83505,,,,,,,2024-01-31,,,,2023-01-08,Closed - Charged-Off Collectible,12,GreenState CU,0,1
P91F1AE6726BE,e06285dc-5df3-4f36-20d4-91f1ae6726be,90032,,,,,,,2024-01-31,,,,2023-08-16,Closed - Charged-Off Collectible,16,Blue FCU,0,1
P098BFB5C2B97,2134e233-7dcd-6982-2a9a-098bfb5c2b97,98390,,,,,,,2024-01-31,,,,2023-09-08,Closed - Charged-Off Collectible,20,Cross River Bank TM; Payoff FBO Alliant Credit Union,1,2
P8E9229FBC058,2954a9b5-7384-cb00-d91c-8e9229fbc058,102820,First Party Fraud - Confirmed,1,0,0,0,,2024-01-24,,,,2023-08-15,Closed - Charged-Off Collectible,5,First Tech FCU,0,1
P8D0E69EC06D4,772de713-2268-c528-8835-8d0e69ec06d4,88912,,,,,,,2024-01-24,,,,2023-02-09,Closed - Charged-Off Collectible,3,Alliant CU,0,1
P9CDCE0486BBA,5e406612-707b-624a-b581-9cdce0486bba,85147,,,,,,,2024-01-17,,,,2022-10-24,Closed - Charged-Off Collectible,3,Alliant CU,0,1
P9FC6C66D149E,b1d9c64b-5929-3f87-957b-9fc6c66d149e,78293,,,,,,,2024-01-16,,,,2021-08-22,Closed - Charged-Off Collectible,3,Alliant CU,0,1
P1C33E5CB8807,2ffa4988-740f-82db-3a77-1c33e5cb8807,103874,,,,,,,2024-01-12,,,,2022-11-07,Closed - Charged-Off Collectible,5,First Tech FCU,0,1
PE15EA4720CAA,82312596-3a62-cf00-f9ee-e15ea4720caa,108331,,,,,,,2024-01-12,,,,2022-11-12,Closed - Charged-Off Collectible,5,First Tech FCU,0,1
P2845CB690330,db144778-610d-95d4-9511-2845cb690330,82866,,,,,,,2024-01-11,,,,2022-12-14,Closed - Charged-Off Collectible,3,Alliant CU,0,1
PF4DE5CDBF15E,8b797519-7701-c5af-1aeb-f4de5cdbf15e,97341,,,,,,,2024-01-09,,,,2023-07-26,Closed - Charged-Off Collectible,21,Cross River Bank TP,0,1
PA9B35E1BBECA,4eb2a89f-9584-712d-0f35-a9b35e1bbeca,88029,,,,,,,2024-01-03,,,,2023-11-03,Closed - Charged-Off Collectible,6,Payoff,0,1
PF50F7402D42C,2d726ff4-7c49-2d50-09de-f50f7402d42c,96702,,,,,,,2024-01-03,,,,2022-06-25,Closed - Charged-Off Collectible,21,Cross River Bank TP,0,1
PAB37379E41C9,5d34f9d8-6551-43c5-b639-ab37379e41c9,83513,,,,,,,2023-12-28,,,,2023-05-20,Closed - Charged-Off Collectible,5,First Tech FCU,0,1
P833EE22B363B,ad35fe85-3ba3-40ef-b18e-833ee22b363b,95226,,,,,,,2023-12-27,,,,2023-09-25,Closed - Charged-Off Collectible,3,Alliant CU,0,1
PF488F29613DA,77e2127f-e24b-315c-6441-f488f29613da,95546,First Party Fraud - Confirmed,1,0,0,0,,2023-12-27,,,,2023-08-30,Closed - Charged-Off Collectible,3,Alliant CU,0,1
P0692ABAC90DE,15750c74-cbbc-4de4-bf32-0692abac90de,85858,,,,,,,2023-12-20,,,,2023-01-11,Closed - Charged-Off Collectible,16,Blue FCU,0,1
PA41B4D3ABFB4,3966eeac-eeda-d882-bf69-a41b4d3abfb4,97962,First Party Fraud - Confirmed,1,0,0,0,,2023-12-20,,,,2022-11-03,Closed - Charged-Off Collectible,3,Alliant CU,0,1
P4B2BBCBC6468,608dc55a-6ad6-7999-b67a-4b2bbcbc6468,91314,,,,,,,2023-12-19,,,,2023-01-05,Closed - Charged-Off Collectible,14,USAlliance FCU,0,1
P8219D9CE2128,c80b8ada-65b5-e00a-71e5-8219d9ce2128,98998,,,,,,,2023-12-19,,,,2023-08-05,Closed - Charged-Off Collectible,20,Cross River Bank TM; Payoff FBO Alliant Credit Union,1,2
PCA8D80822498,5eedff1b-c3a7-6788-0b56-ca8d80822498,87916,,,,,,,2023-12-13,,,,2023-07-23,Closed - Charged-Off Collectible,9,Teachers FCU,0,1
P5937F46695CD,08bb6986-c2f6-352c-091d-5937f46695cd,98624,,,,,,,2023-12-12,,,,2024-01-08,Closed - Charged-Off Collectible,20,Cross River Bank TM; Payoff FBO Alliant Credit Union,1,2
P2735C3FE0930,2a10ec7a-d109-fbfe-b957-2735c3fe0930,99816,,,,,,,2023-12-08,,,,2023-02-16,Closed - Charged-Off Collectible,20,Cross River Bank TM; Payoff FBO Alliant Credit Union,1,2
P8C7AC55E6D20,356aca76-78bd-07d5-0082-8c7ac55e6d20,99165,,,,,,,2023-12-07,,,,2023-03-18,Closed - Charged-Off Collectible,21,Cross River Bank TP,0,1
P1111CE51FA94,d9cd8735-d8ef-1980-a300-1111ce51fa94,108730,,,,,,,2023-12-06,,,,2023-05-18,Closed - Charged-Off Collectible,5,First Tech FCU,0,1
P2F932A75EFF0,271c6d0a-43c3-6e08-b692-2f932a75eff0,88847,,,,,,,2023-12-06,,,,2023-05-20,Closed - Charged-Off Collectible,3,Alliant CU,0,1
P66A4B5E8275A,91cf1914-a6b7-3723-4760-66a4b5e8275a,76179,,,,,,,2023-12-05,,,,2022-04-10,Closed - Charged-Off Collectible,6,Payoff,0,1
P9E31A07947A3,233beb82-65c4-ce0a-7a31-9e31a07947a3,112063,,,,,,,2023-11-30,,,,2023-04-24,Closed - Charged-Off Collectible,5,First Tech FCU,0,1
P826BF9FDD1C9,eee0162d-ca72-2626-3f18-826bf9fdd1c9,123576,,,,,,,2023-11-30,,,,2023-06-11,Closed - Charged-Off Collectible,5,First Tech FCU,0,1
P87CE35E15A4B,4d8b7358-9f3e-223f-4d5a-87ce35e15a4b,90615,,,,,,,2023-11-30,,,,2023-04-26,Closed - Charged-Off Collectible,3,Alliant CU,0,1
PD4B755612FDB,527034a5-28d0-4f61-1df0-d4b755612fdb,97358,,,,,,,2023-11-30,,,,2022-07-23,Closed - Charged-Off Collectible,6,Payoff,0,1
P488A30E4D647,19217484-44cd-c6ec-adeb-488a30e4d647,100125,,,,,,,2023-11-29,,,,2024-06-05,Closed - Charged-Off Collectible,15,Hive (Participation),0,1
PF22C5C3F1877,d9f09844-c7aa-7cbf-0df3-f22c5c3f1877,100365,,,,,,,2023-11-29,,,,2023-06-16,Closed - Charged-Off Collectible,20,Cross River Bank TM; Payoff FBO Alliant Credit Union,1,2
P389BD918A0C1,a72fc655-a2b3-3dbf-008a-389bd918a0c1,86206,,,,,,,2023-11-29,,,,2022-07-09,Closed - Charged-Off Collectible,16,Blue FCU,0,1
P8EBB8AA22CB6,760434a4-8370-9c6c-2627-8ebb8aa22cb6,88522,,,,,,,2023-11-29,,,,2022-08-14,Closed - Charged-Off Collectible,3,Alliant CU,0,1
PAA014E461E4F,1605d282-d989-bf8d-496d-aa014e461e4f,98275,,,,,,,2023-11-29,,,,2023-04-01,Closed - Charged-Off Collectible,21,Cross River Bank TP,0,1
PAAE35817ADB2,3dbc043a-ebbc-8c30-40b5-aae35817adb2,85261,,,,,,,2023-11-22,,,,2023-08-09,Closed - Charged-Off Collectible,3,Alliant CU,0,1
P5D86962D576D,c20c63e6-0d71-d547-5899-5d86962d576d,97107,,,,,,,2023-11-22,,,,2022-11-17,Closed - Charged-Off Collectible,15,Hive (Participation),0,1
PB7F1E625DF02,7f62b2ff-159c-875e-3bc3-b7f1e625df02,83698,,,,,,,2023-11-21,,,,2022-06-07,Closed - Charged-Off Collectible,3,Alliant CU,0,1
PA64DECE43BD8,5e3b15e1-4aa7-3df9-3a19-a64dece43bd8,98161,,,,,,,2023-11-21,,,,2023-05-20,Closed - Charged-Off Collectible,21,Cross River Bank TP,0,1
P83C6A05F98DD,233792ec-8654-cdb5-07ed-83c6a05f98dd,102450,,,,,,,2023-11-16,,,,2022-11-25,Closed - Charged-Off Collectible,15,Hive (Participation),0,1
P41E6E3BDFC21,0397abf6-b0ee-e22a-9038-41e6e3bdfc21,94021,,,,,,,2023-11-15,,,,2023-07-24,Closed - Charged-Off Collectible,12,GreenState CU,0,1
P963021F51A06,793b240e-4ae6-40c4-8085-963021f51a06,95439,,,,,,,2023-11-14,,,,2023-09-15,Closed - Charged-Off Collectible,6,Payoff,0,1
P616D4039F74E,46c4d06a-91bf-5f24-dcac-616d4039f74e,84983,,,,,,,2023-11-10,,,,2022-07-26,Closed - Charged-Off Collectible,12,GreenState CU,0,1
PEDE8962A3B61,7fa98154-21f5-d229-5a0d-ede8962a3b61,86907,,,,,,,2023-11-10,,,,2023-12-22,Closed - Charged-Off Collectible,12,GreenState CU,0,1
P75D08B16572D,06cfa151-862e-4ce5-963d-75d08b16572d,123523,,,,,,,2023-11-09,,,,2023-08-07,Closed - Charged-Off Collectible,5,First Tech FCU,0,1
PEEAF9E10EBB2,b7260599-1084-d25e-29c3-eeaf9e10ebb2,75754,,,,,,,2023-11-09,,,,2022-01-26,Closed - Charged-Off Collectible,3,Alliant CU,0,1
P233C34EBEF17,9cf963eb-9297-a85b-c6a9-233c34ebef17,84249,,,,,,,2023-11-09,,,,2022-12-25,Closed - Charged-Off Collectible,6,Payoff,0,1
PBB58B4003FD8,efa2708a-7cda-2329-3d98-bb58b4003fd8,93031,,,,,,,2023-11-08,,,,2023-08-22,Closed - Charged-Off Collectible,3,Alliant CU,0,1
P7C37CC5B0955,a837c443-a595-ea81-231b-7c37cc5b0955,93226,,,,,,,2023-11-07,,,,2023-11-29,Closed - Charged-Off Collectible,3,Alliant CU,0,1
P6949C20ADB54,664bf386-d2e0-9f4f-8346-6949c20adb54,83357,,,,,,,2023-11-06,,,,2021-07-24,Closed - Charged-Off Collectible,5,First Tech FCU,0,1
P5AEE1E0E6D25,7c171da2-4dbd-ab61-7ab4-5aee1e0e6d25,116466,First Party Fraud - Confirmed,1,0,0,0,Declined,2023-10-31,2024-12-23,,,2023-07-09,Closed - Charged-Off Collectible,5,First Tech FCU,0,1
P2F106861428F,0b907995-10c6-6bc1-11bd-2f106861428f,98254,,,,,,,2023-10-31,,,,2022-12-13,Closed - Charged-Off Collectible,21,Cross River Bank TP,0,1
P240BC33CFDD2,572073b7-b718-5ee6-e8aa-240bc33cfdd2,85211,,,,,,,2023-10-23,,,,2023-02-12,Closed - Charged-Off Collectible,16,Blue FCU,0,1
P91F4FE5D8D5F,756ba373-ea59-6698-ea96-91f4fe5d8d5f,99542,,,,,,,2023-10-17,,,,2023-10-08,Closed - Charged-Off Collectible,20,Cross River Bank TM; Payoff FBO Alliant Credit Union,1,2
PE685D84C4D8A,361c774c-56ce-292f-3a0f-e685d84c4d8a,97823,,,,,,,2023-10-16,,,,2023-03-31,Closed - Charged-Off Collectible,25,Theorem Prime (Loan Sale),0,1
P19B343FFE92B,0886fe20-3bfe-60be-babb-19b343ffe92b,111679,,,,,,,2023-10-11,,,,2022-10-04,Closed - Charged-Off Collectible,5,First Tech FCU,0,1
P748AF67FA3D6,a2d4d65f-2e2b-2563-5249-748af67fa3d6,86530,,,,,,,2023-10-11,,,,2023-06-15,Closed - Charged-Off Collectible,3,Alliant CU,0,1
PD81C9DFA0FB3,9b9f1c40-5cc5-2c5c-ccf1-d81c9dfa0fb3,89611,,,,,,,2023-10-11,,,,2022-11-24,Closed - Charged-Off Collectible,14,USAlliance FCU,0,1
P399F15A1A031,c0a1fdb7-9d1c-2fc6-c2d9-399f15a1a031,86486,,,,,,,2023-10-10,,,,2022-12-25,Closed - Charged-Off Collectible,14,USAlliance FCU,0,1
PD8F859DC0E74,9693e5f2-603d-f30d-7c7f-d8f859dc0e74,89593,,,,,,,2023-10-10,,,,2023-04-26,Closed - Charged-Off Collectible,3,Alliant CU,0,1
P3081B05094E5,b05d2654-19fc-2b26-4af2-3081b05094e5,75052,,,,,,,2023-10-06,,,,,Open - Repaying,3,Alliant CU,0,1
P8E7C66AEB4E9,fec12f57-bcaf-3aad-60db-8e7c66aeb4e9,85782,,,,,,,2023-10-06,,,,2022-09-18,Closed - Charged-Off Collectible,3,Alliant CU,0,1
PC1A93EBB8BD3,7aadd8f4-7e53-3b7f-1cc5-c1a93ebb8bd3,87874,,,,,,,2023-10-06,,,,2022-10-14,Closed - Charged-Off Collectible,12,GreenState CU,0,1
P4872E4F8D7F2,5a3d51ce-0b5d-d898-45bc-4872e4f8d7f2,98193,,,,,,,2023-10-06,,,,2023-06-25,Closed - Charged-Off Collectible,21,Cross River Bank TP,0,1
P817B00E89DDD,22c72c6d-a775-586b-2edd-817b00e89ddd,89670,,,,,,,2023-09-26,,,,2022-12-30,Closed - Charged-Off Collectible,25,Theorem Prime (Loan Sale),0,1
P6ED2825A8537,778057ec-fdcf-2ae5-9abc-6ed2825a8537,89936,,,,,,,2023-09-25,,,,2023-02-10,Closed - Charged-Off Collectible,3,Alliant CU,0,1
P140E143CD8E0,b922a869-2c8b-6acf-cdfc-140e143cd8e0,93598,,,,,,,2023-09-12,,,,2023-05-12,Closed - Charged-Off Collectible,6,Payoff,0,1
PF14CEA86BFA8,044476cf-f3a0-a648-39df-f14cea86bfa8,75051,,,,,,,2023-07-17,,,2025-04-27,,Paid Off - Paid In Full,3,Alliant CU,0,1
PE9311B7EE909,d8f6986a-3382-bb46-f4fa-e9311b7ee909,87620,First Party Fraud - Confirmed,1,0,0,0,,2023-07-17,,,,2022-05-18,Closed - Charged-Off Collectible,6,Payoff,0,1
P75E3239A7DA9,ca4a4603-50ae-b6f7-2420-75e3239a7da9,102613,,,,,,,2023-05-25,,,,2022-05-01,Closed - Charged-Off Collectible,21,Cross River Bank TP,0,1
P90BEC0E73224,79b25385-cb01-831f-6f66-90bec0e73224,91138,,,,,,,2023-05-18,,,,2023-01-29,Closed - Charged-Off Collectible,14,USAlliance FCU,0,1
P53C0DE710382,a2e2ec18-f0c3-38ce-ab8c-53c0de710382,102616,,,,,,,2023-04-19,,,,2022-06-21,Closed - Charged-Off Collectible,21,Cross River Bank TP,0,1
PB9685A4527C2,5f7889f0-ab18-ede2-4949-b9685a4527c2,111064,,,,,,,2023-03-29,,,,2022-08-07,Closed - Charged-Off Collectible,5,First Tech FCU,0,1
P4ECDF69D73D1,cdfba560-9251-5241-e9f0-4ecdf69d73d1,94279,,,,,,,2023-03-29,,,,2023-08-05,Closed - Charged-Off Collectible,6,Payoff,0,1
P494A10F91E86,a4e189c0-36c5-5c1e-722f-494a10f91e86,98162,,,,,,,2023-03-29,,,,2022-09-17,Closed - Charged-Off Collectible,21,Cross River Bank TP,0,1
PC92463D07B2B,d743a093-cdba-c9f3-af5c-c92463d07b2b,91590,,,,,,,2023-02-09,,,,2023-01-13,Closed - Charged-Off Collectible,6,Payoff,0,1
P01083A54C606,29bab9c9-1cd9-dd86-4644-01083a54c606,98474,,,,,,,2023-02-08,,,,2022-11-15,Closed - Charged-Off Collectible,20,Cross River Bank TM; Payoff FBO Alliant Credit Union,1,2
P0F75AF9B7CFC,4ff88b08-ea15-243d-cf15-0f75af9b7cfc,88443,,,,,,,2022-12-28,,,,2022-06-26,Closed - Charged-Off Collectible,3,Alliant CU,0,1
PDDA9621D65EE,d718dd27-7076-8a4b-4b74-dda9621d65ee,120523,,,,,,,2022-12-15,,,,2023-01-16,Closed - Charged-Off Collectible,5,First Tech FCU,0,1
P27F1753A7AEE,67dc5af7-0e79-08e0-4438-27f1753a7aee,88883,,,,,,,2022-12-15,,,,2022-10-29,Closed - Charged-Off Collectible,14,USAlliance FCU,0,1
PC25319A5124A,52fd15b6-5d09-0dbf-8e94-c25319a5124a,96608,,,,,,,2022-10-18,,,,2022-05-01,Closed - Charged-Off Collectible,3,Alliant CU,0,1
PB800495027B6,77e6bc40-4385-f537-a3ec-b800495027b6,88856,,,,,,,2022-08-09,,,,2022-10-29,Closed - Charged-Off Collectible,14,USAlliance FCU,0,1
P689B356DFFFD,47e92389-8a37-cbaa-976b-689b356dfffd,88087,,,,,,,2022-01-19,,,,2021-12-23,Closed - Charged-Off Collectible,12,GreenState CU,0,1
P96E8863CC6DE,62a96aff-cc43-502a-31e3-96e8863cc6de,100126,Fraud - Declined,0,0,1,0,Declined,,2025-02-15,,,2024-02-08,Closed - Charged-Off Collectible,15,Hive (Participation),0,1
P47DD9B5500FA,50938cea-5e09-a422-5475-47dd9b5500fa,100375,Fraud - Declined,0,0,1,0,Declined,,2025-01-19,,,2024-12-03,Closed - Charged-Off Collectible,20,Cross River Bank TM; Payoff FBO Alliant Credit Union,1,2
P274D2A4AD52E,4190a3ff-b377-4a32-889a-274d2a4ad52e,101328,Fraud - Declined,0,0,1,0,Declined,,2025-01-04,,,2021-01-13,Closed - Charged-Off Collectible,17,Veridian CU,0,1
P5E5A4EE4B0C7,8245c840-5aa9-4115-baa5-5e5a4ee4b0c7,101465,First Party Fraud - Confirmed,1,0,0,0,,,,,,2020-06-01,Closed - Charged-Off Collectible,17,Veridian CU,0,1
PC4E7AB2DB517,191ba912-70b2-40dc-8357-c4e7ab2db517,101821,Fraud - Declined,0,0,1,0,Declined,,2025-01-06,,,2020-05-26,Closed - Charged-Off Collectible,17,Veridian CU,0,1
P383082E24185,269f344e-3e76-4ce3-94dc-383082e24185,102064,First Party Fraud - Confirmed,1,0,0,0,,,,,,2019-10-24,Closed - Charged-Off Collectible,17,Veridian CU,0,1
PFFDF6935B167,0fce47b5-4cc4-408c-a66e-ffdf6935b167,102083,Fraud - Declined,0,0,1,0,Declined,,2025-01-28,,,2019-09-25,Closed - Charged-Off Collectible,17,Veridian CU,0,1
PFFDD82797573,4f63cd63-ec3a-409b-9a97-ffdd82797573,102325,First Party Fraud - Confirmed,1,0,0,0,,,,,,2020-04-06,Closed - Charged-Off Collectible,17,Veridian CU,0,1
P0D14C19FE27F,97267e74-d368-af3e-a009-0d14c19fe27f,102721,First Party Fraud - Confirmed,1,0,0,0,Declined,,2024-12-23,,,2021-10-14,Closed - Charged-Off Collectible,5,First Tech FCU,0,1
P1A8130BE7CCB,f5d65ced-ce97-0062-c68c-1a8130be7ccb,102841,Fraud - Declined,0,0,1,0,Declined,,2024-12-24,,,2023-03-25,Closed - Charged-Off Collectible,3,Alliant CU,0,1
P2237CEE88A44,4421a97f-757f-9b4b-4a8c-2237cee88a44,103038,First Party Fraud - Confirmed,1,0,0,0,,,,,,2020-12-15,Closed - Charged-Off Collectible,5,First Tech FCU,0,1
P0765562E7A22,a1ca3712-89e8-5f7a-09a2-0765562e7a22,103168,First Party Fraud - Confirmed,1,0,0,0,,,,,,2023-02-09,Closed - Charged-Off Collectible,3,Alliant CU,0,1
P62DE3A0617BF,d0bb6da0-d5cf-deb1-aa91-62de3a0617bf,103263,First Party Fraud - Confirmed,1,0,0,0,,,,,,2023-01-14,Closed - Charged-Off Collectible,3,Alliant CU,0,1
P28AE64863DE2,8cc9d2ce-acf0-13d4-eb29-28ae64863de2,103401,First Party Fraud - Confirmed,1,0,0,0,,,,,,2024-05-16,Closed - Charged-Off Collectible,5,First Tech FCU,0,1
PC82F06C731A2,6272aefb-2f88-0ef0-a613-c82f06c731a2,103591,Fraud - Declined,0,0,1,0,Declined,,2024-12-22,,,2021-09-18,Closed - Charged-Off Collectible,5,First Tech FCU,0,1
P395468DD6EEC,5092fa75-14f2-5e58-745c-395468dd6eec,104111,First Party Fraud - Confirmed,1,0,0,0,,,,,,2023-07-07,Closed - Charged-Off Collectible,5,First Tech FCU,0,1
P0BE7C210B77C,8aca4817-1b69-488d-af14-0be7c210b77c,104310,Fraud - Declined,0,0,1,0,Declined,,2025-01-24,,,2022-01-17,Closed - Charged-Off Collectible,3,Alliant CU,0,1
P01549F11937E,8f02e1c7-768c-9a08-4d19-01549f11937e,105013,Fraud - Declined,0,0,1,0,Declined,,2025-01-29,,,2023-06-25,Closed - Charged-Off Collectible,5,First Tech FCU,0,1
P4230D5F94FFB,bef306de-9761-3e57-6db2-4230d5f94ffb,105134,First Party Fraud - Confirmed,1,0,0,0,,,,,,2023-08-26,Closed - Charged-Off Collectible,9,Teachers FCU,0,1
PEF7020B6C07F,e7a7980c-5bfd-9c9e-61ac-ef7020b6c07f,105144,Fraud - Declined,0,0,1,0,Declined,,2025-01-16,,,2022-10-29,Closed - Charged-Off Collectible,5,First Tech FCU,0,1
P88EB6E8239F7,12c30195-10c8-dc1b-bdc9-88eb6e8239f7,105228,Fraud - Declined,0,0,1,0,Declined,,2025-02-01,,,2022-09-16,Closed - Charged-Off Collectible,5,First Tech FCU,0,1
PD570845FD192,2528495e-add5-4743-4984-d570845fd192,105297,First Party Fraud - Confirmed,1,0,0,0,,,,,,2021-12-14,Closed - Charged-Off Collectible,5,First Tech FCU,0,1
P8A6699AA4658,555f0faf-acfc-4b1c-9609-8a6699aa4658,106006,First Party Fraud - Confirmed,1,0,0,0,,,,,,2023-05-20,Closed - Charged-Off Collectible,3,Alliant CU,0,1
P9E10A52595D0,74959a7e-7fa8-4a19-b7a5-9e10a52595d0,106184,Fraud - Declined,0,0,1,0,Confirmed,,2025-02-13,,,2020-01-02,Closed - Charged-Off Collectible,3,Alliant CU,0,1
P2B186ABBE039,1aa3efef-b7c6-b784-2ad6-2b186abbe039,106292,First Party Fraud - Confirmed,1,0,0,0,,,,,,2024-03-21,Closed - Charged-Off Collectible,5,First Tech FCU,0,1
PFFA93B082AC0,efa070b5-e38c-4853-8071-ffa93b082ac0,106338,Fraud - Declined,0,0,1,0,Declined,,2024-12-27,,,2020-11-30,Closed - Charged-Off Collectible,17,Veridian CU,0,1
PFC0588C1D1D8,48ca7c04-0749-4376-9d80-fc0588c1d1d8,106502,,,,,,Declined,,,,,2020-10-09,Closed - Charged-Off Collectible,5,First Tech FCU,0,1
PBD02CB0F714F,e35cb7e2-7e77-5010-698e-bd02cb0f714f,106564,First Party Fraud - Confirmed,1,0,0,0,,,,,,2023-04-26,Closed - Charged-Off Collectible,3,Alliant CU,0,1
PAE9CC1F9735E,4fa00bac-812d-46de-921f-ae9cc1f9735e,106675,Fraud - Declined,0,0,1,0,Declined,,2024-12-28,,,2020-07-16,Closed - Charged-Off Collectible,3,Alliant CU,0,1
P7D3FA43A4D87,8d37b9c8-dc17-4c46-b02b-7d3fa43a4d87,106864,First Party Fraud - Confirmed,1,0,0,0,,,,,,2022-05-19,Closed - Charged-Off Collectible,5,First Tech FCU,0,1
P9A965BA26B0C,e05f86e7-3cd8-22f2-03cd-9a965ba26b0c,106868,Fraud - Declined,0,0,1,0,Declined,,2025-01-25,,,2022-06-19,Closed - Charged-Off Collectible,3,Alliant CU,0,1
P17CD93385ADD,9129d9b8-f34f-3b8b-41c6-17cd93385add,106870,First Party Fraud - Confirmed,1,0,0,0,,,,,,2022-03-19,Closed - Charged-Off Collectible,5,First Tech FCU,0,1
PFAC131C772A3,5a43dbcd-7a81-fca1-8408-fac131c772a3,107012,First Party Fraud - Confirmed,1,0,0,0,,,,,,2021-12-13,Closed - Charged-Off Collectible,3,Alliant CU,0,1
P74328E98166D,799769ba-36bb-8c62-97ca-74328e98166d,107108,First Party Fraud - Confirmed,1,0,0,0,,,,,,2021-07-08,Closed - Charged-Off Collectible,3,Alliant CU,0,1
P6ED89D9BF79D,bab7c6d9-be10-4021-9c3c-6ed89d9bf79d,107153,Fraud - Declined,0,0,1,0,Declined,,2025-01-15,,,2021-09-26,Closed - Charged-Off Collectible,3,Alliant CU,0,1
P399857D1AC26,87dbb214-2fa4-e10a-ba32-399857d1ac26,108165,Fraud - Declined,0,0,1,0,Declined,,2024-12-22,,,2023-07-05,Closed - Charged-Off Collectible,5,First Tech FCU,0,1
P0D7D603F6C0A,74580480-97bb-cf01-802a-0d7d603f6c0a,108357,Fraud - Declined,0,0,1,0,Declined,,2025-02-08,,,2023-03-17,Closed - Charged-Off Collectible,3,Alliant CU,0,1
PABD7BFE05BC9,0d24883b-0b32-99fa-753f-abd7bfe05bc9,108376,Fraud - Declined,0,0,1,0,Declined,,2025-01-10,,,2022-01-16,Closed - Charged-Off Collectible,9,Teachers FCU,0,1
P9150791CC81A,4276adb3-1746-7844-d528-9150791cc81a,108449,First Party Fraud - Confirmed,1,0,0,0,,,,,,2023-03-06,Closed - Charged-Off Collectible,3,Alliant CU,0,1
PB6E2E92E70CC,248c65cc-4899-dc8d-4c14-b6e2e92e70cc,108644,Fraud - Declined,0,0,1,0,Declined,,2024-12-28,,,2024-04-14,Closed - Charged-Off Collectible,5,First Tech FCU,0,1
P243ADE0A7972,d3d391d7-2060-98b1-9e32-243ade0a7972,109100,Fraud - Declined,0,0,1,0,Declined,,2025-01-26,,,2022-05-01,Closed - Charged-Off Collectible,3,Alliant CU,0,1
P964EF23392E7,7f22a02e-9f32-e27a-4ce4-964ef23392e7,109263,Fraud - Declined,0,0,1,0,Declined,,2025-02-04,,,2022-08-08,Closed - Charged-Off Collectible,3,Alliant CU,0,1
PF186A300D233,f3e090a4-2ed5-50a9-4cb3-f186a300d233,110093,First Party Fraud - Confirmed,1,0,0,0,,,,,,2023-11-24,Closed - Charged-Off Collectible,3,Alliant CU,0,1
P429301594B9C,73ad4e6a-751b-7dc7-a773-429301594b9c,110201,First Party Fraud - Confirmed,1,0,0,0,,,,,,2024-01-30,Closed - Charged-Off Collectible,5,First Tech FCU,0,1
PF989E2B47068,c253e3e8-12ff-63a0-f7fd-f989e2b47068,110398,Fraud - Declined,0,0,1,0,Declined,,2024-12-25,,,2024-01-08,Closed - Charged-Off Collectible,5,First Tech FCU,0,1
P47ACCF378876,f8914dc5-8ab1-29d7-046f-47accf378876,110680,Fraud - Declined,0,0,1,0,Declined,,2025-01-01,,,2023-04-18,Closed - Charged-Off Collectible,3,Alliant CU,0,1
PB9AC746FFF49,265c880a-a865-0bf2-e2fe-b9ac746fff49,110741,First Party Fraud - Confirmed,1,0,0,0,,,,,,2023-02-25,Closed - Charged-Off Collectible,17,Veridian CU,0,1
P6C2529520B3B,156a841d-ab0a-619e-4ef9-6c2529520b3b,110810,Fraud - Declined,0,0,1,0,Declined,,2025-01-07,,,2023-06-29,Closed - Charged-Off Collectible,3,Alliant CU,0,1
P457A83C66696,e29c0a8f-818a-09f6-7640-457a83c66696,110817,Fraud - Declined,0,0,1,0,Declined,,2024-12-21,,,2022-08-06,Closed - Charged-Off Collectible,12,GreenState CU,0,1
PD0E3E9DF0B37,620252c5-ad6d-b55f-6552-d0e3e9df0b37,110865,Fraud - Declined,0,0,1,0,Declined,,2025-01-27,,,2022-06-29,Closed - Charged-Off Collectible,5,First Tech FCU,0,1
PD4F4B3048A7D,8eece12d-d949-0a9d-980f-d4f4b3048a7d,111212,First Party Fraud - Confirmed,1,0,0,0,,,,,,2023-07-13,Closed - Charged-Off Collectible,17,Veridian CU,0,1
PCFC7B933A42A,a80192de-e312-a325-36dd-cfc7b933a42a,111672,Fraud - Declined,0,0,1,0,Declined,,2025-01-14,,,2023-07-04,Closed - Charged-Off Collectible,5,First Tech FCU,0,1
P80D95B569512,cfa855fa-7493-1bbe-d218-80d95b569512,112040,Fraud - Declined,0,0,1,0,Declined,,2025-02-09,,,2023-05-24,Closed - Charged-Off Collectible,16,Blue FCU,0,1
P2711EDE213F2,82044610-08d6-e6ec-1d2c-2711ede213f2,112375,Fraud - Declined,0,0,1,0,Declined,,2025-01-25,,,2023-09-18,Closed - Charged-Off Collectible,5,First Tech FCU,0,1
P6976D92637FE,cb5fe4bd-3919-8906-117a-6976d92637fe,112790,First Party Fraud - Confirmed,1,0,0,0,,,,,,2023-08-13,Closed - Charged-Off Collectible,17,Veridian CU,0,1
P3527DAABCFAA,63c1dcd7-fe75-ef4f-87b9-3527daabcfaa,112918,Fraud - Declined,0,0,1,0,Declined,,2025-01-05,,,2022-09-04,Closed - Charged-Off Collectible,3,Alliant CU,0,1
PFE377078DFAA,333157bb-e696-5ec3-1da1-fe377078dfaa,113165,First Party Fraud - Confirmed,1,0,0,0,,,,,,2023-02-23,Closed - Charged-Off Collectible,12,GreenState CU,0,1
P907667368096,ece940e9-0e03-fa89-7fa9-907667368096,113362,Fraud - Declined,0,0,1,0,Declined,,2025-01-05,,,2022-11-08,Closed - Charged-Off Collectible,3,Alliant CU,0,1
P3B171993E346,8ef99256-cfd7-0c13-fe0e-3b171993e346,113557,Fraud - Declined,0,0,1,0,Declined,,2025-02-14,,,2022-12-24,Closed - Charged-Off Collectible,12,GreenState CU,0,1
PE490DA7B919A,6a25b60e-269e-a35f-0388-e490da7b919a,113825,,,,,,Declined,,,,,2022-10-13,Closed - Charged-Off Collectible,12,GreenState CU,0,1
P91216675C1AF,ef1e0a19-b258-d05c-03db-91216675c1af,114039,First Party Fraud - Confirmed,1,0,0,0,,,,,,2022-11-29,Closed - Charged-Off Collectible,3,Alliant CU,0,1
P2DB8F446043D,28e54c07-1b62-d900-16f1-2db8f446043d,114380,First Party Fraud - Confirmed,1,0,0,0,,,,,,2022-12-24,Closed - Charged-Off Collectible,5,First Tech FCU,0,1
P44D3D4A47637,6c6aa6df-82b1-6f65-045a-44d3d4a47637,114475,Fraud - Declined,0,0,1,0,Declined,,2024-12-27,,,2024-04-07,Closed - Charged-Off Collectible,3,Alliant CU,0,1
P8B7B48452E25,7dcfcd84-f57e-0419-42b2-8b7b48452e25,114678,Fraud - Declined,0,0,1,0,Declined,,2025-01-14,,,2023-03-12,Closed - Charged-Off Collectible,3,Alliant CU,0,1
P5D4568C2FCE0,756303ef-c5c4-1cef-cdca-5d4568c2fce0,114690,First Party Fraud - Confirmed,1,0,0,0,,,,,,2023-05-01,Closed - Charged-Off Collectible,18,Michigan State University FCU,0,1
PE97E1690293C,b5cc977d-2bd3-dd0b-0292-e97e1690293c,114955,Fraud - Declined,0,0,1,0,Declined,,2025-01-31,,,2023-11-10,Closed - Charged-Off Collectible,3,Alliant CU,0,1
PEE69530385D8,3a985e8a-789a-1e64-47ec-ee69530385d8,115453,Fraud - Declined,0,0,1,0,Declined,,2025-01-14,,,2023-08-18,Closed - Charged-Off Collectible,12,GreenState CU,0,1
P83C15CDCC9CB,6613aae0-0c66-fecd-343e-83c15cdcc9cb,115661,First Party Fraud - Confirmed,1,0,0,0,,,,,,2023-02-15,Closed - Charged-Off Collectible,18,Michigan State University FCU,0,1
P8C16FEB6FCC3,885fc04e-f8aa-7328-6ece-8c16feb6fcc3,115923,Fraud - Declined,0,0,1,0,Declined,,2024-12-24,,,2023-04-25,Closed - Charged-Off Collectible,3,Alliant CU,0,1
P37F4986804A4,fdfaee27-73ec-e6bb-d69f-37f4986804a4,116509,Fraud - Declined,0,0,1,0,Declined,,2025-01-27,,,2024-04-10,Closed - Charged-Off Collectible,3,Alliant CU,0,1
PD4D8A6B173B3,2f22908e-bb8e-e583-18e8-d4d8a6b173b3,116748,Fraud - Declined,0,0,1,0,Declined,,2025-02-10,,,2023-08-22,Closed - Charged-Off Collectible,3,Alliant CU,0,1
PEB6085B2E6CC,35202c3e-aeaa-03ec-fca8-eb6085b2e6cc,116810,Fraud - Declined,0,0,1,0,Declined,,2025-01-06,,,2023-12-18,Closed - Charged-Off Collectible,3,Alliant CU,0,1
PE7FAA4A0C1AE,ec8388d9-8734-b0b8-b9b6-e7faa4a0c1ae,116955,,,,,,Declined,,,,,2023-02-22,Closed - Charged-Off Collectible,3,Alliant CU,0,1
P9299FAA50A89,1fa0ee83-a0b7-8c5a-4f68-9299faa50a89,117101,Fraud - Declined,0,0,1,0,Declined,,2025-02-15,,,2023-01-29,Closed - Charged-Off Collectible,3,Alliant CU,0,1
P1CE63B6F87F7,e73d8257-7a4a-4d2e-ab4a-1ce63b6f87f7,117295,Fraud - Declined,0,0,1,0,Declined,,2025-01-21,,,2024-02-14,Closed - Charged-Off Collectible,5,First Tech FCU,0,1
PD5B1AF40DD7B,a20b0fb6-b4ba-2408-6d23-d5b1af40dd7b,117847,Fraud - Declined,0,0,1,0,Declined,,2025-01-27,,,2022-11-20,Closed - Charged-Off Collectible,16,Blue FCU,0,1
P4E95ADAA173C,777e6455-0bd4-07be-ef00-4e95adaa173c,118364,Fraud - Declined,0,0,1,0,Declined,,2025-02-03,,,2024-05-15,Closed - Charged-Off Collectible,3,Alliant CU,0,1
P18A426A18605,85e650f9-ccd9-dddc-c343-18a426a18605,118437,Fraud - Declined,0,0,1,0,Declined,,2024-12-20,,,2023-01-05,Closed - Charged-Off Collectible,3,Alliant CU,0,1
P97A8AD1BF272,b1152c3e-d58e-ca7a-bc00-97a8ad1bf272,118485,First Party Fraud - Confirmed,1,0,0,0,,,,,,2024-03-06,Closed - Charged-Off Collectible,5,First Tech FCU,0,1
PAE6E50E8BB22,5fbcff88-e70f-84de-fb95-ae6e50e8bb22,118816,Fraud - Declined,0,0,1,0,Declined,,2025-02-04,,,2023-08-11,Closed - Charged-Off Collectible,3,Alliant CU,0,1
P181F154EA611,714c658e-c6ff-e175-3c87-181f154ea611,118914,Fraud - Declined,0,0,1,0,Declined,,2025-01-05,,,2024-05-14,Closed - Charged-Off Collectible,3,Alliant CU,0,1
P4E783A0E8300,a71df10a-45b0-6ba3-74e5-4e783a0e8300,118990,Fraud - Declined,0,0,1,0,Declined,,2025-01-13,,,2023-04-25,Closed - Charged-Off Collectible,3,Alliant CU,0,1
P0F0570BC57C4,24010984-edc5-f927-0e42-0f0570bc57c4,119609,First Party Fraud - Confirmed,1,0,0,0,,,,,,2023-07-10,Closed - Charged-Off Collectible,20,Cross River Bank TM; Payoff FBO Alliant Credit Union,1,2
P15F8E32E63AC,bc3ec53a-d6c8-1002-e5ce-15f8e32e63ac,119756,Fraud - Declined,0,0,1,0,Declined,,2024-12-21,,,2024-01-31,Closed - Charged-Off Collectible,5,First Tech FCU,0,1
P2F827A7B9E6A,ca0630ff-5645-ddfb-ca45-2f827a7b9e6a,120007,First Party Fraud - Confirmed,1,0,0,0,,,,,,2024-06-09,Closed - Charged-Off Collectible,3,Alliant CU,0,1
PDBAA45EDF624,ac754623-21c4-c3be-2709-dbaa45edf624,120250,First Party Fraud - Confirmed,1,0,0,0,,,,,,2023-10-10,Closed - Charged-Off Collectible,3,Alliant CU,0,1
P3A9BB9F087C6,0f29f4e7-bc49-f2a4-02cc-3a9bb9f087c6,120592,Fraud - Declined,0,0,1,0,Declined,,2025-01-28,,,2023-11-20,Closed - Charged-Off Collectible,5,First Tech FCU,0,1
P2E7526F8B223,ffb877a7-7421-340f-bb55-2e7526f8b223,120681,Fraud - Declined,0,0,1,0,Declined,,2025-01-12,,,2023-12-26,Closed - Charged-Off Collectible,3,Alliant CU,0,1
P0D05EA6F3A04,12188114-a674-9b5b-308c-0d05ea6f3a04,121007,First Party Fraud - Confirmed,1,0,0,0,,,,,,2023-03-31,Closed - Charged-Off Collectible,3,Alliant CU,0,1
P75FA73EAF787,089f0b55-9905-5a99-1326-75fa73eaf787,121384,Fraud - Declined,0,0,1,0,Declined,,2024-12-29,,,2023-05-14,Closed - Charged-Off Collectible,3,Alliant CU,0,1
P53C3052EBE2C,58da707e-2919-8165-f57b-53c3052ebe2c,121702,First Party Fraud - Confirmed,1,0,0,0,,,,,,2023-08-20,Closed - Charged-Off Collectible,3,Alliant CU,0,1
P70B53570E166,7c990f23-9dc9-0a6b-20b9-70b53570e166,121773,Fraud - Declined,0,0,1,0,Declined,,2025-01-31,,,2024-01-24,Closed - Charged-Off Collectible,3,Alliant CU,0,1
PF9B16D05464A,0427c8b6-fd7f-e80a-0c9e-f9b16d05464a,122164,Fraud - Declined,0,0,1,0,Declined,,2025-02-15,,,2023-06-12,Closed - Charged-Off Collectible,18,Michigan State University FCU,0,1
P795FD061B549,ad91728d-2a14-3382-e8c6-795fd061b549,122222,Fraud - Declined,0,0,1,0,Declined,,2025-01-17,,,2024-02-18,Closed - Charged-Off Collectible,3,Alliant CU,0,1
P840A4FBD5C92,fbab17c0-ad75-f605-c9bc-840a4fbd5c92,122523,Fraud - Declined,0,0,1,0,Declined,,2025-02-01,,,2024-04-13,Closed - Charged-Off Collectible,3,Alliant CU,0,1
P3FE4F262ACFE,a2e1bd9e-2c9d-9cfb-0940-3fe4f262acfe,123126,First Party Fraud - Confirmed,1,0,0,0,,,,,,2024-02-22,Closed - Charged-Off Collectible,3,Alliant CU,0,1
P0F29BDF063E3,26e5b579-8066-91c9-66de-0f29bdf063e3,123187,Fraud - Declined,0,0,1,0,Declined,,2025-01-03,,,2024-10-13,Closed - Charged-Off Collectible,5,First Tech FCU,0,1
P2311657884D4,48c6e5e4-7444-432a-a715-2311657884d4,123238,First Party Fraud - Confirmed,1,0,0,0,,,,,,2024-03-15,Closed - Charged-Off Collectible,3,Alliant CU,0,1
P49858884CEEA,aa5ff3a3-bda8-405f-849d-49858884ceea,123431,Fraud - Declined,0,0,1,0,Declined,,2024-12-22,,,2023-09-25,Closed - Charged-Off Collectible,3,Alliant CU,0,1
P55DF9C7A488F,14735903-4826-f31c-904a-55df9c7a488f,123587,Fraud - Declined,0,0,1,0,Declined,,2025-01-16,,,2023-12-03,Closed - Charged-Off Collectible,5,First Tech FCU,0,1
PDECE1E3454E9,4d30a07c-f878-492e-b04e-dece1e3454e9,123746,Fraud - Declined,0,0,1,0,Declined,,2025-01-19,,,2024-01-29,Closed - Charged-Off Collectible,5,First Tech FCU,0,1
PC779E84EC4EB,a0d48a9f-7842-4a27-97b4-c779e84ec4eb,123800,First Party Fraud - Confirmed,1,0,0,0,Declined,,2025-01-20,,,2023-10-29,Closed - Charged-Off Collectible,3,Alliant CU,0,1
PC28C32274188,3d738e15-6237-4bb3-9286-c28c32274188,124177,First Party Fraud - Confirmed,1,0,0,0,,,,,,2024-05-24,Closed - Charged-Off Collectible,3,Alliant CU,0,1
PFE12CCE4796E,03ffdcf3-de3f-96a7-2501-fe12cce4796e,124239,First Party Fraud - Confirmed,1,0,0,0,,,,,,2024-08-29,Closed - Charged-Off Collectible,5,First Tech FCU,0,1
P95A9C842C1EA,ad9d5436-49c1-acae-0c48-95a9c842c1ea,125027,First Party Fraud - Confirmed,1,0,0,0,,,,,,2023-08-31,Closed - Charged-Off Collectible,3,Alliant CU,0,1
P50D303949559,62db20d0-6f2e-8c4b-9d20-50d303949559,125114,Fraud - Declined,0,0,1,0,Declined,,2025-02-15,,,2024-02-13,Closed - Charged-Off Collectible,3,Alliant CU,0,1
P0F2CE887DC34,6668731c-217f-4ac6-8eec-0f2ce887dc34,125971,Fraud - Declined,0,0,1,0,Declined,,2025-01-13,,,,Paid Off - Paid In Full,3,Alliant CU,0,1
P0B2F068D8363,d574d549-423e-45c3-9821-0b2f068d8363,125972,Fraud - Declined,0,0,1,0,Declined,,2025-01-13,,2017-10-05,,Paid Off - Paid In Full,2,Consumer Loan Trust; Payoff Consumer Credit Income Fund I LP,1,2
PB90EF7067024,b6553cb4-17ca-2652-37e4-b90ef7067024,126054,Fraud - Declined,0,0,1,0,Declined,,2025-01-17,,,,Paid Off - Paid In Full,5,First Tech FCU,0,1
P2D0D4B46174A,2580c027-f820-519d-0155-2d0d4b46174a,126205,Fraud - Declined,0,0,1,0,Declined,,2025-01-26,,,,Paid Off - Paid In Full,3,Alliant CU,0,1
PE3BD27A85411,6c8688bf-1d5d-ab45-b529-e3bd27a85411,126360,Fraud - Declined,0,0,1,0,Declined,,2025-01-30,,2022-09-19,,Paid Off - Paid In Full,15,Hive (Participation),0,1
P9CF087513E26,038880a8-08be-ef53-a242-9cf087513e26,126361,Fraud - Declined,0,0,1,0,Declined,,2025-01-30,,2023-12-24,,Paid Off - Paid In Full,5,First Tech FCU,0,1
PA9BB594C087C,afeea002-cb78-478f-bf4a-a9bb594c087c,15854,Fraud - Declined,0,0,1,0,Declined,,2024-11-15,,2025-06-15,,Paid Off - Paid In Full,18,Michigan State University FCU,0,1
HM7750B4FF29E0,82b35c45-99e8-435a-afa1-7750b4ff29e0,194440,Fraud - Pending Investigation,0,0,0,1,,,,,,,Paid Off - Paid In Full,26,Payoff FBO Teachers Federal Credit Union; USAlliance FCU (Insured),1,2
P87A68E0E775A,8a7b36f8-9097-f302-5213-87a68e0e775a,28667,Fraud - Declined,0,0,1,0,Declined,,2025-02-12,,,,Open - Repaying,3,Alliant CU,0,1
PEA8CD6D826A5,418e71aa-46df-090b-b6d3-ea8cd6d826a5,42511,Fraud - Declined,0,0,1,0,Declined,,2025-01-07,,,,Open - Repaying,5,First Tech FCU,0,1
PB6669835EB63,5bf551df-1093-42e5-b5ae-b6669835eb63,42557,Fraud - Declined,0,0,1,0,Declined,,2025-01-29,,,,Open - Repaying,5,First Tech FCU,0,1
PB25EFA9A9704,ea673a93-4b3c-4bee-b9fd-b25efa9a9704,66329,,,,,,Declined,,,,,,Closed - Charged-Off Collectible,4,Payoff Consumer Loan Trust; Technology CU,1,2
PD19353998B8F,5a14a83d-832b-e15c-4eb5-d19353998b8f,68097,Fraud - Declined,0,0,1,0,Declined,,2024-12-09,,,,Closed - Charged-Off Collectible,12,GreenState CU,0,1
PA5803FC22EC2,b12b1da5-b69e-b98b-1b49-a5803fc22ec2,69780,First Party Fraud - Confirmed,1,0,0,0,,,,,,,Closed - Charged-Off Collectible,25,Theorem Prime (Loan Sale),0,1
PC4C32167A0BF,d192f906-ab24-4061-d617-c4c32167a0bf,70065,Fraud - Declined,0,0,1,0,Declined,,2025-01-18,,,,Open - Repaying,24,Payoff FBO First Technology Credit Union; Theorem Main (Loan Sale),1,2
P1AEF125C997B,c1df6a14-9165-2c95-cf24-1aef125c997b,70471,Fraud - Declined,0,0,1,0,Declined,,2025-01-04,,,,Closed - Charged-Off Collectible,25,Theorem Prime (Loan Sale),0,1
P90B77469F303,b76e6d70-2b15-4156-d67d-90b77469f303,70833,First Party Fraud - Confirmed,1,0,0,0,,,,,,,Closed - Charged-Off Collectible,18,Michigan State University FCU,0,1
P4EC45C22A0B6,e0c8c530-0084-9044-bc52-4ec45c22a0b6,72184,First Party Fraud - Confirmed,1,0,0,0,,,,,,,Closed - Charged-Off Collectible,3,Alliant CU,0,1
PF2EBCF947DB2,9217adc6-cfc5-c5c6-e267-f2ebcf947db2,72270,First Party Fraud - Confirmed,1,0,0,0,,,,,,,Closed - Charged-Off Collectible,5,First Tech FCU,0,1
P0CAEBC4CC509,27590aeb-9955-4a3f-b480-0caebc4cc509,72695,Fraud - Declined,0,0,1,0,Declined,,2025-01-30,,,,Closed - Charged-Off Collectible,18,Michigan State University FCU,0,1
PF434E37F0675,34aebb2f-4820-43d0-9772-f434e37f0675,73047,First Party Fraud - Confirmed,1,0,0,0,,,,,,,Closed - Charged-Off Collectible,3,Alliant CU,0,1
P75CC3F5CAF75,d4478357-53c2-279a-86d6-75cc3f5caf75,73198,First Party Fraud - Confirmed,1,0,0,0,,,,,,,Open - Repaying,5,First Tech FCU,0,1
PBADD7A36A88D,0c9d8c55-e645-4395-9cc8-badd7a36a88d,73278,Fraud - Declined,0,0,1,0,Declined,,2024-12-30,,,,Closed - Charged-Off Collectible,3,Alliant CU,0,1
PEA72DF5134E6,c566c266-1bba-4330-9a9d-ea72df5134e6,73558,First Party Fraud - Confirmed,1,0,0,0,Declined,,2024-12-18,,,,Closed - Charged-Off Collectible,3,Alliant CU,0,1
P0E97E96526A4,2894396d-58a3-4687-8a5a-0e97e96526a4,74014,Fraud - Declined,0,0,1,0,Declined,,2025-01-01,,,,Closed - Charged-Off Collectible,3,Alliant CU,0,1
PD233ECB6A5A5,b3e48ab5-a637-49c4-b8f4-d233ecb6a5a5,74032,Fraud - Declined,0,0,1,0,Declined,,2025-01-27,,,,Closed - Charged-Off Collectible,5,First Tech FCU,0,1
P345321C89990,77cc55d5-bdce-988a-8907-345321c89990,75626,Fraud - Declined,0,0,1,0,Declined,,2024-12-25,,,2021-06-01,Closed - Charged-Off Collectible,3,Alliant CU,0,1
PD664DC66438C,f5786a1e-4fbb-312d-29d0-d664dc66438c,75837,Fraud - Declined,0,0,1,0,Declined,,2025-01-12,,,2022-03-11,Closed - Charged-Off Collectible,3,Alliant CU,0,1
P5059A46EF74A,22ac9963-cd56-cf80-5fcc-5059a46ef74a,76147,Fraud - Declined,0,0,1,0,Declined,,2024-12-21,,,2022-01-29,Closed - Charged-Off Collectible,3,Alliant CU,0,1
P8435D42380B8,d892a12c-c075-785b-61d4-8435d42380b8,76303,Fraud - Declined,0,0,1,0,Declined,,2025-02-03,,,2022-03-22,Closed - Charged-Off Collectible,3,Alliant CU,0,1
P40A4D8860FB6,fdbdf5b4-4133-6c83-adfe-40a4d8860fb6,76400,Fraud - Declined,0,0,1,0,Declined,,2025-02-08,,,2021-08-13,Closed - Charged-Off Collectible,3,Alliant CU,0,1
P6CC0972AE409,4e76b2f0-f1d3-5074-a7f9-6cc0972ae409,76415,Fraud - Declined,0,0,1,0,Declined,,2025-01-18,,,2021-01-11,Closed - Charged-Off Collectible,9,Teachers FCU,0,1
P1F830F7B8C3C,ce848197-1dfd-a191-e317-1f830f7b8c3c,76671,First Party Fraud - Confirmed,1,0,0,0,,,,,,2021-11-29,Closed - Charged-Off Collectible,3,Alliant CU,0,1
P3CA177D42192,c851d4d4-6035-2dbc-d47a-3ca177d42192,76790,Fraud - Declined,0,0,1,0,Declined,,2025-01-17,,,2021-06-23,Closed - Charged-Off Collectible,5,First Tech FCU,0,1
P94F074FDEFA3,3bee4637-af94-48bd-adb7-94f074fdefa3,76850,First Party Fraud - Confirmed,1,0,0,0,,,,,,2021-07-18,Closed - Charged-Off Collectible,4,Payoff Consumer Loan Trust; Technology CU,1,2
PC417A9548269,c9fe05e7-f292-3983-cc94-c417a9548269,76946,Fraud - Declined,0,0,1,0,Declined,,2024-12-31,,,2022-09-11,Closed - Charged-Off Collectible,9,Teachers FCU,0,1
P45650FDA3110,52162e76-4aaa-4f0e-ac49-45650fda3110,77122,Fraud - Declined,0,0,1,0,Declined,,2025-01-27,,,2022-06-01,Closed - Charged-Off Collectible,3,Alliant CU,0,1
P7C912CC69AC6,5ff88c58-e4b1-41df-b719-7c912cc69ac6,77294,First Party Fraud - Confirmed,1,0,0,0,,,,,,2021-07-13,Closed - Charged-Off Collectible,3,Alliant CU,0,1
P6BB6BBBE4E2D,2c8f72d3-2026-4826-aac4-6bb6bbbe4e2d,77339,Fraud - Declined,0,0,1,0,Declined,,2025-01-22,,,2021-11-20,Closed - Charged-Off Collectible,3,Alliant CU,0,1
P633F599736A6,7b455346-47ed-4302-be1d-633f599736a6,77851,First Party Fraud - Confirmed,1,0,0,0,Declined,,2024-12-23,,,2021-03-16,Closed - Charged-Off Collectible,3,Alliant CU,0,1
P6FC4B6B5C9C9,0e5c431f-af95-405e-a3e8-6fc4b6b5c9c9,78557,Fraud - Declined,0,0,1,0,Declined,,2025-02-01,,,2018-12-11,Closed - Charged-Off Collectible,3,Alliant CU,0,1
P4D1DD3257B01,b7277d60-9105-438c-a693-4d1dd3257b01,78570,Fraud - Declined,0,0,1,0,Declined,,2025-01-21,,,2019-07-18,Closed - Charged-Off Collectible,3,Alliant CU,0,1
PDEA77A2EA41A,98610842-765f-4cb0-b22b-dea77a2ea41a,78777,Fraud - Declined,0,0,1,0,Declined,,2025-01-06,,,2019-01-30,Closed - Charged-Off Collectible,3,Alliant CU,0,1
PBA6D68D00CEC,a8138f4a-24e6-4bf5-9db2-ba6d68d00cec,78961,First Party Fraud - Confirmed,1,0,0,0,,,,,,2019-09-25,Closed - Charged-Off Collectible,3,Alliant CU,0,1
P85618AF8E802,11f3bebc-5062-4452-9c07-85618af8e802,79173,Fraud - Pending Investigation,0,0,0,1,Confirmed,,2025-02-14,,,2019-08-26,Closed - Charged-Off Collectible,3,Alliant CU,0,1
P4E9561F1625D,ba860dee-a531-4604-9cc5-4e9561f1625d,79184,,,,,,Declined,,,,,2019-02-13,Closed - Charged-Off Collectible,3,Alliant CU,0,1
P85ACB6623441,715fd9ff-0bf2-468a-8972-85acb6623441,79259,Fraud - Declined,0,0,1,0,Declined,,2025-01-28,,,2019-07-22,Closed - Charged-Off Collectible,3,Alliant CU,0,1
PA18430D58086,0c61afce-efeb-4354-8d4b-a18430d58086,79308,Fraud - Declined,0,0,1,0,Declined,,2025-02-13,,,2019-09-03,Closed - Charged-Off Collectible,3,Alliant CU,0,1
P7C95CB3302CA,300568dd-a42e-40ef-98a9-7c95cb3302ca,79478,Fraud - Declined,0,0,1,0,Declined,,2025-02-10,,,2020-02-12,Closed - Charged-Off Collectible,4,Payoff Consumer Loan Trust; Technology CU,1,2
P2D73989ABDA3,bbf0ba75-1d26-4d9a-a170-2d73989abda3,79545,Fraud - Declined,0,0,1,0,Declined,,2025-01-29,,,2019-02-14,Closed - Charged-Off Collectible,4,Payoff Consumer Loan Trust; Technology CU,1,2
P07B0B7C3751D,031412f7-7540-46de-9e55-07b0b7c3751d,79686,First Party Fraud - Confirmed,1,0,0,0,,,,,,2019-08-23,Closed - Charged-Off Collectible,4,Payoff Consumer Loan Trust; Technology CU,1,2
PB89B0F94EC2A,ddd062a6-0e8b-44e0-8639-b89b0f94ec2a,79777,Fraud - Declined,0,0,1,0,Declined,,2025-01-09,,,2020-04-08,Closed - Charged-Off Collectible,3,Alliant CU,0,1
PF3BB65E54A0F,e8a94bf7-e5ca-4ecb-b06f-f3bb65e54a0f,80023,Fraud - Declined,0,0,1,0,Declined,,2025-01-06,,,2019-09-30,Closed - Charged-Off Collectible,4,Payoff Consumer Loan Trust; Technology CU,1,2
PE97035273E23,b9398cee-49b1-4a6d-b878-e97035273e23,80183,Fraud - Declined,0,0,1,0,Declined,,2025-01-27,,,2019-07-15,Closed - Charged-Off Collectible,3,Alliant CU,0,1
P7E66133553F0,b1b298ab-1d87-4d14-b5e8-7e66133553f0,80271,Fraud - Declined,0,0,1,0,Declined,,2024-12-26,,,2018-09-12,Closed - Charged-Off Collectible,3,Alliant CU,0,1
PD5DABE0668EA,c8d02ce8-a046-4201-889d-d5dabe0668ea,80386,Fraud - Declined,0,0,1,0,Declined,,2025-01-17,,,2020-05-19,Closed - Charged-Off Collectible,3,Alliant CU,0,1
P74B1C877EF0C,a04f5a99-d7a0-4bab-8cb0-74b1c877ef0c,80751,Fraud - Declined,0,0,1,0,Declined,,2025-01-13,,,2021-01-20,Closed - Charged-Off Collectible,3,Alliant CU,0,1
P32D9471C8092,442117aa-8a4d-4cd5-a919-32d9471c8092,80943,Fraud - Declined,0,0,1,0,Declined,,2025-01-03,,,2020-02-18,Closed - Charged-Off Collectible,3,Alliant CU,0,1
PF5C64C401C5C,46c20c39-f0bb-4212-b4be-f5c64c401c5c,81488,Fraud - Declined,0,0,1,0,Declined,,2024-12-20,,,2019-09-09,Closed - Charged-Off Collectible,4,Payoff Consumer Loan Trust; Technology CU,1,2
P30E0FB5161BC,9f09ecd5-4a8c-4937-b224-30e0fb5161bc,81501,First Party Fraud - Confirmed,1,0,0,0,,,,,,2020-12-13,Closed - Charged-Off Collectible,3,Alliant CU,0,1
P9428C800B149,e8eea7de-172e-4b6e-b4fd-9428c800b149,81561,Fraud - Declined,0,0,1,0,Declined,,2025-01-07,,,2019-03-12,Closed - Charged-Off Collectible,3,Alliant CU,0,1
PA33B067D3CFD,e3044c8d-3681-4969-bfac-a33b067d3cfd,81596,Fraud - Declined,0,0,1,0,Declined,,2025-01-01,,,2019-08-15,Closed - Charged-Off Collectible,3,Alliant CU,0,1
PFA67C554D323,58a8c8b2-d35f-4d65-96a7-fa67c554d323,82255,Fraud - Declined,0,0,1,0,Declined,,2025-01-09,,,2020-03-04,Closed - Charged-Off Collectible,5,First Tech FCU,0,1
PC45DFA42EA74,f43257ff-ee4f-44ac-b40e-c45dfa42ea74,82281,Fraud - Declined,0,0,1,0,Declined,,2025-01-21,,,2019-10-01,Closed - Charged-Off Collectible,5,First Tech FCU,0,1
P9B93E231F781,6af055fc-863c-235b-6646-9b93e231f781,82572,First Party Fraud - Confirmed,1,0,0,0,,,,,,2023-03-10,Closed - Charged-Off Collectible,3,Alliant CU,0,1
P8E45D8C3218E,d64fd4cc-f0ee-9095-6ad2-8e45d8c3218e,83319,First Party Fraud - Confirmed,1,0,0,0,,,,,,2021-04-21,Closed - Charged-Off Collectible,3,Alliant CU,0,1
P499FF1D96017,1343c297-0acd-cd9a-53dc-499ff1d96017,83724,,,,,,Declined,,,,,2024-11-06,Closed - Charged-Off Collectible,3,Alliant CU,0,1
P1480F72DCDF5,d9562d01-88b7-2f11-f03e-1480f72dcdf5,83770,Fraud - Declined,0,0,1,0,Declined,,2024-12-26,,2025-01-21,2024-01-26,Closed - Settled in Full,5,First Tech FCU,0,1
P690B22D353AD,c67a6f30-4f7a-4def-99cb-690b22d353ad,83817,Fraud - Declined,0,0,1,0,Declined,,2024-12-31,,,2021-07-20,Closed - Charged-Off Collectible,3,Alliant CU,0,1
PD2411008EB1F,6e2fac9e-b549-6dd2-bc70-d2411008eb1f,84264,Fraud - Declined,0,0,1,0,Declined,,2025-01-15,,,2024-07-21,Closed - Charged-Off Collectible,3,Alliant CU,0,1
PD9D8B92865EE,a49f4247-ef9b-f697-fa72-d9d8b92865ee,84366,Fraud - Declined,0,0,1,0,Declined,,2025-01-05,,,2022-03-27,Closed - Charged-Off Collectible,14,USAlliance FCU,0,1
PE055E744D061,07769710-be07-1702-2767-e055e744d061,84987,First Party Fraud - Confirmed,1,0,0,0,,,,,,2024-07-12,Closed - Charged-Off Collectible,14,USAlliance FCU,0,1
PCB1D3A66AE44,5e33b899-75a9-a5fd-1c50-cb1d3a66ae44,85171,Fraud - Declined,0,0,1,0,Declined,,2024-12-20,,,2023-01-25,Closed - Charged-Off Collectible,3,Alliant CU,0,1
PCA77B5DADE1F,c16189fe-013f-c354-57a0-ca77b5dade1f,85421,First Party Fraud - Confirmed,1,0,0,0,Declined,,2024-12-21,,,2023-06-22,Closed - Charged-Off Collectible,14,USAlliance FCU,0,1
P981C472C3057,01820658-184b-b074-8154-981c472c3057,85531,Fraud - Declined,0,0,1,0,Declined,,2025-02-12,,,2024-08-17,Closed - Charged-Off Collectible,17,Veridian CU,0,1
P0CC25651C70B,81f13aa7-cd04-527a-382a-0cc25651c70b,85736,Fraud - Declined,0,0,1,0,Declined,,2025-02-02,,,2023-05-17,Closed - Charged-Off Collectible,14,USAlliance FCU,0,1
P2031CAC5EF17,63efb60a-243b-bf26-f4a6-2031cac5ef17,85787,First Party Fraud - Confirmed,1,0,0,0,,,,,,2023-09-19,Closed - Charged-Off Collectible,14,USAlliance FCU,0,1
P8D35EBB979B3,c8a6da1c-3b4a-1d41-63a8-8d35ebb979b3,85914,Fraud - Declined,0,0,1,0,Declined,,2025-01-02,,,2023-05-15,Closed - Charged-Off Collectible,14,USAlliance FCU,0,1
P085170CA5D96,9670cea6-44fc-d1de-0785-085170ca5d96,85932,Fraud - Declined,0,0,1,0,Declined,,2025-02-12,,,2024-06-15,Closed - Charged-Off Collectible,14,USAlliance FCU,0,1
P11C9DF3C8FCA,6a8e6f83-f49a-2c01-2d24-11c9df3c8fca,86484,Fraud - Declined,0,0,1,0,Declined,,2025-02-08,,,2023-09-10,Closed - Charged-Off Collectible,17,Veridian CU,0,1
P4C9FE05FCF4B,e512b0db-04cf-e145-7218-4c9fe05fcf4b,86515,Fraud - Declined,0,0,1,0,Declined,,2025-01-21,,,2022-11-16,Closed - Charged-Off Collectible,14,USAlliance FCU,0,1
PFF1A05042260,67299e6b-0daa-ee89-4a0e-ff1a05042260,86592,Fraud - Declined,0,0,1,0,Declined,,2025-02-09,,,2023-10-31,Closed - Charged-Off Collectible,14,USAlliance FCU,0,1
PD58CF5B56B92,1c40db2c-4a5d-d733-b7cd-d58cf5b56b92,86766,First Party Fraud - Confirmed,1,0,0,0,,,,,,2024-07-13,Closed - Charged-Off Collectible,16,Blue FCU,0,1
P1AA68B81815B,6c27c340-f495-1236-e4eb-1aa68b81815b,86791,Fraud - Declined,0,0,1,0,Declined,,2024-12-24,,,2023-06-16,Closed - Charged-Off Collectible,3,Alliant CU,0,1
P6264D2B3D9C2,10fa550d-9524-d788-1d91-6264d2b3d9c2,86974,First Party Fraud - Confirmed,1,0,0,0,,,,,,2022-09-14,Closed - Charged-Off Collectible,14,USAlliance FCU,0,1
P879519FB0BEF,96163f51-7254-7e5d-4637-879519fb0bef,87155,Fraud - Declined,0,0,1,0,Declined,,2024-12-28,,,2024-09-03,Closed - Charged-Off Collectible,3,Alliant CU,0,1
P3B773C068F5F,0aff8c43-72a2-4c4e-bdc6-3b773c068f5f,87244,First Party Fraud - Confirmed,1,0,0,0,,,,,,2021-01-23,Closed - Charged-Off Collectible,4,Payoff Consumer Loan Trust; Technology CU,1,2
P0337DB434250,a7eb8710-0e51-491b-4cac-0337db434250,88016,Fraud - Declined,0,0,1,0,Declined,,2025-01-19,,,2023-01-16,Closed - Charged-Off Collectible,3,Alliant CU,0,1
PE60BC501C71F,3aa9ce94-57b4-d4cb-831f-e60bc501c71f,88226,First Party Fraud - Confirmed,1,0,0,0,,,,,,2022-04-07,Closed - Charged-Off Collectible,9,Teachers FCU,0,1
P5869FF13EEAF,005b4634-62e6-36f2-bb97-5869ff13eeaf,88488,Fraud - Declined,0,0,1,0,Declined,,2025-01-09,,,2024-04-30,Closed - Charged-Off Collectible,14,USAlliance FCU,0,1
PD0C06EE61086,f9629d6f-07e8-015c-fbbf-d0c06ee61086,88518,First Party Fraud - Confirmed,1,0,0,0,,,,,,2024-11-30,Closed - Charged-Off Collectible,3,Alliant CU,0,1
P1E991B56F1A5,3a283e5b-3236-e646-cb6a-1e991b56f1a5,88731,First Party Fraud - Confirmed,1,0,0,0,,,,,,2024-10-14,Closed - Charged-Off Collectible,3,Alliant CU,0,1
P18805103E430,ef070e12-8cac-889a-e4d4-18805103e430,89031,Fraud - Declined,0,0,1,0,Declined,,2024-12-27,,,2024-08-04,Closed - Charged-Off Collectible,3,Alliant CU,0,1
P97FE8F427AEB,28fa7f67-6742-504f-220a-97fe8f427aeb,89174,First Party Fraud - Confirmed,1,0,0,0,,,,,,2023-07-07,Closed - Charged-Off Collectible,14,USAlliance FCU,0,1
PD38E01C7A03D,c07c6225-48a3-66e1-4c8b-d38e01c7a03d,89438,First Party Fraud - Confirmed,1,0,0,0,,,,,,2024-02-16,Closed - Charged-Off Collectible,3,Alliant CU,0,1
P08FF3BC2C258,f107d7d3-fb20-146a-724d-08ff3bc2c258,90114,Fraud - Declined,0,0,1,0,Declined,,2024-12-31,,2025-03-15,2024-05-25,Closed - Settled in Full,16,Blue FCU,0,1
PA9D368C04E4B,50a316ba-4312-cb71-9534-a9d368c04e4b,90503,Fraud - Declined,0,0,1,0,Declined,,2025-02-06,,,2024-08-22,Closed - Charged-Off Collectible,3,Alliant CU,0,1
P97090EACA35E,60ec6ce1-b926-e68c-a2bb-97090eaca35e,90513,Fraud - Declined,0,0,1,0,Declined,,2025-01-21,,,2024-02-12,Closed - Charged-Off Collectible,3,Alliant CU,0,1
P81276E94E806,f82cfbf3-0663-0e9d-3120-81276e94e806,90699,Fraud - Declined,0,0,1,0,Declined,,2025-01-30,,,2024-10-13,Closed - Charged-Off Collectible,3,Alliant CU,0,1
PBDF1153EC2AE,5e17c0a6-3364-3f40-c430-bdf1153ec2ae,90884,First Party Fraud - Confirmed,1,0,0,0,,,,,,2023-05-23,Closed - Charged-Off Collectible,3,Alliant CU,0,1
PA84A1A3DEA93,7c47eeb8-11f2-5956-a974-a84a1a3dea93,90886,,,,,,Declined,,,,,2022-12-21,Closed - Charged-Off Collectible,3,Alliant CU,0,1
PF813DFDDC06E,808d5d00-2e8b-44f5-ab5c-f813dfddc06e,9095,Fraud - Declined,0,0,1,0,Declined,,2024-12-16,,,,Open - Repaying,5,First Tech FCU,0,1
P06BF2FFA2265,ded706a7-a034-1d6d-b4b7-06bf2ffa2265,91197,Fraud - Declined,0,0,1,0,Declined,,2025-01-13,,,2023-03-06,Closed - Charged-Off Collectible,14,USAlliance FCU,0,1
PDBE46697C35F,8c0ed876-ecd0-2c8f-9964-dbe46697c35f,91871,First Party Fraud - Confirmed,1,0,0,0,,,,,,2023-12-20,Closed - Charged-Off Collectible,14,USAlliance FCU,0,1
P1B60381E288D,2e6d82ac-4a13-dce4-30c1-1b60381e288d,92122,Fraud - Declined,0,0,1,0,Declined,,2025-01-09,,,2024-11-29,Closed - Charged-Off Collectible,5,First Tech FCU,0,1
P8E17B7C1F0BA,da8003e6-e4d8-7407-da95-8e17b7c1f0ba,92126,Fraud - Declined,0,0,1,0,Declined,,2024-12-27,,,2022-12-30,Closed - Charged-Off Collectible,14,USAlliance FCU,0,1
PC4F30AAE3FF8,eb4e0286-9b7a-b051-c645-c4f30aae3ff8,92936,First Party Fraud - Confirmed,1,0,0,0,,,,,,2024-01-22,Closed - Charged-Off Collectible,3,Alliant CU,0,1
P510E123C503F,8d2efc46-c0f3-e946-0deb-510e123c503f,92962,First Party Fraud - Confirmed,1,0,0,0,,,,,,2024-11-20,Closed - Charged-Off Collectible,12,GreenState CU,0,1
PFDA3F0C229B6,3bd92123-71e1-d1c2-fc82-fda3f0c229b6,93778,First Party Fraud - Confirmed,1,0,0,0,,,,,,2024-05-14,Closed - Charged-Off Collectible,9,Teachers FCU,0,1
PB2F47D95D280,ae502eb5-0dd8-1b51-d964-b2f47d95d280,94019,First Party Fraud - Confirmed,1,0,0,0,,,,,,2023-08-24,Closed - Charged-Off Collectible,5,First Tech FCU,0,1
P12BC3738B2D0,243345b6-bda8-c5ca-ce1c-12bc3738b2d0,94108,Fraud - Declined,0,0,1,0,Declined,,2025-02-01,,,2023-10-29,Closed - Charged-Off Collectible,3,Alliant CU,0,1
P210F3306EC87,cf1bcbcb-ee32-4e81-cb8d-210f3306ec87,94275,Fraud - Declined,0,0,1,0,Declined,,2025-02-14,,,2024-01-05,Closed - Charged-Off Collectible,5,First Tech FCU,0,1
P583019243C06,2a31e5b6-4843-1147-e18d-583019243c06,94363,Fraud - Declined,0,0,1,0,Declined,,2024-12-27,,,2024-07-26,Closed - Charged-Off Collectible,3,Alliant CU,0,1
PCB043CFB504A,37698e6e-f5b3-2854-93c2-cb043cfb504a,94594,First Party Fraud - Confirmed,1,0,0,0,,,,,,2024-07-02,Closed - Charged-Off Collectible,3,Alliant CU,0,1
P243A31FBDBD4,487f7c4b-8fc6-d191-17fd-243a31fbdbd4,95961,First Party Fraud - Confirmed,1,0,0,0,,,,,,2024-02-25,Closed - Charged-Off Collectible,3,Alliant CU,0,1
P93ED2639B354,3b74f9ec-7e1a-4ba2-920d-93ed2639b354,96223,First Party Fraud - Confirmed,1,0,0,0,,,,,,2021-06-18,Closed - Charged-Off Collectible,3,Alliant CU,0,1
PBF865FEC12B8,361ac73a-881c-a166-ec74-bf865fec12b8,96616,Fraud - Declined,0,0,1,0,Declined,,2025-02-02,,,2022-03-04,Closed - Charged-Off Collectible,3,Alliant CU,0,1
P0414D3731F0D,cb7106f6-521f-39f6-fddb-0414d3731f0d,96634,Fraud - Declined,0,0,1,0,Declined,,2025-01-19,,,2023-05-21,Closed - Charged-Off Collectible,15,Hive (Participation),0,1
PF83CF352555B,f0b9b5c3-0a75-260f-2cec-f83cf352555b,96649,Fraud - Declined,0,0,1,0,Declined,,2024-12-22,,,2023-04-12,Closed - Charged-Off Collectible,15,Hive (Participation),0,1
PA64C983B1DFF,1bd2dcea-8926-d251-af0a-a64c983b1dff,96710,First Party Fraud - Confirmed,1,0,0,0,,,,,,2024-07-24,Closed - Charged-Off Collectible,20,Cross River Bank TM; Payoff FBO Alliant Credit Union,1,2
PF1BB3A0C1881,8f734c2e-fa58-edfb-b4d4-f1bb3a0c1881,96726,First Party Fraud - Confirmed,1,0,0,0,,,,,,2023-09-25,Closed - Charged-Off Collectible,15,Hive (Participation),0,1
PEDE44E603B77,e72565bb-592f-1d17-6f9a-ede44e603b77,97779,Fraud - Declined,0,0,1,0,Declined,,2025-01-14,,,2023-11-01,Closed - Charged-Off Collectible,25,Theorem Prime (Loan Sale),0,1
PBF8A1A929D25,ce65b009-6cc5-4704-5a8a-bf8a1a929d25,97871,Fraud - Declined,0,0,1,0,Declined,,2025-01-21,,,2022-12-30,Closed - Charged-Off Collectible,24,Payoff FBO First Technology Credit Union; Theorem Main (Loan Sale),1,2
PBD59CB692D4F,e8d4c960-44c9-7a0e-6024-bd59cb692d4f,97899,Fraud - Declined,0,0,1,0,Declined,,2024-12-30,,,2023-11-29,Closed - Charged-Off Collectible,24,Payoff FBO First Technology Credit Union; Theorem Main (Loan Sale),1,2
P77816EADBEF7,f78e1cfc-f049-a1d4-2940-77816eadbef7,98021,First Party Fraud - Confirmed,1,0,0,0,,,,,,2024-05-14,Closed - Charged-Off Collectible,25,Theorem Prime (Loan Sale),0,1
PBBCAB5888D85,9badafd1-1052-ca32-edca-bbcab5888d85,98090,Fraud - Pending Investigation,0,0,0,1,Confirmed,,2025-02-15,,,2024-05-07,Closed - Charged-Off Collectible,21,Cross River Bank TP,0,1
P942D599A8DFD,39055bf2-0b82-0a75-5d0c-942d599a8dfd,98709,First Party Fraud - Confirmed,1,0,0,0,,,,,,2023-01-14,Closed - Charged-Off Collectible,3,Alliant CU,0,1
PA7303EC745B7,03e544b7-b604-e7a6-b371-a7303ec745b7,99589,Fraud - Declined,0,0,1,0,Declined,,2025-01-07,,,2024-03-08,Closed - Charged-Off Collectible,15,Hive (Participation),0,1
P8D8C762A3273,0e38941d-9218-bd9d-b176-8d8c762a3273,99645,Fraud - Declined,0,0,1,0,Declined,,2025-01-18,,,2023-09-18,Closed - Charged-Off Collectible,15,Hive (Participation),0,1
P301C3198373D,b3f8022c-6ff0-82a5-64b4-301c3198373d,99823,Fraud - Declined,0,0,1,0,Declined,,2025-01-06,,,2023-05-23,Closed - Charged-Off Collectible,20,Cross River Bank TM; Payoff FBO Alliant Credit Union,1,2
PB3D4F373E0F7,c40bdab6-778c-bdcc-1a47-b3d4f373e0f7,99864,Fraud - Declined,0,0,1,0,Declined,,2025-02-07,,,2023-01-21,Closed - Charged-Off Collectible,15,Hive (Participation),0,1
PA525FADFE62D,0eb1d1b9-7501-8bc3-7042-a525fadfe62d,99958,Fraud - Declined,0,0,1,0,Declined,,2025-01-30,,,2024-01-24,Closed - Charged-Off Collectible,15,Hive (Participation),0,1
