LOAN_ID,PORTFOLIO_ID,PORTFOLIO_NAME,FRAUD_TYPE,FRAUD_CONFIRMED_DATE,LOAN_STATUS,LOAN_CLOSED_DATE,REPURCHASED_BY_HAPPY_MONEY,CURRENT_INVESTOR
98698,196,BankruptcyWatch Integration,TBD - Needs Business Logic,2025-02-18,Charged Off,,No,Cross River Bank TP
98698,193,Bankruptcy Monitoring,TBD - Needs Business Logic,2025-02-18,Charged Off,,No,Cross River Bank TP
98698,98,First Party Fraud - Confirmed,TBD - Needs Business Logic,2025-02-18,Charged Off,,No,Cross River Bank TP
98698,139,Cross River Bank TP,TBD - Needs Business Logic,2025-02-18,Charged Off,,No,Cross River Bank TP
98698,139,Cross River Bank TP,TBD - Needs Business Logic,2025-02-18,Charged Off,,No,Cross River Bank TP
98698,139,Cross River Bank TP,TBD - Needs Business Logic,2025-02-18,Charged Off,,No,Cross River Bank TP
96659,98,First Party Fraud - Confirmed,TBD - Needs Business Logic,2025-02-14,Charged Off,,No,Cross River Bank TP
96659,196,BankruptcyWatch Integration,TBD - Needs Business Logic,2025-02-14,Charged Off,,No,Cross River Bank TP
96659,139,Cross River Bank TP,TBD - Needs Business Logic,2025-02-14,Charged Off,,No,Cross River Bank TP
96659,139,Cross River Bank TP,TBD - Needs Business Logic,2025-02-14,Charged Off,,No,Cross River Bank TP
96659,139,Cross River Bank TP,TBD - Needs Business Logic,2025-02-14,Charged Off,,No,Cross River Bank TP
96659,193,Bankruptcy Monitoring,TBD - Needs Business Logic,2025-02-14,Charged Off,,No,Cross River Bank TP
100670,77,Alliant CU,TBD - Needs Business Logic,2025-02-14,Charged Off,,No,Alliant CU
100670,196,BankruptcyWatch Integration,TBD - Needs Business Logic,2025-02-14,Charged Off,,No,Alliant CU
100670,77,Alliant CU,TBD - Needs Business Logic,2025-02-14,Charged Off,,No,Alliant CU
100670,77,Alliant CU,TBD - Needs Business Logic,2025-02-14,Charged Off,,No,Alliant CU
100670,193,Bankruptcy Monitoring,TBD - Needs Business Logic,2025-02-14,Charged Off,,No,Alliant CU
100670,98,First Party Fraud - Confirmed,TBD - Needs Business Logic,2025-02-14,Charged Off,,No,Alliant CU
109680,18,Fraud - Declined,TBD - Needs Business Logic,2025-02-14,Charged Off,,No,Veridian CU
109680,196,BankruptcyWatch Integration,TBD - Needs Business Logic,2025-02-14,Charged Off,,No,Veridian CU
109680,91,Veridian CU,TBD - Needs Business Logic,2025-02-14,Charged Off,,No,Veridian CU
109680,193,Bankruptcy Monitoring,TBD - Needs Business Logic,2025-02-14,Charged Off,,No,Veridian CU
109680,91,Veridian CU,TBD - Needs Business Logic,2025-02-14,Charged Off,,No,Veridian CU
109680,98,First Party Fraud - Confirmed,TBD - Needs Business Logic,2025-02-14,Charged Off,,No,Veridian CU
83233,98,First Party Fraud - Confirmed,TBD - Needs Business Logic,2025-02-13,Charged Off,,No,GreenState CU
83233,193,Bankruptcy Monitoring,TBD - Needs Business Logic,2025-02-13,Charged Off,,No,GreenState CU
83233,181,BankruptcyWatch Primary Case Terminated,TBD - Needs Business Logic,2025-02-13,Charged Off,,No,GreenState CU
83233,86,GreenState CU,TBD - Needs Business Logic,2025-02-13,Charged Off,,No,GreenState CU
83233,86,GreenState CU,TBD - Needs Business Logic,2025-02-13,Charged Off,,No,GreenState CU
83233,31,Bankruptcy - Pending,TBD - Needs Business Logic,2025-02-13,Charged Off,,No,GreenState CU
83233,196,BankruptcyWatch Integration,TBD - Needs Business Logic,2025-02-13,Charged Off,,No,GreenState CU
84135,98,First Party Fraud - Confirmed,TBD - Needs Business Logic,2025-02-13,Charged Off,,No,Alliant CU
84135,196,BankruptcyWatch Integration,TBD - Needs Business Logic,2025-02-13,Charged Off,,No,Alliant CU
84135,77,Alliant CU,TBD - Needs Business Logic,2025-02-13,Charged Off,,No,Alliant CU
84135,77,Alliant CU,TBD - Needs Business Logic,2025-02-13,Charged Off,,No,Alliant CU
84135,193,Bankruptcy Monitoring,TBD - Needs Business Logic,2025-02-13,Charged Off,,No,Alliant CU
108847,193,Bankruptcy Monitoring,TBD - Needs Business Logic,2025-02-13,Charged Off,,No,GreenState CU
108847,196,BankruptcyWatch Integration,TBD - Needs Business Logic,2025-02-13,Charged Off,,No,GreenState CU
108847,86,GreenState CU,TBD - Needs Business Logic,2025-02-13,Charged Off,,No,GreenState CU
108847,86,GreenState CU,TBD - Needs Business Logic,2025-02-13,Charged Off,,No,GreenState CU
108847,98,First Party Fraud - Confirmed,TBD - Needs Business Logic,2025-02-13,Charged Off,,No,GreenState CU
96088,98,First Party Fraud - Confirmed,TBD - Needs Business Logic,2025-02-12,Charged Off,,No,Alliant CU
96088,196,BankruptcyWatch Integration,TBD - Needs Business Logic,2025-02-12,Charged Off,,No,Alliant CU
96088,193,Bankruptcy Monitoring,TBD - Needs Business Logic,2025-02-12,Charged Off,,No,Alliant CU
96088,77,Alliant CU,TBD - Needs Business Logic,2025-02-12,Charged Off,,No,Alliant CU
96088,77,Alliant CU,TBD - Needs Business Logic,2025-02-12,Charged Off,,No,Alliant CU
96088,77,Alliant CU,TBD - Needs Business Logic,2025-02-12,Charged Off,,No,Alliant CU
97193,138,Cross River Bank TM,TBD - Needs Business Logic,2025-02-10,Charged Off,,No,Cross River Bank TM
97193,193,Bankruptcy Monitoring,TBD - Needs Business Logic,2025-02-10,Charged Off,,No,Cross River Bank TM
97193,193,Bankruptcy Monitoring,TBD - Needs Business Logic,2025-02-10,Charged Off,,Yes - Repurchased,Payoff FBO Alliant Credit Union
97193,138,Cross River Bank TM,TBD - Needs Business Logic,2025-02-10,Charged Off,,No,Cross River Bank TM
97193,138,Cross River Bank TM,TBD - Needs Business Logic,2025-02-10,Charged Off,,Yes - Repurchased,Payoff FBO Alliant Credit Union
97193,138,Cross River Bank TM,TBD - Needs Business Logic,2025-02-10,Charged Off,,Yes - Repurchased,Payoff FBO Alliant Credit Union
97193,138,Cross River Bank TM,TBD - Needs Business Logic,2025-02-10,Charged Off,,No,Cross River Bank TM
97193,138,Cross River Bank TM,TBD - Needs Business Logic,2025-02-10,Charged Off,,Yes - Repurchased,Payoff FBO Alliant Credit Union
97193,98,First Party Fraud - Confirmed,TBD - Needs Business Logic,2025-02-10,Charged Off,,No,Cross River Bank TM
97193,98,First Party Fraud - Confirmed,TBD - Needs Business Logic,2025-02-10,Charged Off,,Yes - Repurchased,Payoff FBO Alliant Credit Union
97193,196,BankruptcyWatch Integration,TBD - Needs Business Logic,2025-02-10,Charged Off,,No,Cross River Bank TM
97193,196,BankruptcyWatch Integration,TBD - Needs Business Logic,2025-02-10,Charged Off,,Yes - Repurchased,Payoff FBO Alliant Credit Union
97445,98,First Party Fraud - Confirmed,TBD - Needs Business Logic,2025-02-10,Charged Off,,Yes - Repurchased,Payoff FBO Alliant Credit Union
97445,193,Bankruptcy Monitoring,TBD - Needs Business Logic,2025-02-10,Charged Off,,No,Cross River Bank TM
97445,193,Bankruptcy Monitoring,TBD - Needs Business Logic,2025-02-10,Charged Off,,Yes - Repurchased,Payoff FBO Alliant Credit Union
97445,138,Cross River Bank TM,TBD - Needs Business Logic,2025-02-10,Charged Off,,No,Cross River Bank TM
97445,138,Cross River Bank TM,TBD - Needs Business Logic,2025-02-10,Charged Off,,Yes - Repurchased,Payoff FBO Alliant Credit Union
97445,138,Cross River Bank TM,TBD - Needs Business Logic,2025-02-10,Charged Off,,No,Cross River Bank TM
97445,138,Cross River Bank TM,TBD - Needs Business Logic,2025-02-10,Charged Off,,Yes - Repurchased,Payoff FBO Alliant Credit Union
97445,138,Cross River Bank TM,TBD - Needs Business Logic,2025-02-10,Charged Off,,No,Cross River Bank TM
97445,138,Cross River Bank TM,TBD - Needs Business Logic,2025-02-10,Charged Off,,Yes - Repurchased,Payoff FBO Alliant Credit Union
97445,98,First Party Fraud - Confirmed,TBD - Needs Business Logic,2025-02-10,Charged Off,,No,Cross River Bank TM
97445,196,BankruptcyWatch Integration,TBD - Needs Business Logic,2025-02-10,Charged Off,,No,Cross River Bank TM
97445,196,BankruptcyWatch Integration,TBD - Needs Business Logic,2025-02-10,Charged Off,,Yes - Repurchased,Payoff FBO Alliant Credit Union
122521,79,First Tech FCU,TBD - Needs Business Logic,2025-02-10,Charged Off,,No,First Tech FCU
122521,79,First Tech FCU,TBD - Needs Business Logic,2025-02-10,Charged Off,,No,First Tech FCU
122521,196,BankruptcyWatch Integration,TBD - Needs Business Logic,2025-02-10,Charged Off,,No,First Tech FCU
122521,98,First Party Fraud - Confirmed,TBD - Needs Business Logic,2025-02-10,Charged Off,,No,First Tech FCU
122521,193,Bankruptcy Monitoring,TBD - Needs Business Logic,2025-02-10,Charged Off,,No,First Tech FCU
89063,98,First Party Fraud - Confirmed,TBD - Needs Business Logic,2025-02-07,Charged Off,,No,Alliant CU
89063,77,Alliant CU,TBD - Needs Business Logic,2025-02-07,Charged Off,,No,Alliant CU
89063,77,Alliant CU,TBD - Needs Business Logic,2025-02-07,Charged Off,,No,Alliant CU
89063,193,Bankruptcy Monitoring,TBD - Needs Business Logic,2025-02-07,Charged Off,,No,Alliant CU
89063,196,BankruptcyWatch Integration,TBD - Needs Business Logic,2025-02-07,Charged Off,,No,Alliant CU
104277,79,First Tech FCU,TBD - Needs Business Logic,2025-02-07,Charged Off,,No,First Tech FCU
104277,193,Bankruptcy Monitoring,TBD - Needs Business Logic,2025-02-07,Charged Off,,No,First Tech FCU
104277,79,First Tech FCU,TBD - Needs Business Logic,2025-02-07,Charged Off,,No,First Tech FCU
104277,196,BankruptcyWatch Integration,TBD - Needs Business Logic,2025-02-07,Charged Off,,No,First Tech FCU
104277,18,Fraud - Declined,TBD - Needs Business Logic,2025-02-07,Charged Off,,No,First Tech FCU
104277,98,First Party Fraud - Confirmed,TBD - Needs Business Logic,2025-02-07,Charged Off,,No,First Tech FCU
111248,90,Blue FCU,TBD - Needs Business Logic,2025-02-06,Charged Off,,No,Blue FCU
111248,196,BankruptcyWatch Integration,TBD - Needs Business Logic,2025-02-06,Charged Off,,No,Blue FCU
111248,193,Bankruptcy Monitoring,TBD - Needs Business Logic,2025-02-06,Charged Off,,No,Blue FCU
111248,90,Blue FCU,TBD - Needs Business Logic,2025-02-06,Charged Off,,No,Blue FCU
111248,98,First Party Fraud - Confirmed,TBD - Needs Business Logic,2025-02-06,Charged Off,,No,Blue FCU
111248,64,Enrolled In AutoPay,TBD - Needs Business Logic,2025-02-06,Charged Off,,No,Blue FCU
87534,196,BankruptcyWatch Integration,TBD - Needs Business Logic,2025-02-05,Charged Off,,No,Happy Money
87534,181,BankruptcyWatch Primary Case Terminated,TBD - Needs Business Logic,2025-02-05,Charged Off,,No,Happy Money
87534,174,BankruptcyWatch Primary Case Dismissed,TBD - Needs Business Logic,2025-02-05,Charged Off,,No,Happy Money
87534,86,GreenState CU,TBD - Needs Business Logic,2025-02-05,Charged Off,,No,Happy Money
87534,86,GreenState CU,TBD - Needs Business Logic,2025-02-05,Charged Off,,No,Happy Money
87534,193,Bankruptcy Monitoring,TBD - Needs Business Logic,2025-02-05,Charged Off,,No,Happy Money
87534,98,First Party Fraud - Confirmed,TBD - Needs Business Logic,2025-02-05,Charged Off,,No,Happy Money
103707,79,First Tech FCU,TBD - Needs Business Logic,2025-02-05,Charged Off,,No,First Tech FCU
103707,79,First Tech FCU,TBD - Needs Business Logic,2025-02-05,Charged Off,,No,First Tech FCU
103707,173,BankruptcyWatch Primary Case Filed,TBD - Needs Business Logic,2025-02-05,Charged Off,,No,First Tech FCU
103707,74,Do Not Email,TBD - Needs Business Logic,2025-02-05,Charged Off,,No,First Tech FCU
103707,72,Do Not Call,TBD - Needs Business Logic,2025-02-05,Charged Off,,No,First Tech FCU
103707,73,Do Not SMS,TBD - Needs Business Logic,2025-02-05,Charged Off,,No,First Tech FCU
103707,196,BankruptcyWatch Integration,TBD - Needs Business Logic,2025-02-05,Charged Off,,No,First Tech FCU
103707,65,Cease and Desist,TBD - Needs Business Logic,2025-02-05,Charged Off,,No,First Tech FCU
103707,193,Bankruptcy Monitoring,TBD - Needs Business Logic,2025-02-05,Charged Off,,No,First Tech FCU
103707,98,First Party Fraud - Confirmed,TBD - Needs Business Logic,2025-02-05,Charged Off,,No,First Tech FCU
103707,75,Do Not Mail,TBD - Needs Business Logic,2025-02-05,Charged Off,,No,First Tech FCU
111960,196,BankruptcyWatch Integration,TBD - Needs Business Logic,2025-02-05,Charged Off,,No,Alliant CU
111960,77,Alliant CU,TBD - Needs Business Logic,2025-02-05,Charged Off,,No,Alliant CU
111960,98,First Party Fraud - Confirmed,TBD - Needs Business Logic,2025-02-05,Charged Off,,No,Alliant CU
111960,193,Bankruptcy Monitoring,TBD - Needs Business Logic,2025-02-05,Charged Off,,No,Alliant CU
111960,77,Alliant CU,TBD - Needs Business Logic,2025-02-05,Charged Off,,No,Alliant CU
87754,77,Alliant CU,TBD - Needs Business Logic,2025-02-04,Charged Off,,No,Alliant CU
87754,196,BankruptcyWatch Integration,TBD - Needs Business Logic,2025-02-04,Charged Off,,No,Alliant CU
87754,193,Bankruptcy Monitoring,TBD - Needs Business Logic,2025-02-04,Charged Off,,No,Alliant CU
87754,98,First Party Fraud - Confirmed,TBD - Needs Business Logic,2025-02-04,Charged Off,,No,Alliant CU
87754,77,Alliant CU,TBD - Needs Business Logic,2025-02-04,Charged Off,,No,Alliant CU
101573,198,FEB,TBD - Needs Business Logic,2025-02-04,Charged Off,,No,Happy Money
101573,198,FEB,TBD - Needs Business Logic,2025-02-04,Charged Off,,No,Happy Money
101573,98,First Party Fraud - Confirmed,TBD - Needs Business Logic,2025-02-04,Charged Off,,No,Happy Money
101573,196,BankruptcyWatch Integration,TBD - Needs Business Logic,2025-02-04,Charged Off,,No,Happy Money
101573,193,Bankruptcy Monitoring,TBD - Needs Business Logic,2025-02-04,Charged Off,,No,Happy Money
111483,77,Alliant CU,TBD - Needs Business Logic,2025-02-04,Charged Off,,No,Alliant CU
111483,196,BankruptcyWatch Integration,TBD - Needs Business Logic,2025-02-04,Charged Off,,No,Alliant CU
111483,193,Bankruptcy Monitoring,TBD - Needs Business Logic,2025-02-04,Charged Off,,No,Alliant CU
111483,98,First Party Fraud - Confirmed,TBD - Needs Business Logic,2025-02-04,Charged Off,,No,Alliant CU
111483,77,Alliant CU,TBD - Needs Business Logic,2025-02-04,Charged Off,,No,Alliant CU
103541,98,First Party Fraud - Confirmed,TBD - Needs Business Logic,2025-01-31,Charged Off,,No,Alliant CU
103541,196,BankruptcyWatch Integration,TBD - Needs Business Logic,2025-01-31,Charged Off,,No,Alliant CU
103541,193,Bankruptcy Monitoring,TBD - Needs Business Logic,2025-01-31,Charged Off,,No,Alliant CU
103541,77,Alliant CU,TBD - Needs Business Logic,2025-01-31,Charged Off,,No,Alliant CU
103541,77,Alliant CU,TBD - Needs Business Logic,2025-01-31,Charged Off,,No,Alliant CU
88107,196,BankruptcyWatch Integration,TBD - Needs Business Logic,2025-01-30,Charged Off,,No,USAlliance FCU
88107,88,USAlliance FCU,TBD - Needs Business Logic,2025-01-30,Charged Off,,No,USAlliance FCU
88107,98,First Party Fraud - Confirmed,TBD - Needs Business Logic,2025-01-30,Charged Off,,No,USAlliance FCU
88107,18,Fraud - Declined,TBD - Needs Business Logic,2025-01-30,Charged Off,,No,USAlliance FCU
88107,193,Bankruptcy Monitoring,TBD - Needs Business Logic,2025-01-30,Charged Off,,No,USAlliance FCU
88107,88,USAlliance FCU,TBD - Needs Business Logic,2025-01-30,Charged Off,,No,USAlliance FCU
98710,138,Cross River Bank TM,TBD - Needs Business Logic,2025-01-30,Charged Off,,Yes - Repurchased,Payoff FBO Alliant Credit Union
98710,138,Cross River Bank TM,TBD - Needs Business Logic,2025-01-30,Charged Off,,No,Cross River Bank TM
98710,138,Cross River Bank TM,TBD - Needs Business Logic,2025-01-30,Charged Off,,Yes - Repurchased,Payoff FBO Alliant Credit Union
98710,98,First Party Fraud - Confirmed,TBD - Needs Business Logic,2025-01-30,Charged Off,,Yes - Repurchased,Payoff FBO Alliant Credit Union
98710,98,First Party Fraud - Confirmed,TBD - Needs Business Logic,2025-01-30,Charged Off,,No,Cross River Bank TM
98710,138,Cross River Bank TM,TBD - Needs Business Logic,2025-01-30,Charged Off,,No,Cross River Bank TM
98710,138,Cross River Bank TM,TBD - Needs Business Logic,2025-01-30,Charged Off,,Yes - Repurchased,Payoff FBO Alliant Credit Union
98710,138,Cross River Bank TM,TBD - Needs Business Logic,2025-01-30,Charged Off,,No,Cross River Bank TM
98710,196,BankruptcyWatch Integration,TBD - Needs Business Logic,2025-01-30,Charged Off,,Yes - Repurchased,Payoff FBO Alliant Credit Union
98710,196,BankruptcyWatch Integration,TBD - Needs Business Logic,2025-01-30,Charged Off,,No,Cross River Bank TM
98710,193,Bankruptcy Monitoring,TBD - Needs Business Logic,2025-01-30,Charged Off,,No,Cross River Bank TM
98710,193,Bankruptcy Monitoring,TBD - Needs Business Logic,2025-01-30,Charged Off,,Yes - Repurchased,Payoff FBO Alliant Credit Union
81269,77,Alliant CU,TBD - Needs Business Logic,2025-01-29,Charged Off,,No,Alliant CU
81269,77,Alliant CU,TBD - Needs Business Logic,2025-01-29,Charged Off,,No,Alliant CU
81269,193,Bankruptcy Monitoring,TBD - Needs Business Logic,2025-01-29,Charged Off,,No,Alliant CU
81269,196,BankruptcyWatch Integration,TBD - Needs Business Logic,2025-01-29,Charged Off,,No,Alliant CU
81269,98,First Party Fraud - Confirmed,TBD - Needs Business Logic,2025-01-29,Charged Off,,No,Alliant CU
84826,196,BankruptcyWatch Integration,TBD - Needs Business Logic,2025-01-28,Charged Off,,No,Alliant CU
84826,77,Alliant CU,TBD - Needs Business Logic,2025-01-28,Charged Off,,No,Alliant CU
84826,77,Alliant CU,TBD - Needs Business Logic,2025-01-28,Charged Off,,No,Alliant CU
84826,193,Bankruptcy Monitoring,TBD - Needs Business Logic,2025-01-28,Charged Off,,No,Alliant CU
84826,98,First Party Fraud - Confirmed,TBD - Needs Business Logic,2025-01-28,Charged Off,,No,Alliant CU
88592,98,First Party Fraud - Confirmed,TBD - Needs Business Logic,2025-01-28,Charged Off,,No,USAlliance FCU
88592,196,BankruptcyWatch Integration,TBD - Needs Business Logic,2025-01-28,Charged Off,,No,USAlliance FCU
88592,64,Enrolled In AutoPay,TBD - Needs Business Logic,2025-01-28,Charged Off,,No,USAlliance FCU
88592,88,USAlliance FCU,TBD - Needs Business Logic,2025-01-28,Charged Off,,No,USAlliance FCU
88592,88,USAlliance FCU,TBD - Needs Business Logic,2025-01-28,Charged Off,,No,USAlliance FCU
88592,193,Bankruptcy Monitoring,TBD - Needs Business Logic,2025-01-28,Charged Off,,No,USAlliance FCU
107308,18,Fraud - Declined,TBD - Needs Business Logic,2025-01-28,Charged Off,,No,Alliant CU
107308,77,Alliant CU,TBD - Needs Business Logic,2025-01-28,Charged Off,,No,Alliant CU
107308,77,Alliant CU,TBD - Needs Business Logic,2025-01-28,Charged Off,,No,Alliant CU
107308,196,BankruptcyWatch Integration,TBD - Needs Business Logic,2025-01-28,Charged Off,,No,Alliant CU
107308,193,Bankruptcy Monitoring,TBD - Needs Business Logic,2025-01-28,Charged Off,,No,Alliant CU
107308,98,First Party Fraud - Confirmed,TBD - Needs Business Logic,2025-01-28,Charged Off,,No,Alliant CU
118176,193,Bankruptcy Monitoring,TBD - Needs Business Logic,2025-01-28,Charged Off,,No,First Tech FCU
118176,79,First Tech FCU,TBD - Needs Business Logic,2025-01-28,Charged Off,,No,First Tech FCU
118176,79,First Tech FCU,TBD - Needs Business Logic,2025-01-28,Charged Off,,No,First Tech FCU
118176,196,BankruptcyWatch Integration,TBD - Needs Business Logic,2025-01-28,Charged Off,,No,First Tech FCU
118176,98,First Party Fraud - Confirmed,TBD - Needs Business Logic,2025-01-28,Charged Off,,No,First Tech FCU
122483,77,Alliant CU,TBD - Needs Business Logic,2025-01-28,Charged Off,,No,Alliant CU
122483,77,Alliant CU,TBD - Needs Business Logic,2025-01-28,Charged Off,,No,Alliant CU
122483,98,First Party Fraud - Confirmed,TBD - Needs Business Logic,2025-01-28,Charged Off,,No,Alliant CU
122483,193,Bankruptcy Monitoring,TBD - Needs Business Logic,2025-01-28,Charged Off,,No,Alliant CU
122483,196,BankruptcyWatch Integration,TBD - Needs Business Logic,2025-01-28,Charged Off,,No,Alliant CU
123783,196,BankruptcyWatch Integration,TBD - Needs Business Logic,2025-01-28,Charged Off,,No,First Tech FCU
123783,64,Enrolled In AutoPay,TBD - Needs Business Logic,2025-01-28,Charged Off,,No,First Tech FCU
123783,193,Bankruptcy Monitoring,TBD - Needs Business Logic,2025-01-28,Charged Off,,No,First Tech FCU
123783,79,First Tech FCU,TBD - Needs Business Logic,2025-01-28,Charged Off,,No,First Tech FCU
123783,79,First Tech FCU,TBD - Needs Business Logic,2025-01-28,Charged Off,,No,First Tech FCU
123783,98,First Party Fraud - Confirmed,TBD - Needs Business Logic,2025-01-28,Charged Off,,No,First Tech FCU
81715,193,Bankruptcy Monitoring,TBD - Needs Business Logic,2025-01-27,Charged Off,,Yes - Repurchased,Payoff Consumer Loan Trust
81715,78,Technology CU,TBD - Needs Business Logic,2025-01-27,Charged Off,,No,Technology CU
81715,78,Technology CU,TBD - Needs Business Logic,2025-01-27,Charged Off,,Yes - Repurchased,Payoff Consumer Loan Trust
81715,78,Technology CU,TBD - Needs Business Logic,2025-01-27,Charged Off,,No,Technology CU
81715,78,Technology CU,TBD - Needs Business Logic,2025-01-27,Charged Off,,Yes - Repurchased,Payoff Consumer Loan Trust
81715,193,Bankruptcy Monitoring,TBD - Needs Business Logic,2025-01-27,Charged Off,,No,Technology CU
81715,196,BankruptcyWatch Integration,TBD - Needs Business Logic,2025-01-27,Charged Off,,No,Technology CU
81715,196,BankruptcyWatch Integration,TBD - Needs Business Logic,2025-01-27,Charged Off,,Yes - Repurchased,Payoff Consumer Loan Trust
81715,98,First Party Fraud - Confirmed,TBD - Needs Business Logic,2025-01-27,Charged Off,,No,Technology CU
81715,98,First Party Fraud - Confirmed,TBD - Needs Business Logic,2025-01-27,Charged Off,,Yes - Repurchased,Payoff Consumer Loan Trust
96973,196,BankruptcyWatch Integration,TBD - Needs Business Logic,2025-01-27,Charged Off,,No,Cross River Bank TP
96973,98,First Party Fraud - Confirmed,TBD - Needs Business Logic,2025-01-27,Charged Off,,No,Cross River Bank TP
96973,139,Cross River Bank TP,TBD - Needs Business Logic,2025-01-27,Charged Off,,No,Cross River Bank TP
96973,139,Cross River Bank TP,TBD - Needs Business Logic,2025-01-27,Charged Off,,No,Cross River Bank TP
96973,139,Cross River Bank TP,TBD - Needs Business Logic,2025-01-27,Charged Off,,No,Cross River Bank TP
96973,193,Bankruptcy Monitoring,TBD - Needs Business Logic,2025-01-27,Charged Off,,No,Cross River Bank TP
98231,139,Cross River Bank TP,TBD - Needs Business Logic,2025-01-27,Charged Off,,No,Cross River Bank TP
98231,139,Cross River Bank TP,TBD - Needs Business Logic,2025-01-27,Charged Off,,No,Cross River Bank TP
98231,193,Bankruptcy Monitoring,TBD - Needs Business Logic,2025-01-27,Charged Off,,No,Cross River Bank TP
98231,98,First Party Fraud - Confirmed,TBD - Needs Business Logic,2025-01-27,Charged Off,,No,Cross River Bank TP
98231,196,BankruptcyWatch Integration,TBD - Needs Business Logic,2025-01-27,Charged Off,,No,Cross River Bank TP
98231,139,Cross River Bank TP,TBD - Needs Business Logic,2025-01-27,Charged Off,,No,Cross River Bank TP
100429,138,Cross River Bank TM,TBD - Needs Business Logic,2025-01-27,Charged Off,,Yes - Repurchased,Payoff FBO Alliant Credit Union
100429,64,Enrolled In AutoPay,TBD - Needs Business Logic,2025-01-27,Charged Off,,Yes - Repurchased,Payoff FBO Alliant Credit Union
100429,193,Bankruptcy Monitoring,TBD - Needs Business Logic,2025-01-27,Charged Off,,No,Cross River Bank TM
100429,193,Bankruptcy Monitoring,TBD - Needs Business Logic,2025-01-27,Charged Off,,Yes - Repurchased,Payoff FBO Alliant Credit Union
100429,138,Cross River Bank TM,TBD - Needs Business Logic,2025-01-27,Charged Off,,No,Cross River Bank TM
100429,138,Cross River Bank TM,TBD - Needs Business Logic,2025-01-27,Charged Off,,Yes - Repurchased,Payoff FBO Alliant Credit Union
100429,138,Cross River Bank TM,TBD - Needs Business Logic,2025-01-27,Charged Off,,No,Cross River Bank TM
100429,138,Cross River Bank TM,TBD - Needs Business Logic,2025-01-27,Charged Off,,Yes - Repurchased,Payoff FBO Alliant Credit Union
100429,138,Cross River Bank TM,TBD - Needs Business Logic,2025-01-27,Charged Off,,No,Cross River Bank TM
100429,64,Enrolled In AutoPay,TBD - Needs Business Logic,2025-01-27,Charged Off,,No,Cross River Bank TM
100429,196,BankruptcyWatch Integration,TBD - Needs Business Logic,2025-01-27,Charged Off,,Yes - Repurchased,Payoff FBO Alliant Credit Union
100429,196,BankruptcyWatch Integration,TBD - Needs Business Logic,2025-01-27,Charged Off,,No,Cross River Bank TM
100429,98,First Party Fraud - Confirmed,TBD - Needs Business Logic,2025-01-27,Charged Off,,Yes - Repurchased,Payoff FBO Alliant Credit Union
100429,98,First Party Fraud - Confirmed,TBD - Needs Business Logic,2025-01-27,Charged Off,,No,Cross River Bank TM
114817,196,BankruptcyWatch Integration,TBD - Needs Business Logic,2025-01-27,Charged Off,,No,Veridian CU
114817,64,Enrolled In AutoPay,TBD - Needs Business Logic,2025-01-27,Charged Off,,No,Veridian CU
114817,193,Bankruptcy Monitoring,TBD - Needs Business Logic,2025-01-27,Charged Off,,No,Veridian CU
114817,98,First Party Fraud - Confirmed,TBD - Needs Business Logic,2025-01-27,Charged Off,,No,Veridian CU
114817,91,Veridian CU,TBD - Needs Business Logic,2025-01-27,Charged Off,,No,Veridian CU
114817,91,Veridian CU,TBD - Needs Business Logic,2025-01-27,Charged Off,,No,Veridian CU
118079,86,GreenState CU,TBD - Needs Business Logic,2025-01-27,Charged Off,,No,GreenState CU
118079,98,First Party Fraud - Confirmed,TBD - Needs Business Logic,2025-01-27,Charged Off,,No,GreenState CU
118079,196,BankruptcyWatch Integration,TBD - Needs Business Logic,2025-01-27,Charged Off,,No,GreenState CU
118079,86,GreenState CU,TBD - Needs Business Logic,2025-01-27,Charged Off,,No,GreenState CU
118079,193,Bankruptcy Monitoring,TBD - Needs Business Logic,2025-01-27,Charged Off,,No,GreenState CU
78146,88,USAlliance FCU,TBD - Needs Business Logic,2025-01-23,Charged Off,,No,USAlliance FCU
78146,88,USAlliance FCU,TBD - Needs Business Logic,2025-01-23,Charged Off,,No,USAlliance FCU
78146,196,BankruptcyWatch Integration,TBD - Needs Business Logic,2025-01-23,Charged Off,,No,USAlliance FCU
78146,98,First Party Fraud - Confirmed,TBD - Needs Business Logic,2025-01-23,Charged Off,,No,USAlliance FCU
78146,193,Bankruptcy Monitoring,TBD - Needs Business Logic,2025-01-23,Charged Off,,No,USAlliance FCU
83536,98,First Party Fraud - Confirmed,TBD - Needs Business Logic,2025-01-23,Charged Off,,No,Alliant CU
83536,77,Alliant CU,TBD - Needs Business Logic,2025-01-23,Charged Off,,No,Alliant CU
83536,77,Alliant CU,TBD - Needs Business Logic,2025-01-23,Charged Off,,No,Alliant CU
83536,193,Bankruptcy Monitoring,TBD - Needs Business Logic,2025-01-23,Charged Off,,No,Alliant CU
83536,196,BankruptcyWatch Integration,TBD - Needs Business Logic,2025-01-23,Charged Off,,No,Alliant CU
94958,181,BankruptcyWatch Primary Case Terminated,TBD - Needs Business Logic,2025-01-23,Charged Off,,No,Alliant CU
94958,64,Enrolled In AutoPay,TBD - Needs Business Logic,2025-01-23,Charged Off,,No,Alliant CU
94958,77,Alliant CU,TBD - Needs Business Logic,2025-01-23,Charged Off,,No,Alliant CU
94958,77,Alliant CU,TBD - Needs Business Logic,2025-01-23,Charged Off,,No,Alliant CU
94958,196,BankruptcyWatch Integration,TBD - Needs Business Logic,2025-01-23,Charged Off,,No,Alliant CU
94958,98,First Party Fraud - Confirmed,TBD - Needs Business Logic,2025-01-23,Charged Off,,No,Alliant CU
94958,193,Bankruptcy Monitoring,TBD - Needs Business Logic,2025-01-23,Charged Off,,No,Alliant CU
106437,73,Do Not SMS,TBD - Needs Business Logic,2025-01-22,Charged Off,2025-01-22,No,Happy Money
106437,193,Bankruptcy Monitoring,TBD - Needs Business Logic,2025-01-22,Charged Off,2025-01-22,No,Happy Money
106437,72,Do Not Call,TBD - Needs Business Logic,2025-01-22,Charged Off,2025-01-22,No,Happy Money
106437,196,BankruptcyWatch Integration,TBD - Needs Business Logic,2025-01-22,Charged Off,2025-01-22,No,Happy Money
106437,198,FEB,TBD - Needs Business Logic,2025-01-22,Charged Off,2025-01-22,No,Happy Money
106437,75,Do Not Mail,TBD - Needs Business Logic,2025-01-22,Charged Off,2025-01-22,No,Happy Money
106437,198,FEB,TBD - Needs Business Logic,2025-01-22,Charged Off,2025-01-22,No,Happy Money
106437,17,Identity Theft Fraud - Confirmed,TBD - Needs Business Logic,2025-01-22,Charged Off,2025-01-22,No,Happy Money
106437,74,Do Not Email,TBD - Needs Business Logic,2025-01-22,Charged Off,2025-01-22,No,Happy Money
115311,196,BankruptcyWatch Integration,TBD - Needs Business Logic,2025-01-21,Charged Off,,No,Alliant CU
115311,98,First Party Fraud - Confirmed,TBD - Needs Business Logic,2025-01-21,Charged Off,,No,Alliant CU
115311,193,Bankruptcy Monitoring,TBD - Needs Business Logic,2025-01-21,Charged Off,,No,Alliant CU
115311,77,Alliant CU,TBD - Needs Business Logic,2025-01-21,Charged Off,,No,Alliant CU
115311,77,Alliant CU,TBD - Needs Business Logic,2025-01-21,Charged Off,,No,Alliant CU
115311,64,Enrolled In AutoPay,TBD - Needs Business Logic,2025-01-21,Charged Off,,No,Alliant CU
70530,77,Alliant CU,TBD - Needs Business Logic,2025-01-17,Active,,No,Happy Money
70530,196,BankruptcyWatch Integration,TBD - Needs Business Logic,2025-01-17,Active,,No,Happy Money
70530,77,Alliant CU,TBD - Needs Business Logic,2025-01-17,Active,,No,Happy Money
70530,98,First Party Fraud - Confirmed,TBD - Needs Business Logic,2025-01-17,Active,,No,Happy Money
97616,86,GreenState CU,TBD - Needs Business Logic,2025-01-16,Charged Off,,No,Hive (Participation)
97616,86,GreenState CU,TBD - Needs Business Logic,2025-01-16,Charged Off,,No,Hive (Participation)
97616,196,BankruptcyWatch Integration,TBD - Needs Business Logic,2025-01-16,Charged Off,,No,Hive (Participation)
97616,193,Bankruptcy Monitoring,TBD - Needs Business Logic,2025-01-16,Charged Off,,No,Hive (Participation)
97616,86,GreenState CU,TBD - Needs Business Logic,2025-01-16,Charged Off,,No,Hive (Participation)
97616,98,First Party Fraud - Confirmed,TBD - Needs Business Logic,2025-01-16,Charged Off,,No,Hive (Participation)
97616,181,BankruptcyWatch Primary Case Terminated,TBD - Needs Business Logic,2025-01-16,Charged Off,,No,Hive (Participation)
97950,142,Theorem Main (Loan Sale),TBD - Needs Business Logic,2025-01-16,Charged Off,,No,Theorem Main (Loan Sale)
97950,142,Theorem Main (Loan Sale),TBD - Needs Business Logic,2025-01-16,Charged Off,,Yes - Repurchased,Payoff FBO First Technology Credit Union
97950,98,First Party Fraud - Confirmed,TBD - Needs Business Logic,2025-01-16,Charged Off,,No,Theorem Main (Loan Sale)
97950,138,Cross River Bank TM,TBD - Needs Business Logic,2025-01-16,Charged Off,,No,Theorem Main (Loan Sale)
97950,138,Cross River Bank TM,TBD - Needs Business Logic,2025-01-16,Charged Off,,Yes - Repurchased,Payoff FBO First Technology Credit Union
97950,138,Cross River Bank TM,TBD - Needs Business Logic,2025-01-16,Charged Off,,No,Theorem Main (Loan Sale)
97950,138,Cross River Bank TM,TBD - Needs Business Logic,2025-01-16,Charged Off,,Yes - Repurchased,Payoff FBO First Technology Credit Union
97950,98,First Party Fraud - Confirmed,TBD - Needs Business Logic,2025-01-16,Charged Off,,Yes - Repurchased,Payoff FBO First Technology Credit Union
97950,196,BankruptcyWatch Integration,TBD - Needs Business Logic,2025-01-16,Charged Off,,No,Theorem Main (Loan Sale)
97950,196,BankruptcyWatch Integration,TBD - Needs Business Logic,2025-01-16,Charged Off,,Yes - Repurchased,Payoff FBO First Technology Credit Union
97950,193,Bankruptcy Monitoring,TBD - Needs Business Logic,2025-01-16,Charged Off,,No,Theorem Main (Loan Sale)
97950,193,Bankruptcy Monitoring,TBD - Needs Business Logic,2025-01-16,Charged Off,,Yes - Repurchased,Payoff FBO First Technology Credit Union
105428,198,FEB,TBD - Needs Business Logic,2025-01-16,Charged Off,,No,Veridian CU
105428,98,First Party Fraud - Confirmed,TBD - Needs Business Logic,2025-01-16,Charged Off,,No,Veridian CU
105428,196,BankruptcyWatch Integration,TBD - Needs Business Logic,2025-01-16,Charged Off,,No,Veridian CU
105428,193,Bankruptcy Monitoring,TBD - Needs Business Logic,2025-01-16,Charged Off,,No,Veridian CU
105428,198,FEB,TBD - Needs Business Logic,2025-01-16,Charged Off,,No,Veridian CU
76898,18,Fraud - Declined,TBD - Needs Business Logic,2025-01-15,Charged Off,,No,Alliant CU
76898,193,Bankruptcy Monitoring,TBD - Needs Business Logic,2025-01-15,Charged Off,,No,Alliant CU
76898,196,BankruptcyWatch Integration,TBD - Needs Business Logic,2025-01-15,Charged Off,,No,Alliant CU
76898,77,Alliant CU,TBD - Needs Business Logic,2025-01-15,Charged Off,,No,Alliant CU
76898,77,Alliant CU,TBD - Needs Business Logic,2025-01-15,Charged Off,,No,Alliant CU
76898,98,First Party Fraud - Confirmed,TBD - Needs Business Logic,2025-01-15,Charged Off,,No,Alliant CU
86535,77,Alliant CU,TBD - Needs Business Logic,2025-01-15,Charged Off,,No,Alliant CU
86535,77,Alliant CU,TBD - Needs Business Logic,2025-01-15,Charged Off,,No,Alliant CU
86535,196,BankruptcyWatch Integration,TBD - Needs Business Logic,2025-01-15,Charged Off,,No,Alliant CU
86535,193,Bankruptcy Monitoring,TBD - Needs Business Logic,2025-01-15,Charged Off,,No,Alliant CU
86535,98,First Party Fraud - Confirmed,TBD - Needs Business Logic,2025-01-15,Charged Off,,No,Alliant CU
90200,98,First Party Fraud - Confirmed,TBD - Needs Business Logic,2025-01-15,Charged Off,,No,Teachers FCU
90200,193,Bankruptcy Monitoring,TBD - Needs Business Logic,2025-01-15,Charged Off,,No,Teachers FCU
90200,83,Teachers FCU,TBD - Needs Business Logic,2025-01-15,Charged Off,,No,Teachers FCU
90200,83,Teachers FCU,TBD - Needs Business Logic,2025-01-15,Charged Off,,No,Teachers FCU
90200,196,BankruptcyWatch Integration,TBD - Needs Business Logic,2025-01-15,Charged Off,,No,Teachers FCU
113370,98,First Party Fraud - Confirmed,TBD - Needs Business Logic,2025-01-15,Charged Off,,No,First Tech FCU
113370,79,First Tech FCU,TBD - Needs Business Logic,2025-01-15,Charged Off,,No,First Tech FCU
113370,79,First Tech FCU,TBD - Needs Business Logic,2025-01-15,Charged Off,,No,First Tech FCU
113370,193,Bankruptcy Monitoring,TBD - Needs Business Logic,2025-01-15,Charged Off,,No,First Tech FCU
113370,196,BankruptcyWatch Integration,TBD - Needs Business Logic,2025-01-15,Charged Off,,No,First Tech FCU
77846,193,Bankruptcy Monitoring,TBD - Needs Business Logic,2025-01-14,Charged Off,,No,Alliant CU
77846,77,Alliant CU,TBD - Needs Business Logic,2025-01-14,Charged Off,,No,Alliant CU
77846,98,First Party Fraud - Confirmed,TBD - Needs Business Logic,2025-01-14,Charged Off,,No,Alliant CU
77846,196,BankruptcyWatch Integration,TBD - Needs Business Logic,2025-01-14,Charged Off,,No,Alliant CU
77846,77,Alliant CU,TBD - Needs Business Logic,2025-01-14,Charged Off,,No,Alliant CU
77846,18,Fraud - Declined,TBD - Needs Business Logic,2025-01-14,Charged Off,,No,Alliant CU
96342,196,BankruptcyWatch Integration,TBD - Needs Business Logic,2025-01-14,Charged Off,,No,GreenState CU
96342,193,Bankruptcy Monitoring,TBD - Needs Business Logic,2025-01-14,Charged Off,,No,GreenState CU
96342,86,GreenState CU,TBD - Needs Business Logic,2025-01-14,Charged Off,,No,GreenState CU
96342,86,GreenState CU,TBD - Needs Business Logic,2025-01-14,Charged Off,,No,GreenState CU
96342,86,GreenState CU,TBD - Needs Business Logic,2025-01-14,Charged Off,,No,GreenState CU
96342,98,First Party Fraud - Confirmed,TBD - Needs Business Logic,2025-01-14,Charged Off,,No,GreenState CU
99235,17,Identity Theft Fraud - Confirmed,TBD - Needs Business Logic,2025-01-14,Charged Off,2025-01-14,No,Happy Money
99235,77,Alliant CU,TBD - Needs Business Logic,2025-01-14,Charged Off,2025-01-14,No,Happy Money
99235,193,Bankruptcy Monitoring,TBD - Needs Business Logic,2025-01-14,Charged Off,2025-01-14,No,Happy Money
99235,72,Do Not Call,TBD - Needs Business Logic,2025-01-14,Charged Off,2025-01-14,No,Happy Money
99235,74,Do Not Email,TBD - Needs Business Logic,2025-01-14,Charged Off,2025-01-14,No,Happy Money
99235,73,Do Not SMS,TBD - Needs Business Logic,2025-01-14,Charged Off,2025-01-14,No,Happy Money
99235,196,BankruptcyWatch Integration,TBD - Needs Business Logic,2025-01-14,Charged Off,2025-01-14,No,Happy Money
99235,75,Do Not Mail,TBD - Needs Business Logic,2025-01-14,Charged Off,2025-01-14,No,Happy Money
99235,77,Alliant CU,TBD - Needs Business Logic,2025-01-14,Charged Off,2025-01-14,No,Happy Money
99235,77,Alliant CU,TBD - Needs Business Logic,2025-01-14,Charged Off,2025-01-14,No,Happy Money
110772,193,Bankruptcy Monitoring,TBD - Needs Business Logic,2025-01-14,Charged Off,,No,Teachers FCU
110772,98,First Party Fraud - Confirmed,TBD - Needs Business Logic,2025-01-14,Charged Off,,No,Teachers FCU
110772,196,BankruptcyWatch Integration,TBD - Needs Business Logic,2025-01-14,Charged Off,,No,Teachers FCU
110772,83,Teachers FCU,TBD - Needs Business Logic,2025-01-14,Charged Off,,No,Teachers FCU
110772,83,Teachers FCU,TBD - Needs Business Logic,2025-01-14,Charged Off,,No,Teachers FCU
117922,77,Alliant CU,TBD - Needs Business Logic,2025-01-14,Charged Off,,No,Alliant CU
117922,18,Fraud - Declined,TBD - Needs Business Logic,2025-01-14,Charged Off,,No,Alliant CU
117922,196,BankruptcyWatch Integration,TBD - Needs Business Logic,2025-01-14,Charged Off,,No,Alliant CU
117922,98,First Party Fraud - Confirmed,TBD - Needs Business Logic,2025-01-14,Charged Off,,No,Alliant CU
117922,77,Alliant CU,TBD - Needs Business Logic,2025-01-14,Charged Off,,No,Alliant CU
117922,193,Bankruptcy Monitoring,TBD - Needs Business Logic,2025-01-14,Charged Off,,No,Alliant CU
123484,77,Alliant CU,TBD - Needs Business Logic,2025-01-14,Charged Off,,No,Alliant CU
123484,77,Alliant CU,TBD - Needs Business Logic,2025-01-14,Charged Off,,No,Alliant CU
123484,196,BankruptcyWatch Integration,TBD - Needs Business Logic,2025-01-14,Charged Off,,No,Alliant CU
123484,98,First Party Fraud - Confirmed,TBD - Needs Business Logic,2025-01-14,Charged Off,,No,Alliant CU
123484,193,Bankruptcy Monitoring,TBD - Needs Business Logic,2025-01-14,Charged Off,,No,Alliant CU
82482,196,BankruptcyWatch Integration,TBD - Needs Business Logic,2025-01-13,Charged Off,,No,Teachers FCU
82482,83,Teachers FCU,TBD - Needs Business Logic,2025-01-13,Charged Off,,No,Teachers FCU
82482,83,Teachers FCU,TBD - Needs Business Logic,2025-01-13,Charged Off,,No,Teachers FCU
82482,98,First Party Fraud - Confirmed,TBD - Needs Business Logic,2025-01-13,Charged Off,,No,Teachers FCU
82482,193,Bankruptcy Monitoring,TBD - Needs Business Logic,2025-01-13,Charged Off,,No,Teachers FCU
86558,98,First Party Fraud - Confirmed,TBD - Needs Business Logic,2025-01-09,Charged Off,,No,Alliant CU
86558,196,BankruptcyWatch Integration,TBD - Needs Business Logic,2025-01-09,Charged Off,,No,Alliant CU
86558,77,Alliant CU,TBD - Needs Business Logic,2025-01-09,Charged Off,,No,Alliant CU
86558,77,Alliant CU,TBD - Needs Business Logic,2025-01-09,Charged Off,,No,Alliant CU
86558,193,Bankruptcy Monitoring,TBD - Needs Business Logic,2025-01-09,Charged Off,,No,Alliant CU
123369,86,GreenState CU,TBD - Needs Business Logic,2025-01-09,Charged Off,2025-01-09,No,Happy Money
123369,193,Bankruptcy Monitoring,TBD - Needs Business Logic,2025-01-09,Charged Off,2025-01-09,No,Happy Money
123369,75,Do Not Mail,TBD - Needs Business Logic,2025-01-09,Charged Off,2025-01-09,No,Happy Money
123369,74,Do Not Email,TBD - Needs Business Logic,2025-01-09,Charged Off,2025-01-09,No,Happy Money
123369,86,GreenState CU,TBD - Needs Business Logic,2025-01-09,Charged Off,2025-01-09,No,Happy Money
123369,73,Do Not SMS,TBD - Needs Business Logic,2025-01-09,Charged Off,2025-01-09,No,Happy Money
123369,17,Identity Theft Fraud - Confirmed,TBD - Needs Business Logic,2025-01-09,Charged Off,2025-01-09,No,Happy Money
123369,196,BankruptcyWatch Integration,TBD - Needs Business Logic,2025-01-09,Charged Off,2025-01-09,No,Happy Money
123369,72,Do Not Call,TBD - Needs Business Logic,2025-01-09,Charged Off,2025-01-09,No,Happy Money
85823,88,USAlliance FCU,TBD - Needs Business Logic,2025-01-08,Charged Off,,No,USAlliance FCU
85823,88,USAlliance FCU,TBD - Needs Business Logic,2025-01-08,Charged Off,,No,USAlliance FCU
85823,98,First Party Fraud - Confirmed,TBD - Needs Business Logic,2025-01-08,Charged Off,,No,USAlliance FCU
85823,193,Bankruptcy Monitoring,TBD - Needs Business Logic,2025-01-08,Charged Off,,No,USAlliance FCU
85823,196,BankruptcyWatch Integration,TBD - Needs Business Logic,2025-01-08,Charged Off,,No,USAlliance FCU
90603,193,Bankruptcy Monitoring,TBD - Needs Business Logic,2025-01-08,Charged Off,,No,Alliant CU
90603,77,Alliant CU,TBD - Needs Business Logic,2025-01-08,Charged Off,,No,Alliant CU
90603,196,BankruptcyWatch Integration,TBD - Needs Business Logic,2025-01-08,Charged Off,,No,Alliant CU
90603,64,Enrolled In AutoPay,TBD - Needs Business Logic,2025-01-08,Charged Off,,No,Alliant CU
90603,77,Alliant CU,TBD - Needs Business Logic,2025-01-08,Charged Off,,No,Alliant CU
90603,98,First Party Fraud - Confirmed,TBD - Needs Business Logic,2025-01-08,Charged Off,,No,Alliant CU
96713,138,Cross River Bank TM,TBD - Needs Business Logic,2025-01-08,Charged Off,,No,Cross River Bank TM
96713,98,First Party Fraud - Confirmed,TBD - Needs Business Logic,2025-01-08,Charged Off,,Yes - Repurchased,Payoff FBO Alliant Credit Union
96713,193,Bankruptcy Monitoring,TBD - Needs Business Logic,2025-01-08,Charged Off,,No,Cross River Bank TM
96713,193,Bankruptcy Monitoring,TBD - Needs Business Logic,2025-01-08,Charged Off,,Yes - Repurchased,Payoff FBO Alliant Credit Union
96713,138,Cross River Bank TM,TBD - Needs Business Logic,2025-01-08,Charged Off,,Yes - Repurchased,Payoff FBO Alliant Credit Union
96713,138,Cross River Bank TM,TBD - Needs Business Logic,2025-01-08,Charged Off,,No,Cross River Bank TM
96713,138,Cross River Bank TM,TBD - Needs Business Logic,2025-01-08,Charged Off,,Yes - Repurchased,Payoff FBO Alliant Credit Union
96713,138,Cross River Bank TM,TBD - Needs Business Logic,2025-01-08,Charged Off,,No,Cross River Bank TM
96713,138,Cross River Bank TM,TBD - Needs Business Logic,2025-01-08,Charged Off,,Yes - Repurchased,Payoff FBO Alliant Credit Union
96713,196,BankruptcyWatch Integration,TBD - Needs Business Logic,2025-01-08,Charged Off,,No,Cross River Bank TM
96713,196,BankruptcyWatch Integration,TBD - Needs Business Logic,2025-01-08,Charged Off,,Yes - Repurchased,Payoff FBO Alliant Credit Union
96713,98,First Party Fraud - Confirmed,TBD - Needs Business Logic,2025-01-08,Charged Off,,No,Cross River Bank TM
98917,138,Cross River Bank TM,TBD - Needs Business Logic,2025-01-08,Charged Off,,No,Cross River Bank TM
98917,196,BankruptcyWatch Integration,TBD - Needs Business Logic,2025-01-08,Charged Off,,No,Cross River Bank TM
98917,196,BankruptcyWatch Integration,TBD - Needs Business Logic,2025-01-08,Charged Off,,Yes - Repurchased,Payoff FBO Alliant Credit Union
98917,18,Fraud - Declined,TBD - Needs Business Logic,2025-01-08,Charged Off,,No,Cross River Bank TM
98917,18,Fraud - Declined,TBD - Needs Business Logic,2025-01-08,Charged Off,,Yes - Repurchased,Payoff FBO Alliant Credit Union
98917,193,Bankruptcy Monitoring,TBD - Needs Business Logic,2025-01-08,Charged Off,,No,Cross River Bank TM
98917,193,Bankruptcy Monitoring,TBD - Needs Business Logic,2025-01-08,Charged Off,,Yes - Repurchased,Payoff FBO Alliant Credit Union
98917,138,Cross River Bank TM,TBD - Needs Business Logic,2025-01-08,Charged Off,,Yes - Repurchased,Payoff FBO Alliant Credit Union
98917,138,Cross River Bank TM,TBD - Needs Business Logic,2025-01-08,Charged Off,,No,Cross River Bank TM
98917,138,Cross River Bank TM,TBD - Needs Business Logic,2025-01-08,Charged Off,,Yes - Repurchased,Payoff FBO Alliant Credit Union
98917,138,Cross River Bank TM,TBD - Needs Business Logic,2025-01-08,Charged Off,,No,Cross River Bank TM
98917,138,Cross River Bank TM,TBD - Needs Business Logic,2025-01-08,Charged Off,,Yes - Repurchased,Payoff FBO Alliant Credit Union
98917,98,First Party Fraud - Confirmed,TBD - Needs Business Logic,2025-01-08,Charged Off,,Yes - Repurchased,Payoff FBO Alliant Credit Union
98917,98,First Party Fraud - Confirmed,TBD - Needs Business Logic,2025-01-08,Charged Off,,No,Cross River Bank TM
101694,196,BankruptcyWatch Integration,TBD - Needs Business Logic,2025-01-08,Charged Off,,No,Veridian CU
101694,181,BankruptcyWatch Primary Case Terminated,TBD - Needs Business Logic,2025-01-08,Charged Off,,No,Veridian CU
101694,193,Bankruptcy Monitoring,TBD - Needs Business Logic,2025-01-08,Charged Off,,No,Veridian CU
101694,98,First Party Fraud - Confirmed,TBD - Needs Business Logic,2025-01-08,Charged Off,,No,Veridian CU
101694,18,Fraud - Declined,TBD - Needs Business Logic,2025-01-08,Charged Off,,No,Veridian CU
101694,198,FEB,TBD - Needs Business Logic,2025-01-08,Charged Off,,No,Veridian CU
101694,198,FEB,TBD - Needs Business Logic,2025-01-08,Charged Off,,No,Veridian CU
104663,77,Alliant CU,TBD - Needs Business Logic,2025-01-08,Charged Off,,No,Alliant CU
104663,196,BankruptcyWatch Integration,TBD - Needs Business Logic,2025-01-08,Charged Off,,No,Alliant CU
104663,77,Alliant CU,TBD - Needs Business Logic,2025-01-08,Charged Off,,No,Alliant CU
104663,193,Bankruptcy Monitoring,TBD - Needs Business Logic,2025-01-08,Charged Off,,No,Alliant CU
104663,98,First Party Fraud - Confirmed,TBD - Needs Business Logic,2025-01-08,Charged Off,,No,Alliant CU
104970,77,Alliant CU,TBD - Needs Business Logic,2025-01-08,Charged Off,,No,Alliant CU
104970,18,Fraud - Declined,TBD - Needs Business Logic,2025-01-08,Charged Off,,No,Alliant CU
104970,98,First Party Fraud - Confirmed,TBD - Needs Business Logic,2025-01-08,Charged Off,,No,Alliant CU
104970,77,Alliant CU,TBD - Needs Business Logic,2025-01-08,Charged Off,,No,Alliant CU
104970,193,Bankruptcy Monitoring,TBD - Needs Business Logic,2025-01-08,Charged Off,,No,Alliant CU
104970,196,BankruptcyWatch Integration,TBD - Needs Business Logic,2025-01-08,Charged Off,,No,Alliant CU
105080,79,First Tech FCU,TBD - Needs Business Logic,2025-01-08,Charged Off,,No,First Tech FCU
105080,193,Bankruptcy Monitoring,TBD - Needs Business Logic,2025-01-08,Charged Off,,No,First Tech FCU
105080,79,First Tech FCU,TBD - Needs Business Logic,2025-01-08,Charged Off,,No,First Tech FCU
105080,196,BankruptcyWatch Integration,TBD - Needs Business Logic,2025-01-08,Charged Off,,No,First Tech FCU
105080,98,First Party Fraud - Confirmed,TBD - Needs Business Logic,2025-01-08,Charged Off,,No,First Tech FCU
77471,193,Bankruptcy Monitoring,TBD - Needs Business Logic,2025-01-07,Charged Off,,No,Happy Money
77471,78,Technology CU,TBD - Needs Business Logic,2025-01-07,Charged Off,,No,Happy Money
77471,78,Technology CU,TBD - Needs Business Logic,2025-01-07,Charged Off,,No,Happy Money
77471,196,BankruptcyWatch Integration,TBD - Needs Business Logic,2025-01-07,Charged Off,,No,Happy Money
77471,98,First Party Fraud - Confirmed,TBD - Needs Business Logic,2025-01-07,Charged Off,,No,Happy Money
99173,138,Cross River Bank TM,TBD - Needs Business Logic,2025-01-07,Charged Off,,No,Happy Money
99173,196,BankruptcyWatch Integration,TBD - Needs Business Logic,2025-01-07,Charged Off,,No,Happy Money
99173,193,Bankruptcy Monitoring,TBD - Needs Business Logic,2025-01-07,Charged Off,,No,Happy Money
99173,138,Cross River Bank TM,TBD - Needs Business Logic,2025-01-07,Charged Off,,No,Happy Money
99173,138,Cross River Bank TM,TBD - Needs Business Logic,2025-01-07,Charged Off,,No,Happy Money
99173,98,First Party Fraud - Confirmed,TBD - Needs Business Logic,2025-01-07,Charged Off,,No,Happy Money
33705,196,BankruptcyWatch Integration,TBD - Needs Business Logic,2025-01-06,Charged Off,2025-01-06,No,Happy Money
33705,75,Do Not Mail,TBD - Needs Business Logic,2025-01-06,Charged Off,2025-01-06,No,Happy Money
33705,73,Do Not SMS,TBD - Needs Business Logic,2025-01-06,Charged Off,2025-01-06,No,Happy Money
33705,17,Identity Theft Fraud - Confirmed,TBD - Needs Business Logic,2025-01-06,Charged Off,2025-01-06,No,Happy Money
33705,72,Do Not Call,TBD - Needs Business Logic,2025-01-06,Charged Off,2025-01-06,No,Happy Money
33705,59,Account Balance Issues,TBD - Needs Business Logic,2025-01-06,Charged Off,2025-01-06,No,Happy Money
33705,64,Enrolled In AutoPay,TBD - Needs Business Logic,2025-01-06,Charged Off,2025-01-06,No,Happy Money
33705,74,Do Not Email,TBD - Needs Business Logic,2025-01-06,Charged Off,2025-01-06,No,Happy Money
33705,79,First Tech FCU,TBD - Needs Business Logic,2025-01-06,Charged Off,2025-01-06,No,Happy Money
33705,79,First Tech FCU,TBD - Needs Business Logic,2025-01-06,Charged Off,2025-01-06,No,Happy Money
82312,193,Bankruptcy Monitoring,TBD - Needs Business Logic,2025-01-06,Charged Off,,No,First Tech FCU
82312,79,First Tech FCU,TBD - Needs Business Logic,2025-01-06,Charged Off,,No,First Tech FCU
82312,72,Do Not Call,TBD - Needs Business Logic,2025-01-06,Charged Off,,No,First Tech FCU
82312,196,BankruptcyWatch Integration,TBD - Needs Business Logic,2025-01-06,Charged Off,,No,First Tech FCU
82312,73,Do Not SMS,TBD - Needs Business Logic,2025-01-06,Charged Off,,No,First Tech FCU
82312,75,Do Not Mail,TBD - Needs Business Logic,2025-01-06,Charged Off,,No,First Tech FCU
82312,74,Do Not Email,TBD - Needs Business Logic,2025-01-06,Charged Off,,No,First Tech FCU
82312,98,First Party Fraud - Confirmed,TBD - Needs Business Logic,2025-01-06,Charged Off,,No,First Tech FCU
82312,79,First Tech FCU,TBD - Needs Business Logic,2025-01-06,Charged Off,,No,First Tech FCU
85059,98,First Party Fraud - Confirmed,TBD - Needs Business Logic,2025-01-06,Charged Off,,No,Alliant CU
85059,193,Bankruptcy Monitoring,TBD - Needs Business Logic,2025-01-06,Charged Off,,No,Alliant CU
85059,77,Alliant CU,TBD - Needs Business Logic,2025-01-06,Charged Off,,No,Alliant CU
85059,77,Alliant CU,TBD - Needs Business Logic,2025-01-06,Charged Off,,No,Alliant CU
85059,196,BankruptcyWatch Integration,TBD - Needs Business Logic,2025-01-06,Charged Off,,No,Alliant CU
103135,193,Bankruptcy Monitoring,TBD - Needs Business Logic,2025-01-06,Charged Off,,No,Alliant CU
103135,72,Do Not Call,TBD - Needs Business Logic,2025-01-06,Charged Off,,No,Alliant CU
103135,74,Do Not Email,TBD - Needs Business Logic,2025-01-06,Charged Off,,No,Alliant CU
103135,16,Fraud - Pending Investigation,TBD - Needs Business Logic,2025-01-06,Charged Off,,No,Alliant CU
103135,196,BankruptcyWatch Integration,TBD - Needs Business Logic,2025-01-06,Charged Off,,No,Alliant CU
103135,18,Fraud - Declined,TBD - Needs Business Logic,2025-01-06,Charged Off,,No,Alliant CU
103135,77,Alliant CU,TBD - Needs Business Logic,2025-01-06,Charged Off,,No,Alliant CU
103135,77,Alliant CU,TBD - Needs Business Logic,2025-01-06,Charged Off,,No,Alliant CU
103135,98,First Party Fraud - Confirmed,TBD - Needs Business Logic,2025-01-06,Charged Off,,No,Alliant CU
103135,75,Do Not Mail,TBD - Needs Business Logic,2025-01-06,Charged Off,,No,Alliant CU
103135,73,Do Not SMS,TBD - Needs Business Logic,2025-01-06,Charged Off,,No,Alliant CU
106178,75,Do Not Mail,TBD - Needs Business Logic,2025-01-06,Charged Off,,No,Alliant CU
106178,193,Bankruptcy Monitoring,TBD - Needs Business Logic,2025-01-06,Charged Off,,No,Alliant CU
106178,73,Do Not SMS,TBD - Needs Business Logic,2025-01-06,Charged Off,,No,Alliant CU
106178,196,BankruptcyWatch Integration,TBD - Needs Business Logic,2025-01-06,Charged Off,,No,Alliant CU
106178,72,Do Not Call,TBD - Needs Business Logic,2025-01-06,Charged Off,,No,Alliant CU
106178,77,Alliant CU,TBD - Needs Business Logic,2025-01-06,Charged Off,,No,Alliant CU
106178,77,Alliant CU,TBD - Needs Business Logic,2025-01-06,Charged Off,,No,Alliant CU
106178,18,Fraud - Declined,TBD - Needs Business Logic,2025-01-06,Charged Off,,No,Alliant CU
106178,74,Do Not Email,TBD - Needs Business Logic,2025-01-06,Charged Off,,No,Alliant CU
106178,98,First Party Fraud - Confirmed,TBD - Needs Business Logic,2025-01-06,Charged Off,,No,Alliant CU
111987,193,Bankruptcy Monitoring,TBD - Needs Business Logic,2025-01-06,Charged Off,,No,Alliant CU
111987,98,First Party Fraud - Confirmed,TBD - Needs Business Logic,2025-01-06,Charged Off,,No,Alliant CU
111987,77,Alliant CU,TBD - Needs Business Logic,2025-01-06,Charged Off,,No,Alliant CU
111987,77,Alliant CU,TBD - Needs Business Logic,2025-01-06,Charged Off,,No,Alliant CU
111987,196,BankruptcyWatch Integration,TBD - Needs Business Logic,2025-01-06,Charged Off,,No,Alliant CU
116682,73,Do Not SMS,TBD - Needs Business Logic,2025-01-06,Charged Off,2025-01-06,No,Happy Money
116682,193,Bankruptcy Monitoring,TBD - Needs Business Logic,2025-01-06,Charged Off,2025-01-06,No,Happy Money
116682,75,Do Not Mail,TBD - Needs Business Logic,2025-01-06,Charged Off,2025-01-06,No,Happy Money
116682,72,Do Not Call,TBD - Needs Business Logic,2025-01-06,Charged Off,2025-01-06,No,Happy Money
116682,74,Do Not Email,TBD - Needs Business Logic,2025-01-06,Charged Off,2025-01-06,No,Happy Money
116682,86,GreenState CU,TBD - Needs Business Logic,2025-01-06,Charged Off,2025-01-06,No,Happy Money
116682,86,GreenState CU,TBD - Needs Business Logic,2025-01-06,Charged Off,2025-01-06,No,Happy Money
116682,17,Identity Theft Fraud - Confirmed,TBD - Needs Business Logic,2025-01-06,Charged Off,2025-01-06,No,Happy Money
116682,196,BankruptcyWatch Integration,TBD - Needs Business Logic,2025-01-06,Charged Off,2025-01-06,No,Happy Money
123593,98,First Party Fraud - Confirmed,TBD - Needs Business Logic,2025-01-06,Charged Off,,No,Alliant CU
123593,196,BankruptcyWatch Integration,TBD - Needs Business Logic,2025-01-06,Charged Off,,No,Alliant CU
123593,77,Alliant CU,TBD - Needs Business Logic,2025-01-06,Charged Off,,No,Alliant CU
123593,77,Alliant CU,TBD - Needs Business Logic,2025-01-06,Charged Off,,No,Alliant CU
123593,193,Bankruptcy Monitoring,TBD - Needs Business Logic,2025-01-06,Charged Off,,No,Alliant CU
75912,193,Bankruptcy Monitoring,TBD - Needs Business Logic,2025-01-02,Charged Off,,No,Alliant CU
75912,98,First Party Fraud - Confirmed,TBD - Needs Business Logic,2025-01-02,Charged Off,,No,Alliant CU
75912,77,Alliant CU,TBD - Needs Business Logic,2025-01-02,Charged Off,,No,Alliant CU
75912,77,Alliant CU,TBD - Needs Business Logic,2025-01-02,Charged Off,,No,Alliant CU
75912,196,BankruptcyWatch Integration,TBD - Needs Business Logic,2025-01-02,Charged Off,,No,Alliant CU
91410,79,First Tech FCU,TBD - Needs Business Logic,2025-01-02,Charged Off,,No,First Tech FCU
91410,98,First Party Fraud - Confirmed,TBD - Needs Business Logic,2025-01-02,Charged Off,,No,First Tech FCU
91410,193,Bankruptcy Monitoring,TBD - Needs Business Logic,2025-01-02,Charged Off,,No,First Tech FCU
91410,196,BankruptcyWatch Integration,TBD - Needs Business Logic,2025-01-02,Charged Off,,No,First Tech FCU
91410,79,First Tech FCU,TBD - Needs Business Logic,2025-01-02,Charged Off,,No,First Tech FCU
120223,83,Teachers FCU,TBD - Needs Business Logic,2025-01-02,Charged Off,,No,Teachers FCU
120223,196,BankruptcyWatch Integration,TBD - Needs Business Logic,2025-01-02,Charged Off,,No,Teachers FCU
120223,83,Teachers FCU,TBD - Needs Business Logic,2025-01-02,Charged Off,,No,Teachers FCU
120223,98,First Party Fraud - Confirmed,TBD - Needs Business Logic,2025-01-02,Charged Off,,No,Teachers FCU
120223,193,Bankruptcy Monitoring,TBD - Needs Business Logic,2025-01-02,Charged Off,,No,Teachers FCU
84811,196,BankruptcyWatch Integration,TBD - Needs Business Logic,2024-12-30,Charged Off,,No,Alliant CU
84811,98,First Party Fraud - Confirmed,TBD - Needs Business Logic,2024-12-30,Charged Off,,No,Alliant CU
84811,193,Bankruptcy Monitoring,TBD - Needs Business Logic,2024-12-30,Charged Off,,No,Alliant CU
84811,77,Alliant CU,TBD - Needs Business Logic,2024-12-30,Charged Off,,No,Alliant CU
84811,77,Alliant CU,TBD - Needs Business Logic,2024-12-30,Charged Off,,No,Alliant CU
93315,77,Alliant CU,TBD - Needs Business Logic,2024-12-30,Charged Off,,No,Alliant CU
93315,77,Alliant CU,TBD - Needs Business Logic,2024-12-30,Charged Off,,No,Alliant CU
93315,196,BankruptcyWatch Integration,TBD - Needs Business Logic,2024-12-30,Charged Off,,No,Alliant CU
93315,98,First Party Fraud - Confirmed,TBD - Needs Business Logic,2024-12-30,Charged Off,,No,Alliant CU
93315,193,Bankruptcy Monitoring,TBD - Needs Business Logic,2024-12-30,Charged Off,,No,Alliant CU
95173,196,BankruptcyWatch Integration,TBD - Needs Business Logic,2024-12-30,Charged Off,,No,Alliant CU
95173,193,Bankruptcy Monitoring,TBD - Needs Business Logic,2024-12-30,Charged Off,,No,Alliant CU
95173,181,BankruptcyWatch Primary Case Terminated,TBD - Needs Business Logic,2024-12-30,Charged Off,,No,Alliant CU
95173,77,Alliant CU,TBD - Needs Business Logic,2024-12-30,Charged Off,,No,Alliant CU
95173,98,First Party Fraud - Confirmed,TBD - Needs Business Logic,2024-12-30,Charged Off,,No,Alliant CU
95173,77,Alliant CU,TBD - Needs Business Logic,2024-12-30,Charged Off,,No,Alliant CU
102137,193,Bankruptcy Monitoring,TBD - Needs Business Logic,2024-12-30,Charged Off,,No,Veridian CU
102137,198,FEB,TBD - Needs Business Logic,2024-12-30,Charged Off,,No,Veridian CU
102137,198,FEB,TBD - Needs Business Logic,2024-12-30,Charged Off,,No,Veridian CU
102137,196,BankruptcyWatch Integration,TBD - Needs Business Logic,2024-12-30,Charged Off,,No,Veridian CU
102137,181,BankruptcyWatch Primary Case Terminated,TBD - Needs Business Logic,2024-12-30,Charged Off,,No,Veridian CU
102137,98,First Party Fraud - Confirmed,TBD - Needs Business Logic,2024-12-30,Charged Off,,No,Veridian CU
105874,18,Fraud - Declined,TBD - Needs Business Logic,2024-12-30,Charged Off,,No,Alliant CU
105874,77,Alliant CU,TBD - Needs Business Logic,2024-12-30,Charged Off,,No,Alliant CU
105874,77,Alliant CU,TBD - Needs Business Logic,2024-12-30,Charged Off,,No,Alliant CU
105874,98,First Party Fraud - Confirmed,TBD - Needs Business Logic,2024-12-30,Charged Off,,No,Alliant CU
105874,193,Bankruptcy Monitoring,TBD - Needs Business Logic,2024-12-30,Charged Off,,No,Alliant CU
105874,196,BankruptcyWatch Integration,TBD - Needs Business Logic,2024-12-30,Charged Off,,No,Alliant CU
106375,193,Bankruptcy Monitoring,TBD - Needs Business Logic,2024-12-30,Charged Off,,No,Veridian CU
106375,196,BankruptcyWatch Integration,TBD - Needs Business Logic,2024-12-30,Charged Off,,No,Veridian CU
106375,72,Do Not Call,TBD - Needs Business Logic,2024-12-30,Charged Off,,No,Veridian CU
106375,75,Do Not Mail,TBD - Needs Business Logic,2024-12-30,Charged Off,,No,Veridian CU
106375,73,Do Not SMS,TBD - Needs Business Logic,2024-12-30,Charged Off,,No,Veridian CU
106375,198,FEB,TBD - Needs Business Logic,2024-12-30,Charged Off,,No,Veridian CU
106375,98,First Party Fraud - Confirmed,TBD - Needs Business Logic,2024-12-30,Charged Off,,No,Veridian CU
106375,74,Do Not Email,TBD - Needs Business Logic,2024-12-30,Charged Off,,No,Veridian CU
106375,198,FEB,TBD - Needs Business Logic,2024-12-30,Charged Off,,No,Veridian CU
86217,18,Fraud - Declined,TBD - Needs Business Logic,2024-12-27,Charged Off,,No,GreenState CU
86217,98,First Party Fraud - Confirmed,TBD - Needs Business Logic,2024-12-27,Charged Off,,No,GreenState CU
86217,196,BankruptcyWatch Integration,TBD - Needs Business Logic,2024-12-27,Charged Off,,No,GreenState CU
86217,86,GreenState CU,TBD - Needs Business Logic,2024-12-27,Charged Off,,No,GreenState CU
86217,193,Bankruptcy Monitoring,TBD - Needs Business Logic,2024-12-27,Charged Off,,No,GreenState CU
86217,86,GreenState CU,TBD - Needs Business Logic,2024-12-27,Charged Off,,No,GreenState CU
89307,196,BankruptcyWatch Integration,TBD - Needs Business Logic,2024-12-27,Charged Off,,No,Alliant CU
89307,73,Do Not SMS,TBD - Needs Business Logic,2024-12-27,Charged Off,,No,Alliant CU
89307,193,Bankruptcy Monitoring,TBD - Needs Business Logic,2024-12-27,Charged Off,,No,Alliant CU
89307,75,Do Not Mail,TBD - Needs Business Logic,2024-12-27,Charged Off,,No,Alliant CU
89307,98,First Party Fraud - Confirmed,TBD - Needs Business Logic,2024-12-27,Charged Off,,No,Alliant CU
89307,77,Alliant CU,TBD - Needs Business Logic,2024-12-27,Charged Off,,No,Alliant CU
89307,77,Alliant CU,TBD - Needs Business Logic,2024-12-27,Charged Off,,No,Alliant CU
89307,74,Do Not Email,TBD - Needs Business Logic,2024-12-27,Charged Off,,No,Alliant CU
89307,72,Do Not Call,TBD - Needs Business Logic,2024-12-27,Charged Off,,No,Alliant CU
99949,138,Cross River Bank TM,TBD - Needs Business Logic,2024-12-27,Charged Off,,Yes - Repurchased,Payoff FBO Alliant Credit Union
99949,193,Bankruptcy Monitoring,TBD - Needs Business Logic,2024-12-27,Charged Off,,Yes - Repurchased,Payoff FBO Alliant Credit Union
99949,193,Bankruptcy Monitoring,TBD - Needs Business Logic,2024-12-27,Charged Off,,No,Cross River Bank TM
99949,75,Do Not Mail,TBD - Needs Business Logic,2024-12-27,Charged Off,,Yes - Repurchased,Payoff FBO Alliant Credit Union
99949,98,First Party Fraud - Confirmed,TBD - Needs Business Logic,2024-12-27,Charged Off,,No,Cross River Bank TM
99949,98,First Party Fraud - Confirmed,TBD - Needs Business Logic,2024-12-27,Charged Off,,Yes - Repurchased,Payoff FBO Alliant Credit Union
99949,75,Do Not Mail,TBD - Needs Business Logic,2024-12-27,Charged Off,,No,Cross River Bank TM
99949,72,Do Not Call,TBD - Needs Business Logic,2024-12-27,Charged Off,,Yes - Repurchased,Payoff FBO Alliant Credit Union
99949,73,Do Not SMS,TBD - Needs Business Logic,2024-12-27,Charged Off,,Yes - Repurchased,Payoff FBO Alliant Credit Union
99949,138,Cross River Bank TM,TBD - Needs Business Logic,2024-12-27,Charged Off,,No,Cross River Bank TM
99949,138,Cross River Bank TM,TBD - Needs Business Logic,2024-12-27,Charged Off,,Yes - Repurchased,Payoff FBO Alliant Credit Union
99949,138,Cross River Bank TM,TBD - Needs Business Logic,2024-12-27,Charged Off,,No,Cross River Bank TM
99949,138,Cross River Bank TM,TBD - Needs Business Logic,2024-12-27,Charged Off,,No,Cross River Bank TM
99949,138,Cross River Bank TM,TBD - Needs Business Logic,2024-12-27,Charged Off,,Yes - Repurchased,Payoff FBO Alliant Credit Union
99949,73,Do Not SMS,TBD - Needs Business Logic,2024-12-27,Charged Off,,No,Cross River Bank TM
99949,181,BankruptcyWatch Primary Case Terminated,TBD - Needs Business Logic,2024-12-27,Charged Off,,No,Cross River Bank TM
99949,181,BankruptcyWatch Primary Case Terminated,TBD - Needs Business Logic,2024-12-27,Charged Off,,Yes - Repurchased,Payoff FBO Alliant Credit Union
99949,196,BankruptcyWatch Integration,TBD - Needs Business Logic,2024-12-27,Charged Off,,Yes - Repurchased,Payoff FBO Alliant Credit Union
99949,196,BankruptcyWatch Integration,TBD - Needs Business Logic,2024-12-27,Charged Off,,No,Cross River Bank TM
99949,74,Do Not Email,TBD - Needs Business Logic,2024-12-27,Charged Off,,Yes - Repurchased,Payoff FBO Alliant Credit Union
99949,74,Do Not Email,TBD - Needs Business Logic,2024-12-27,Charged Off,,No,Cross River Bank TM
99949,72,Do Not Call,TBD - Needs Business Logic,2024-12-27,Charged Off,,No,Cross River Bank TM
103544,79,First Tech FCU,TBD - Needs Business Logic,2024-12-27,Charged Off,,No,First Tech FCU
103544,79,First Tech FCU,TBD - Needs Business Logic,2024-12-27,Charged Off,,No,First Tech FCU
103544,193,Bankruptcy Monitoring,TBD - Needs Business Logic,2024-12-27,Charged Off,,No,First Tech FCU
103544,196,BankruptcyWatch Integration,TBD - Needs Business Logic,2024-12-27,Charged Off,,No,First Tech FCU
103544,98,First Party Fraud - Confirmed,TBD - Needs Business Logic,2024-12-27,Charged Off,,No,First Tech FCU
112161,77,Alliant CU,TBD - Needs Business Logic,2024-12-27,Charged Off,,No,Alliant CU
112161,98,First Party Fraud - Confirmed,TBD - Needs Business Logic,2024-12-27,Charged Off,,No,Alliant CU
112161,193,Bankruptcy Monitoring,TBD - Needs Business Logic,2024-12-27,Charged Off,,No,Alliant CU
112161,77,Alliant CU,TBD - Needs Business Logic,2024-12-27,Charged Off,,No,Alliant CU
112161,196,BankruptcyWatch Integration,TBD - Needs Business Logic,2024-12-27,Charged Off,,No,Alliant CU
108525,72,Do Not Call,TBD - Needs Business Logic,2024-05-23,Charged Off,,No,First Tech FCU
108525,75,Do Not Mail,TBD - Needs Business Logic,2024-05-23,Charged Off,,No,First Tech FCU
108525,16,Fraud - Pending Investigation,TBD - Needs Business Logic,2024-05-23,Charged Off,,No,First Tech FCU
108525,196,BankruptcyWatch Integration,TBD - Needs Business Logic,2024-05-23,Charged Off,,No,First Tech FCU
108525,79,First Tech FCU,TBD - Needs Business Logic,2024-05-23,Charged Off,,No,First Tech FCU
108525,79,First Tech FCU,TBD - Needs Business Logic,2024-05-23,Charged Off,,No,First Tech FCU
108525,73,Do Not SMS,TBD - Needs Business Logic,2024-05-23,Charged Off,,No,First Tech FCU
108525,74,Do Not Email,TBD - Needs Business Logic,2024-05-23,Charged Off,,No,First Tech FCU
108525,193,Bankruptcy Monitoring,TBD - Needs Business Logic,2024-05-23,Charged Off,,No,First Tech FCU
