LEAD_GUID,LOAN_ID,LEGACY_LOAN_ID,ORIGINATION_DATE,LOAN_AMOUNT,LOAN_CLOSED_DATE,CHARGE_OFF_DATE,FILING_DATE,BANKRUPTCY_CHAPTER,PETITION_STATUS,PROCESS_STATUS,BANKRUPTCY_DATA_SOURCE,CASE_NUMBER,DISMISSED_DATE,AUTOMATIC_STAY_STATUS,BANKRUPTCY_DISTRICT,DAYS_FILING_TO_ORIGINATION,REASON_FOR_BANKRUPTCY_LOSS,FINAL_CONTACT_STATUS,OTHER_SUPPRESSION_REASONS,SUPPRESSION_CHANGE_TYPE,LOAN_DATA_SOURCE
2311D83C-0723-4DD6-89F8-18AB7ADAD777,,,,,,,,,,,,,,,,,NOT_IN_VW_LOAN_BANKRUPTCY,FULLY_ELIGIBLE_FOR_CONTACT,NONE,BECOMING_FULLY_CONTACTABLE,NO_LOAN_DETAILS
87E150BF-64BA-41C0-A2FF-8091F4E61A86,,,,,,,,,,,,,,,,,NOT_IN_VW_LOAN_BANKRUPTCY,FULLY_ELIGIBLE_FOR_CONTACT,NONE,BECOMING_FULLY_CONTACTABLE,NO_LOAN_DETAILS
346D3C85-3E1B-45E8-BAFD-AA94A6EF5DBB,,,,,,,,,,,,,,,,,NOT_IN_VW_LOAN_BANKRUPTCY,FULLY_ELIGIBLE_FOR_CONTACT,NONE,BECOMING_FULLY_CONTACTABLE,NO_LOAN_DETAILS
1EC56003-0887-4A91-9FDE-43696A397026,,,,,,,,,,,,,,,,,NOT_IN_VW_LOAN_BANKRUPTCY,FULLY_ELIGIBLE_FOR_CONTACT,NONE,BECOMING_FULLY_CONTACTABLE,NO_LOAN_DETAILS
E7D47A53-38DE-4819-BFC6-5DB6D2B8424A,,,,,,,,,,,,,,,,,NOT_IN_VW_LOAN_BANKRUPTCY,FULLY_ELIGIBLE_FOR_CONTACT,NONE,BECOMING_FULLY_CONTACTABLE,NO_LOAN_DETAILS
13337a92-a362-ff91-dd36-df8c5a1284c8,,,,,,,,,,,,,,,,,NOT_IN_VW_LOAN_BANKRUPTCY,FULLY_ELIGIBLE_FOR_CONTACT,NONE,BECOMING_FULLY_CONTACTABLE,NO_LOAN_DETAILS
6b2d1724-016e-2858-28de-5a7994ee99c6,100404,P5A7994EE99C6,2022-09-20,12000.0000,,2023-12-18,,,,,,,,,,,NOT_IN_VW_LOAN_BANKRUPTCY,FULLY_ELIGIBLE_FOR_CONTACT,NONE,BECOMING_FULLY_CONTACTABLE,VW_LOAN
f87d9950-4fad-4d58-bec8-e18de3f4d190,100719,PE18DE3F4D190,2022-12-01,20000.0000,,2023-05-01,,,,,,,,,,,NOT_IN_VW_LOAN_BANKRUPTCY,FULLY_ELIGIBLE_FOR_CONTACT,NONE,BECOMING_FULLY_CONTACTABLE,VW_LOAN
be01ae7f-e77e-4dfb-9051-4aecf8b7f067,100965,P4AECF8B7F067,2019-02-22,16000.0000,,2021-07-20,,,,,,,,,,,NOT_IN_VW_LOAN_BANKRUPTCY,FULLY_ELIGIBLE_FOR_CONTACT,NONE,BECOMING_FULLY_CONTACTABLE,VW_LOAN
5af71471-d6a0-403b-b89e-dbd4a49e26f9,101011,PDBD4A49E26F9,2019-03-18,6100.0000,,2021-10-16,,,,,,,,,,,NOT_IN_VW_LOAN_BANKRUPTCY,FULLY_ELIGIBLE_FOR_CONTACT,NONE,BECOMING_FULLY_CONTACTABLE,VW_LOAN
9a98e223-e35a-4dbc-87a4-384ce078ea41,101045,P384CE078EA41,2018-11-14,25000.0000,,2021-08-24,,,,,,,,,,,NOT_IN_VW_LOAN_BANKRUPTCY,FULLY_ELIGIBLE_FOR_CONTACT,NONE,BECOMING_FULLY_CONTACTABLE,VW_LOAN
f4e74a7d-0609-4d30-8dae-5b34c16efa15,102055,P5B34C16EFA15,2018-06-01,25000.0000,,2019-10-30,,,,,,,,,,,NOT_IN_VW_LOAN_BANKRUPTCY,FULLY_ELIGIBLE_FOR_CONTACT,NONE,BECOMING_FULLY_CONTACTABLE,VW_LOAN
76d80e1b-282e-42b0-9232-1fdcafd7994b,102314,P1FDCAFD7994B,2017-04-05,15000.0000,,2019-10-03,,,,,,,,,,,NOT_IN_VW_LOAN_BANKRUPTCY,FULLY_ELIGIBLE_FOR_CONTACT,NONE,BECOMING_FULLY_CONTACTABLE,VW_LOAN
5B202AA4-BF02-4748-9D05-383C558E224D,125304,383C558E224D,2015-06-17,7000.0000,,2017-06-28,,,,,,,,,,,NOT_IN_VW_LOAN_BANKRUPTCY,FULLY_ELIGIBLE_FOR_CONTACT,NONE,BECOMING_FULLY_CONTACTABLE,VW_LOAN
e3e9a57f-8540-12b7-8d86-2a6d81e39e20,289957,P2A6D81E39E20,2022-01-18,25000.0000,2022-09-22,,,,,,,,,,,,NOT_IN_VW_LOAN_BANKRUPTCY,FULLY_ELIGIBLE_FOR_CONTACT,NONE,BECOMING_FULLY_CONTACTABLE,VW_LOAN
6f73aca9-e9a0-2fe4-8c01-cfb9ba34760f,43011,PCFB9BA34760F,2020-08-01,20000.0000,2025-02-06,,,,,,,,,,,,NOT_IN_VW_LOAN_BANKRUPTCY,FULLY_ELIGIBLE_FOR_CONTACT,NONE,BECOMING_FULLY_CONTACTABLE,VW_LOAN
30b03e05-05d0-c2d5-ce4a-eac0e54e299e,69962,PEAC0E54E299E,2022-07-06,27200.0000,,,,,,,,,,,,,NOT_IN_VW_LOAN_BANKRUPTCY,FULLY_ELIGIBLE_FOR_CONTACT,NONE,BECOMING_FULLY_CONTACTABLE,VW_LOAN
4257ecb0-c3f7-2146-2482-8938b8ae4c17,75583,P8938B8AE4C17,2019-08-21,25000.0000,,2021-11-18,,,,,,,,,,,NOT_IN_VW_LOAN_BANKRUPTCY,FULLY_ELIGIBLE_FOR_CONTACT,NONE,BECOMING_FULLY_CONTACTABLE,VW_LOAN
40252984-0316-07b0-3afd-a57c3a7b27f9,75928,PA57C3A7B27F9,2019-09-27,20000.0000,,2022-02-24,,,,,,,,,,,NOT_IN_VW_LOAN_BANKRUPTCY,FULLY_ELIGIBLE_FOR_CONTACT,NONE,BECOMING_FULLY_CONTACTABLE,VW_LOAN
fed947b0-1a50-0259-d67e-24f3c967ecdb,75957,P24F3C967ECDB,2019-10-04,14000.0000,,2021-08-02,,,,,,,,,,,NOT_IN_VW_LOAN_BANKRUPTCY,FULLY_ELIGIBLE_FOR_CONTACT,NONE,BECOMING_FULLY_CONTACTABLE,VW_LOAN
2c106354-8695-ac69-0dda-1b8f5ceb160a,76149,P1B8F5CEB160A,2019-12-02,11000.0000,,2021-05-08,,,,,,,,,,,NOT_IN_VW_LOAN_BANKRUPTCY,FULLY_ELIGIBLE_FOR_CONTACT,NONE,BECOMING_FULLY_CONTACTABLE,VW_LOAN
3ac4acc7-5af0-52bd-f621-49bbf8fed45f,76164,P49BBF8FED45F,2019-12-05,34500.0000,,2021-03-05,,,,,,,,,,,NOT_IN_VW_LOAN_BANKRUPTCY,FULLY_ELIGIBLE_FOR_CONTACT,NONE,BECOMING_FULLY_CONTACTABLE,VW_LOAN
9a83284d-7921-9486-cf56-7506d7c799ee,76246,P7506D7C799EE,2020-01-07,5000.0000,,2020-11-04,,,,,,,,,,,NOT_IN_VW_LOAN_BANKRUPTCY,FULLY_ELIGIBLE_FOR_CONTACT,NONE,BECOMING_FULLY_CONTACTABLE,VW_LOAN
2d4965a5-b4e7-d91f-03eb-2fc7984b95ab,76346,P2FC7984B95AB,2020-02-01,11500.0000,,2020-11-29,,,,,,,,,,,NOT_IN_VW_LOAN_BANKRUPTCY,FULLY_ELIGIBLE_FOR_CONTACT,NONE,BECOMING_FULLY_CONTACTABLE,VW_LOAN
5cd67c2f-15c2-0d15-8f37-e718d17ece26,76498,PE718D17ECE26,2020-05-08,35000.0000,,2021-09-05,,,,,,,,,,,NOT_IN_VW_LOAN_BANKRUPTCY,FULLY_ELIGIBLE_FOR_CONTACT,NONE,BECOMING_FULLY_CONTACTABLE,VW_LOAN
9883a768-e478-82ec-acc7-a7d3c0296552,76643,PA7D3C0296552,2020-05-28,16500.0000,,2021-10-26,,,,,,,,,,,NOT_IN_VW_LOAN_BANKRUPTCY,FULLY_ELIGIBLE_FOR_CONTACT,NONE,BECOMING_FULLY_CONTACTABLE,VW_LOAN
7e1ea076-9043-9925-161e-1b93fb7031c5,76896,P1B93FB7031C5,2020-07-06,17000.0000,,2022-02-03,,,,,,,,,,,NOT_IN_VW_LOAN_BANKRUPTCY,FULLY_ELIGIBLE_FOR_CONTACT,NONE,BECOMING_FULLY_CONTACTABLE,VW_LOAN
ca2a54db-e2f1-e72c-02a9-7b1557b3170a,77010,P7B1557B3170A,2020-07-24,7000.0000,,2023-06-24,,,,,,,,,,,NOT_IN_VW_LOAN_BANKRUPTCY,FULLY_ELIGIBLE_FOR_CONTACT,NONE,BECOMING_FULLY_CONTACTABLE,VW_LOAN
5725f5ea-7166-4035-95ee-35113c2de565,77067,P35113C2DE565,2018-07-12,12000.0000,,2021-07-11,,,,,,,,,,,NOT_IN_VW_LOAN_BANKRUPTCY,FULLY_ELIGIBLE_FOR_CONTACT,NONE,BECOMING_FULLY_CONTACTABLE,VW_LOAN
57c6aa08-9a3a-4b9d-9877-254db31dc9f8,77158,P254DB31DC9F8,2018-03-02,25000.0000,,2021-08-30,,,,,,,,,,,NOT_IN_VW_LOAN_BANKRUPTCY,FULLY_ELIGIBLE_FOR_CONTACT,NONE,BECOMING_FULLY_CONTACTABLE,VW_LOAN
e64ef984-8b75-4d4a-8907-a1d6883f6e96,77607,PA1D6883F6E96,2019-07-17,22000.0000,,2021-01-18,,,,,,,,,,,NOT_IN_VW_LOAN_BANKRUPTCY,FULLY_ELIGIBLE_FOR_CONTACT,NONE,BECOMING_FULLY_CONTACTABLE,VW_LOAN
e39f671c-acd4-c1b0-9d27-71ec3513fde1,78070,P71EC3513FDE1,2021-02-16,6000.0000,2024-12-20,2023-08-14,,,,,,,,,,,NOT_IN_VW_LOAN_BANKRUPTCY,FULLY_ELIGIBLE_FOR_CONTACT,NONE,BECOMING_FULLY_CONTACTABLE,VW_LOAN
f420d542-edbe-2d85-ebc5-48a25bfe053a,78107,P48A25BFE053A,2021-02-18,6000.0000,,2021-11-15,,,,,,,,,,,NOT_IN_VW_LOAN_BANKRUPTCY,FULLY_ELIGIBLE_FOR_CONTACT,NONE,BECOMING_FULLY_CONTACTABLE,VW_LOAN
ec242d37-17df-44ef-a7b3-b937df925609,78228,PB937DF925609,2019-05-21,32500.0000,,2022-07-25,,,,,,,,,,,NOT_IN_VW_LOAN_BANKRUPTCY,FULLY_ELIGIBLE_FOR_CONTACT,NONE,BECOMING_FULLY_CONTACTABLE,VW_LOAN
6d768fef-fc16-4d56-ba31-dcf6f233ca6a,79867,PDCF6F233CA6A,2019-03-22,17000.0000,,2020-01-23,,,,,,,,,,,NOT_IN_VW_LOAN_BANKRUPTCY,FULLY_ELIGIBLE_FOR_CONTACT,NONE,BECOMING_FULLY_CONTACTABLE,VW_LOAN
2d02c05f-1acc-a9a9-26eb-0fea461851e9,82405,P0FEA461851E9,2021-03-23,10000.0000,,2022-09-20,,,,,,,,,,,NOT_IN_VW_LOAN_BANKRUPTCY,FULLY_ELIGIBLE_FOR_CONTACT,NONE,BECOMING_FULLY_CONTACTABLE,VW_LOAN
74b5763f-0e58-7f3b-fd2a-443dd167d49b,82476,P443DD167D49B,2021-04-01,40000.0000,,2024-02-13,,,,,,,,,,,NOT_IN_VW_LOAN_BANKRUPTCY,FULLY_ELIGIBLE_FOR_CONTACT,NONE,BECOMING_FULLY_CONTACTABLE,VW_LOAN
05816d8f-e356-4127-9099-9a7f4267b9d5,82624,P9A7F4267B9D5,2019-05-16,10500.0000,,2021-02-18,,,,,,,,,,,NOT_IN_VW_LOAN_BANKRUPTCY,FULLY_ELIGIBLE_FOR_CONTACT,NONE,BECOMING_FULLY_CONTACTABLE,VW_LOAN
c44dc0bc-595c-4fc4-b6cb-108d871926f6,82643,P108D871926F6,2019-07-01,7500.0000,,2020-12-13,,,,,,,,,,,NOT_IN_VW_LOAN_BANKRUPTCY,FULLY_ELIGIBLE_FOR_CONTACT,NONE,BECOMING_FULLY_CONTACTABLE,VW_LOAN
c116addb-363f-a576-a05d-cab4c2c96522,82741,PCAB4C2C96522,2020-08-25,5000.0000,,2021-09-22,,,,,,,,,,,NOT_IN_VW_LOAN_BANKRUPTCY,FULLY_ELIGIBLE_FOR_CONTACT,NONE,BECOMING_FULLY_CONTACTABLE,VW_LOAN
c8314e74-83aa-6545-4010-1e7325407603,82883,P1E7325407603,2020-09-10,31000.0000,,2021-10-08,,,,,,,,,,,NOT_IN_VW_LOAN_BANKRUPTCY,FULLY_ELIGIBLE_FOR_CONTACT,NONE,BECOMING_FULLY_CONTACTABLE,VW_LOAN
cf427865-343b-43c2-a5b7-2977eb579fd5,83013,P2977EB579FD5,2019-05-01,16000.0000,,2021-09-07,,,,,,,,,,,NOT_IN_VW_LOAN_BANKRUPTCY,FULLY_ELIGIBLE_FOR_CONTACT,NONE,BECOMING_FULLY_CONTACTABLE,VW_LOAN
2da90bb2-bbe8-47ae-8dea-e17401c05f7c,83048,PE17401C05F7C,2019-01-24,25000.0000,,2021-07-23,,,,,,,,,,,NOT_IN_VW_LOAN_BANKRUPTCY,FULLY_ELIGIBLE_FOR_CONTACT,NONE,BECOMING_FULLY_CONTACTABLE,VW_LOAN
4aac3c61-4e48-4071-83be-e80fd2dba0ab,83377,PE80FD2DBA0AB,2020-10-27,13000.0000,,2022-03-27,,,,,,,,,,,NOT_IN_VW_LOAN_BANKRUPTCY,FULLY_ELIGIBLE_FOR_CONTACT,NONE,BECOMING_FULLY_CONTACTABLE,VW_LOAN
73df06a0-ae58-e0c5-b42a-f20e8b9c59bf,83554,PF20E8B9C59BF,2020-11-16,20000.0000,,2023-09-13,,,,,,,,,,,NOT_IN_VW_LOAN_BANKRUPTCY,FULLY_ELIGIBLE_FOR_CONTACT,NONE,BECOMING_FULLY_CONTACTABLE,VW_LOAN
11839dc6-e46e-6834-be2a-c432d60527e6,84160,PC432D60527E6,2021-08-06,22500.0000,,2022-10-04,,,,,,,,,,,NOT_IN_VW_LOAN_BANKRUPTCY,FULLY_ELIGIBLE_FOR_CONTACT,NONE,BECOMING_FULLY_CONTACTABLE,VW_LOAN
fe926c84-0115-5291-9a24-7df7e667cfb6,84420,P7DF7E667CFB6,2021-09-01,17500.0000,,2023-08-29,,,,,,,,,,,NOT_IN_VW_LOAN_BANKRUPTCY,FULLY_ELIGIBLE_FOR_CONTACT,NONE,BECOMING_FULLY_CONTACTABLE,VW_LOAN
7d853e20-fe15-cc37-e3f6-ca655734c03b,84882,PCA655734C03B,2021-10-04,15000.0000,,2022-12-07,,,,,,,,,,,NOT_IN_VW_LOAN_BANKRUPTCY,FULLY_ELIGIBLE_FOR_CONTACT,NONE,BECOMING_FULLY_CONTACTABLE,VW_LOAN
d3db3d9f-e2aa-44d8-2325-3aa8e3147cea,86138,P3AA8E3147CEA,2022-01-04,25000.0000,,2024-12-11,,,,,,,,,,,NOT_IN_VW_LOAN_BANKRUPTCY,FULLY_ELIGIBLE_FOR_CONTACT,NONE,BECOMING_FULLY_CONTACTABLE,VW_LOAN
b7d5842d-1eeb-297d-3404-53188a651d73,86197,P53188A651D73,2022-01-10,17900.0000,,2024-07-08,,,,,,,,,,,NOT_IN_VW_LOAN_BANKRUPTCY,FULLY_ELIGIBLE_FOR_CONTACT,NONE,BECOMING_FULLY_CONTACTABLE,VW_LOAN
bd078b39-acf6-6dac-e4c6-6a9cd5747a92,87121,P6A9CD5747A92,2022-03-08,20000.0000,,2023-05-08,,,,,,,,,,,NOT_IN_VW_LOAN_BANKRUPTCY,FULLY_ELIGIBLE_FOR_CONTACT,NONE,BECOMING_FULLY_CONTACTABLE,VW_LOAN
4a457881-30e5-817d-3431-54ab9a95e499,87196,P54AB9A95E499,2021-04-12,25000.0000,,2021-12-10,,,,,,,,,,,NOT_IN_VW_LOAN_BANKRUPTCY,FULLY_ELIGIBLE_FOR_CONTACT,NONE,BECOMING_FULLY_CONTACTABLE,VW_LOAN
05ae42da-4d2a-0f31-8152-9d228aa4a2d7,87319,P9D228AA4A2D7,2021-04-22,35000.0000,,2024-09-19,,,,,,,,,,,NOT_IN_VW_LOAN_BANKRUPTCY,FULLY_ELIGIBLE_FOR_CONTACT,NONE,BECOMING_FULLY_CONTACTABLE,VW_LOAN
5f604f8d-8f37-9840-7597-fe9139e61c7f,88129,PFE9139E61C7F,2021-07-01,8000.0000,,2023-03-01,,,,,,,,,,,NOT_IN_VW_LOAN_BANKRUPTCY,FULLY_ELIGIBLE_FOR_CONTACT,NONE,BECOMING_FULLY_CONTACTABLE,VW_LOAN
8e869084-3d47-4481-d553-1580414cf4e9,88528,P1580414CF4E9,2021-08-02,17000.0000,,2023-03-15,,,,,,,,,,,NOT_IN_VW_LOAN_BANKRUPTCY,FULLY_ELIGIBLE_FOR_CONTACT,NONE,BECOMING_FULLY_CONTACTABLE,VW_LOAN
4ed7c13a-04eb-70a3-f157-ca73d96f6d45,88620,PCA73D96F6D45,2022-03-25,40000.0000,,2023-09-04,,,,,,,,,,,NOT_IN_VW_LOAN_BANKRUPTCY,FULLY_ELIGIBLE_FOR_CONTACT,NONE,BECOMING_FULLY_CONTACTABLE,VW_LOAN
e9464e21-bec9-5741-ea7e-1cfbfffe29ae,94517,P1CFBFFFE29AE,2022-10-28,10000.0000,,2023-09-25,,,,,,,,,,,NOT_IN_VW_LOAN_BANKRUPTCY,FULLY_ELIGIBLE_FOR_CONTACT,NONE,BECOMING_FULLY_CONTACTABLE,VW_LOAN
dff01701-ff0b-c7df-0496-b60029bcfef7,94578,PB60029BCFEF7,2022-11-02,5500.0000,,2024-04-09,,,,,,,,,,,NOT_IN_VW_LOAN_BANKRUPTCY,FULLY_ELIGIBLE_FOR_CONTACT,NONE,BECOMING_FULLY_CONTACTABLE,VW_LOAN
6664eb40-9aca-36ab-4185-660a78b0a95a,96876,P660A78B0A95A,2021-11-24,9000.0000,,2023-04-09,,,,,,,,,,,NOT_IN_VW_LOAN_BANKRUPTCY,FULLY_ELIGIBLE_FOR_CONTACT,NONE,BECOMING_FULLY_CONTACTABLE,VW_LOAN
d50a1419-dc39-e73e-4342-f8056dc4b4ba,97276,PF8056DC4B4BA,2022-02-14,8000.0000,,2023-07-12,,,,,,,,,,,NOT_IN_VW_LOAN_BANKRUPTCY,FULLY_ELIGIBLE_FOR_CONTACT,NONE,BECOMING_FULLY_CONTACTABLE,VW_LOAN
b19cd19b-1cfa-78e0-d966-b0c3f676f25f,97330,PB0C3F676F25F,2022-02-18,17500.0000,,2023-09-15,,,,,,,,,,,NOT_IN_VW_LOAN_BANKRUPTCY,FULLY_ELIGIBLE_FOR_CONTACT,NONE,BECOMING_FULLY_CONTACTABLE,VW_LOAN
d1150c27-280e-83f1-2cc2-cc435cb3fc35,97900,PCC435CB3FC35,2022-06-01,9500.0000,,2023-07-08,,,,,,,,,,,NOT_IN_VW_LOAN_BANKRUPTCY,FULLY_ELIGIBLE_FOR_CONTACT,NONE,BECOMING_FULLY_CONTACTABLE,VW_LOAN
de77a21f-e804-1718-6080-a160099ec36c,97993,PA160099EC36C,2022-06-07,11500.0000,,2024-03-06,,,,,,,,,,,NOT_IN_VW_LOAN_BANKRUPTCY,FULLY_ELIGIBLE_FOR_CONTACT,NONE,BECOMING_FULLY_CONTACTABLE,VW_LOAN
347d4eea-e334-505d-91a6-e583df188924,98032,PE583DF188924,2022-06-08,9900.0000,,2024-05-07,,,,,,,,,,,NOT_IN_VW_LOAN_BANKRUPTCY,FULLY_ELIGIBLE_FOR_CONTACT,NONE,BECOMING_FULLY_CONTACTABLE,VW_LOAN
33a6f87e-c2c8-d904-0613-a2928f3320f9,99061,PA2928F3320F9,2022-07-12,25000.0000,,2023-09-12,,,,,,,,,,,NOT_IN_VW_LOAN_BANKRUPTCY,FULLY_ELIGIBLE_FOR_CONTACT,NONE,BECOMING_FULLY_CONTACTABLE,VW_LOAN
757b4922-f69c-9ee8-eef0-c116d08844c7,LAI-00002667,PC116D08844C7,2019-05-28,24000.0000,2019-10-01,,,,,,,,,,,,NOT_IN_VW_LOAN_BANKRUPTCY,FULLY_ELIGIBLE_FOR_CONTACT,NONE,BECOMING_FULLY_CONTACTABLE,VW_LOAN
c03c3dd5-f9e6-3212-4892-8ded5635dab7,LAI-00005766,P8DED5635DAB7,2019-08-27,25000.0000,2022-10-24,,,,,,,,,,,,NOT_IN_VW_LOAN_BANKRUPTCY,FULLY_ELIGIBLE_FOR_CONTACT,NONE,BECOMING_FULLY_CONTACTABLE,VW_LOAN
0a8eb395-fcb2-fddf-d005-d338dcabcee2,LAI-00010998,PD338DCABCEE2,2019-10-23,8000.0000,2024-07-18,,,,,,,,,,,,NOT_IN_VW_LOAN_BANKRUPTCY,FULLY_ELIGIBLE_FOR_CONTACT,NONE,BECOMING_FULLY_CONTACTABLE,VW_LOAN
179a60a3-f88e-2ffc-f0fc-39b8275d6e6d,LAI-00013030,P39B8275D6E6D,2019-11-12,20400.0000,2021-10-20,,,,,,,,,,,,NOT_IN_VW_LOAN_BANKRUPTCY,FULLY_ELIGIBLE_FOR_CONTACT,NONE,BECOMING_FULLY_CONTACTABLE,VW_LOAN
3ce04bc0-f265-360f-d19f-ebe348285d67,LAI-00013581,PEBE348285D67,2019-11-15,14000.0000,2020-01-10,,,,,,,,,,,,NOT_IN_VW_LOAN_BANKRUPTCY,FULLY_ELIGIBLE_FOR_CONTACT,NONE,BECOMING_FULLY_CONTACTABLE,VW_LOAN
f7c0932b-31d5-3f4d-85c8-86e5142760f8,LAI-00013711,P86E5142760F8,2019-11-18,25000.0000,2022-02-09,,,,,,,,,,,,NOT_IN_VW_LOAN_BANKRUPTCY,FULLY_ELIGIBLE_FOR_CONTACT,NONE,BECOMING_FULLY_CONTACTABLE,VW_LOAN
baf0f6ec-2a67-47c6-8e85-24c1d86e8110,LAI-00014045,P24C1D86E8110,2019-11-20,15500.0000,2020-12-24,,,,,,,,,,,,NOT_IN_VW_LOAN_BANKRUPTCY,FULLY_ELIGIBLE_FOR_CONTACT,NONE,BECOMING_FULLY_CONTACTABLE,VW_LOAN
c3c613a4-5613-92cc-c964-879c93a33cf3,LAI-00015334,P879C93A33CF3,2019-12-02,18200.0000,2022-05-31,,,,,,,,,,,,NOT_IN_VW_LOAN_BANKRUPTCY,FULLY_ELIGIBLE_FOR_CONTACT,NONE,BECOMING_FULLY_CONTACTABLE,VW_LOAN
6e9d64dc-6a1a-5692-6e6b-8639514d4c05,LAI-00015452,P8639514D4C05,2019-12-03,5500.0000,2023-06-28,,,,,,,,,,,,NOT_IN_VW_LOAN_BANKRUPTCY,FULLY_ELIGIBLE_FOR_CONTACT,NONE,BECOMING_FULLY_CONTACTABLE,VW_LOAN
88dff925-bde9-1ce7-b74a-9b196536c557,LAI-00017964,P9B196536C557,2020-01-02,25000.0000,2023-01-10,,,,,,,,,,,,NOT_IN_VW_LOAN_BANKRUPTCY,FULLY_ELIGIBLE_FOR_CONTACT,NONE,BECOMING_FULLY_CONTACTABLE,VW_LOAN
1d730484-2c96-f633-6c2b-24ee1f97b9f6,LAI-00019852,P24EE1F97B9F6,2020-01-17,17000.0000,2022-01-20,,,,,,,,,,,,NOT_IN_VW_LOAN_BANKRUPTCY,FULLY_ELIGIBLE_FOR_CONTACT,NONE,BECOMING_FULLY_CONTACTABLE,VW_LOAN
e0df2d81-968f-c513-0da1-a73a9461d801,LAI-00019997,PA73A9461D801,2020-01-21,10500.0000,2024-02-21,,,,,,,,,,,,NOT_IN_VW_LOAN_BANKRUPTCY,FULLY_ELIGIBLE_FOR_CONTACT,NONE,BECOMING_FULLY_CONTACTABLE,VW_LOAN
14417385-9d3a-a782-5116-210e10d2c26b,LAI-00021699,P210E10D2C26B,2020-02-04,19000.0000,2020-10-01,,,,,,,,,,,,NOT_IN_VW_LOAN_BANKRUPTCY,FULLY_ELIGIBLE_FOR_CONTACT,NONE,BECOMING_FULLY_CONTACTABLE,VW_LOAN
89391b68-90d2-0f85-ee0e-2a8cde5aad93,LAI-00022410,P2A8CDE5AAD93,2020-02-10,12500.0000,2024-01-30,,,,,,,,,,,,NOT_IN_VW_LOAN_BANKRUPTCY,FULLY_ELIGIBLE_FOR_CONTACT,NONE,BECOMING_FULLY_CONTACTABLE,VW_LOAN
1c196171-862b-7141-b39b-c942fab5b821,LAI-00026177,PC942FAB5B821,2020-03-13,20000.0000,2023-03-13,,,,,,,,,,,,NOT_IN_VW_LOAN_BANKRUPTCY,FULLY_ELIGIBLE_FOR_CONTACT,NONE,BECOMING_FULLY_CONTACTABLE,VW_LOAN
b914a79f-2234-f9f9-ea47-9abee0e7c22d,LAI-00031674,P9ABEE0E7C22D,2020-04-28,30000.0000,2023-06-06,,,,,,,,,,,,NOT_IN_VW_LOAN_BANKRUPTCY,FULLY_ELIGIBLE_FOR_CONTACT,NONE,BECOMING_FULLY_CONTACTABLE,VW_LOAN
b20b351e-0cdc-eb1c-7dd1-bdfb3a756ea2,LAI-00031899,PBDFB3A756EA2,2020-04-29,35000.0000,2021-07-16,,,,,,,,,,,,NOT_IN_VW_LOAN_BANKRUPTCY,FULLY_ELIGIBLE_FOR_CONTACT,NONE,BECOMING_FULLY_CONTACTABLE,VW_LOAN
bea0164b-f393-0f1f-d402-5d550972dc45,LAI-00032045,P5D550972DC45,2020-04-30,35000.0000,2023-07-01,,,,,,,,,,,,NOT_IN_VW_LOAN_BANKRUPTCY,FULLY_ELIGIBLE_FOR_CONTACT,NONE,BECOMING_FULLY_CONTACTABLE,VW_LOAN
a3839dc3-c5dc-36f0-7812-1e431ee4a5d7,LAI-00032984,P1E431EE4A5D7,2020-05-07,9000.0000,2022-06-01,,,,,,,,,,,,NOT_IN_VW_LOAN_BANKRUPTCY,FULLY_ELIGIBLE_FOR_CONTACT,NONE,BECOMING_FULLY_CONTACTABLE,VW_LOAN
d4fabed9-3dc2-3582-a320-45897cba1d84,LAI-00033937,P45897CBA1D84,2020-05-13,8500.0000,2022-08-12,,,,,,,,,,,,NOT_IN_VW_LOAN_BANKRUPTCY,FULLY_ELIGIBLE_FOR_CONTACT,NONE,BECOMING_FULLY_CONTACTABLE,VW_LOAN
d6309cb0-d133-f42a-6a5e-ce82266eb0b5,LAI-00035911,PCE82266EB0B5,2020-05-26,8000.0000,2022-04-19,,,,,,,,,,,,NOT_IN_VW_LOAN_BANKRUPTCY,FULLY_ELIGIBLE_FOR_CONTACT,NONE,BECOMING_FULLY_CONTACTABLE,VW_LOAN
2946f3bb-ba64-db2d-c519-95e325c30d0e,LAI-00036150,P95E325C30D0E,2020-05-27,26000.0000,2023-10-27,,,,,,,,,,,,NOT_IN_VW_LOAN_BANKRUPTCY,FULLY_ELIGIBLE_FOR_CONTACT,NONE,BECOMING_FULLY_CONTACTABLE,VW_LOAN
5afbc23d-e7e9-bdc7-8f75-727837031bfd,LAI-00037046,P727837031BFD,2020-06-02,27400.0000,2024-05-08,,,,,,,,,,,,NOT_IN_VW_LOAN_BANKRUPTCY,FULLY_ELIGIBLE_FOR_CONTACT,NONE,BECOMING_FULLY_CONTACTABLE,VW_LOAN
f2824f46-4b16-7b38-812f-292737b65653,LAI-00037752,P292737B65653,2020-06-05,30000.0000,2023-02-14,,,,,,,,,,,,NOT_IN_VW_LOAN_BANKRUPTCY,FULLY_ELIGIBLE_FOR_CONTACT,NONE,BECOMING_FULLY_CONTACTABLE,VW_LOAN
7c3f1f48-7e2c-2316-18d4-c72ded19d078,LAI-00043193,PC72DED19D078,2020-07-02,30000.0000,2022-02-16,,,,,,,,,,,,NOT_IN_VW_LOAN_BANKRUPTCY,FULLY_ELIGIBLE_FOR_CONTACT,NONE,BECOMING_FULLY_CONTACTABLE,VW_LOAN
3e729994-f0d5-304c-62d9-6fb995f8995d,LAI-00045213,P6FB995F8995D,2020-07-14,25000.0000,2023-02-22,,,,,,,,,,,,NOT_IN_VW_LOAN_BANKRUPTCY,FULLY_ELIGIBLE_FOR_CONTACT,NONE,BECOMING_FULLY_CONTACTABLE,VW_LOAN
ada7eb84-d900-9597-02eb-2fa69967e8fd,LAI-00046847,P2FA69967E8FD,2020-07-22,6500.0000,2023-11-02,,,,,,,,,,,,NOT_IN_VW_LOAN_BANKRUPTCY,FULLY_ELIGIBLE_FOR_CONTACT,NONE,BECOMING_FULLY_CONTACTABLE,VW_LOAN
829e853c-b5b6-98db-23b7-05a17bdd6d54,LAI-00047624,P05A17BDD6D54,2020-07-27,8200.0000,2023-07-31,,,,,,,,,,,,NOT_IN_VW_LOAN_BANKRUPTCY,FULLY_ELIGIBLE_FOR_CONTACT,NONE,BECOMING_FULLY_CONTACTABLE,VW_LOAN
94d0ded0-a6d8-4209-8e39-6d2201188e32,LAI-00050493,P6D2201188E32,2019-06-07,9000.0000,2021-06-08,,,,,,,,,,,,NOT_IN_VW_LOAN_BANKRUPTCY,FULLY_ELIGIBLE_FOR_CONTACT,NONE,BECOMING_FULLY_CONTACTABLE,VW_LOAN
84633e12-8d6a-4ba7-8837-0ce035155532,LAI-00051413,P0CE035155532,2019-08-16,19000.0000,2021-11-23,,,,,,,,,,,,NOT_IN_VW_LOAN_BANKRUPTCY,FULLY_ELIGIBLE_FOR_CONTACT,NONE,BECOMING_FULLY_CONTACTABLE,VW_LOAN
844b2a8d-9c3c-4b10-821e-1d073d65f67b,LAI-00051615,P1D073D65F67B,2019-05-15,17000.0000,2022-06-29,,,,,,,,,,,,NOT_IN_VW_LOAN_BANKRUPTCY,FULLY_ELIGIBLE_FOR_CONTACT,NONE,BECOMING_FULLY_CONTACTABLE,VW_LOAN
be4114e7-938f-f016-d719-f1a6526e678b,LAI-00052448,PF1A6526E678B,2020-07-28,20000.0000,2023-08-01,,,,,,,,,,,,NOT_IN_VW_LOAN_BANKRUPTCY,FULLY_ELIGIBLE_FOR_CONTACT,NONE,BECOMING_FULLY_CONTACTABLE,VW_LOAN
82604df8-e6a9-5d0d-10e0-32761c4db195,LAI-00054292,P32761C4DB195,2020-08-05,40000.0000,2021-06-22,,,,,,,,,,,,NOT_IN_VW_LOAN_BANKRUPTCY,FULLY_ELIGIBLE_FOR_CONTACT,NONE,BECOMING_FULLY_CONTACTABLE,VW_LOAN
c70dff50-0283-743f-8a17-e55561640605,LAI-00054539,PE55561640605,2020-08-07,10000.0000,2023-08-08,,,,,,,,,,,,NOT_IN_VW_LOAN_BANKRUPTCY,FULLY_ELIGIBLE_FOR_CONTACT,NONE,BECOMING_FULLY_CONTACTABLE,VW_LOAN
8ebc8c19-89c5-c126-2813-177a57b3e84f,LAI-00055071,P177A57B3E84F,2020-08-10,19000.0000,2024-08-10,,,,,,,,,,,,NOT_IN_VW_LOAN_BANKRUPTCY,FULLY_ELIGIBLE_FOR_CONTACT,NONE,BECOMING_FULLY_CONTACTABLE,VW_LOAN
df2db658-351e-45c1-b6e7-09732ed1e422,LAI-00056479,P09732ED1E422,2018-08-16,10000.0000,2020-10-21,,,,,,,,,,,,NOT_IN_VW_LOAN_BANKRUPTCY,FULLY_ELIGIBLE_FOR_CONTACT,NONE,BECOMING_FULLY_CONTACTABLE,VW_LOAN
cca4745c-ce47-e4d0-301d-5dce2e25a8e4,LAI-00059212,P5DCE2E25A8E4,2020-08-19,22000.0000,2020-12-07,,,,,,,,,,,,NOT_IN_VW_LOAN_BANKRUPTCY,FULLY_ELIGIBLE_FOR_CONTACT,NONE,BECOMING_FULLY_CONTACTABLE,VW_LOAN
8c2e8dc8-cc27-8daa-0051-571df8461aa4,LAI-00060320,P571DF8461AA4,2020-08-24,30000.0000,2023-01-03,,,,,,,,,,,,NOT_IN_VW_LOAN_BANKRUPTCY,FULLY_ELIGIBLE_FOR_CONTACT,NONE,BECOMING_FULLY_CONTACTABLE,VW_LOAN
a3eeabbf-8762-2ad6-e905-c59c57f1b4ba,LAI-00062640,PC59C57F1B4BA,2020-09-01,10000.0000,2022-09-01,,,,,,,,,,,,NOT_IN_VW_LOAN_BANKRUPTCY,FULLY_ELIGIBLE_FOR_CONTACT,NONE,BECOMING_FULLY_CONTACTABLE,VW_LOAN
9f274594-2983-adfd-9656-e3c0a5f01800,LAI-00062913,PE3C0A5F01800,2020-09-02,29000.0000,2022-05-23,,,,,,,,,,,,NOT_IN_VW_LOAN_BANKRUPTCY,FULLY_ELIGIBLE_FOR_CONTACT,NONE,BECOMING_FULLY_CONTACTABLE,VW_LOAN
89fcc04d-1c91-4cdc-b9c0-94972ef95ab8,LAI-00062992,P94972EF95AB8,2020-09-02,40000.0000,2021-08-09,,,,,,,,,,,,NOT_IN_VW_LOAN_BANKRUPTCY,FULLY_ELIGIBLE_FOR_CONTACT,NONE,BECOMING_FULLY_CONTACTABLE,VW_LOAN
8f4981bd-9d1c-b370-ac98-47d88349a0b4,LAI-00063260,P47D88349A0B4,2020-09-02,40000.0000,2021-09-16,,,,,,,,,,,,NOT_IN_VW_LOAN_BANKRUPTCY,FULLY_ELIGIBLE_FOR_CONTACT,NONE,BECOMING_FULLY_CONTACTABLE,VW_LOAN
5d6cd286-babd-ce39-95c5-920e0c01ddaa,LAI-00063505,P920E0C01DDAA,2020-09-03,11600.0000,2023-09-03,,,,,,,,,,,,NOT_IN_VW_LOAN_BANKRUPTCY,FULLY_ELIGIBLE_FOR_CONTACT,NONE,BECOMING_FULLY_CONTACTABLE,VW_LOAN
136016c5-b8f0-136a-0fd9-13fd348d7bdf,LAI-00063506,P13FD348D7BDF,2020-09-03,9500.0000,2023-05-26,,,,,,,,,,,,NOT_IN_VW_LOAN_BANKRUPTCY,FULLY_ELIGIBLE_FOR_CONTACT,NONE,BECOMING_FULLY_CONTACTABLE,VW_LOAN
b8b5958b-2beb-e4a7-b286-2c461e39c13a,LAI-00063533,P2C461E39C13A,2020-09-03,5000.0000,2022-04-06,,,,,,,,,,,,NOT_IN_VW_LOAN_BANKRUPTCY,FULLY_ELIGIBLE_FOR_CONTACT,NONE,BECOMING_FULLY_CONTACTABLE,VW_LOAN
b77405dc-e70b-4d8c-4edc-6b73eea61feb,LAI-00064193,P6B73EEA61FEB,2020-09-08,14500.0000,2021-11-23,,,,,,,,,,,,NOT_IN_VW_LOAN_BANKRUPTCY,FULLY_ELIGIBLE_FOR_CONTACT,NONE,BECOMING_FULLY_CONTACTABLE,VW_LOAN
c5c93110-522d-1297-c2a7-71d7b070b04f,LAI-00065358,P71D7B070B04F,2020-09-11,7000.0000,2022-01-26,,,,,,,,,,,,NOT_IN_VW_LOAN_BANKRUPTCY,FULLY_ELIGIBLE_FOR_CONTACT,NONE,BECOMING_FULLY_CONTACTABLE,VW_LOAN
c50bc9ef-ba83-4d7b-9e06-68382b315a71,LAI-00067518,P68382B315A71,2018-06-21,6000.0000,2021-03-30,,,,,,,,,,,,NOT_IN_VW_LOAN_BANKRUPTCY,FULLY_ELIGIBLE_FOR_CONTACT,NONE,BECOMING_FULLY_CONTACTABLE,VW_LOAN
ea68f815-3a9d-15f1-5ea8-6574ca1aa214,LAI-00068937,P6574CA1AA214,2020-09-16,35000.0000,2023-09-16,,,,,,,,,,,,NOT_IN_VW_LOAN_BANKRUPTCY,FULLY_ELIGIBLE_FOR_CONTACT,NONE,BECOMING_FULLY_CONTACTABLE,VW_LOAN
2b95575a-c16a-4a8b-bc62-550cda2953b7,LAI-00069654,P550CDA2953B7,2019-04-08,20000.0000,2020-12-18,,,,,,,,,,,,NOT_IN_VW_LOAN_BANKRUPTCY,FULLY_ELIGIBLE_FOR_CONTACT,NONE,BECOMING_FULLY_CONTACTABLE,VW_LOAN
ddd6686c-e139-410b-b6f2-ec2d61da00b8,LAI-00070121,PEC2D61DA00B8,2018-07-25,5000.0000,2021-06-21,,,,,,,,,,,,NOT_IN_VW_LOAN_BANKRUPTCY,FULLY_ELIGIBLE_FOR_CONTACT,NONE,BECOMING_FULLY_CONTACTABLE,VW_LOAN
7802c866-3a13-c1ec-b50f-d126e8fd4b05,LAI-00071603,PD126E8FD4B05,2020-09-21,8900.0000,2021-11-02,,,,,,,,,,,,NOT_IN_VW_LOAN_BANKRUPTCY,FULLY_ELIGIBLE_FOR_CONTACT,NONE,BECOMING_FULLY_CONTACTABLE,VW_LOAN
b4f9faad-f7bd-9f10-cc2a-4f06a407a26b,LAI-00073800,P4F06A407A26B,2020-09-28,11000.0000,2023-09-28,,,,,,,,,,,,NOT_IN_VW_LOAN_BANKRUPTCY,FULLY_ELIGIBLE_FOR_CONTACT,NONE,BECOMING_FULLY_CONTACTABLE,VW_LOAN
9251adf7-e6c9-ee0f-7d48-8d501ea1a944,LAI-00076581,P8D501EA1A944,2020-10-08,20000.0000,2023-12-08,,,,,,,,,,,,NOT_IN_VW_LOAN_BANKRUPTCY,FULLY_ELIGIBLE_FOR_CONTACT,NONE,BECOMING_FULLY_CONTACTABLE,VW_LOAN
ace2e25b-2ae7-ef3b-fabf-a27445121998,LAI-00076798,PA27445121998,2020-10-09,18500.0000,2021-10-13,,,,,,,,,,,,NOT_IN_VW_LOAN_BANKRUPTCY,FULLY_ELIGIBLE_FOR_CONTACT,NONE,BECOMING_FULLY_CONTACTABLE,VW_LOAN
47bc8afb-ac18-68fc-bb0b-cdc8b7e25b6b,LAI-00076947,PCDC8B7E25B6B,2020-10-09,10000.0000,2023-10-03,,,,,,,,,,,,NOT_IN_VW_LOAN_BANKRUPTCY,FULLY_ELIGIBLE_FOR_CONTACT,NONE,BECOMING_FULLY_CONTACTABLE,VW_LOAN
2369c35b-08ef-6412-83b0-3ea9bf3aa47a,LAI-00078152,P3EA9BF3AA47A,2020-10-15,20000.0000,2023-11-15,,,,,,,,,,,,NOT_IN_VW_LOAN_BANKRUPTCY,FULLY_ELIGIBLE_FOR_CONTACT,NONE,BECOMING_FULLY_CONTACTABLE,VW_LOAN
7d21e939-8912-5bf6-2e93-91848f39b3d4,LAI-00080182,P91848F39B3D4,2020-10-21,7500.0000,2021-07-12,,,,,,,,,,,,NOT_IN_VW_LOAN_BANKRUPTCY,FULLY_ELIGIBLE_FOR_CONTACT,NONE,BECOMING_FULLY_CONTACTABLE,VW_LOAN
dfec0f55-cdda-c2fa-7721-618a082257ec,LAI-00080398,P618A082257EC,2020-10-22,15000.0000,2023-10-22,,,,,,,,,,,,NOT_IN_VW_LOAN_BANKRUPTCY,FULLY_ELIGIBLE_FOR_CONTACT,NONE,BECOMING_FULLY_CONTACTABLE,VW_LOAN
eac0e80f-62bf-edbf-4b73-0e0ca2a06385,LAI-00084115,P0E0CA2A06385,2020-11-04,25000.0000,2024-01-18,,,,,,,,,,,,NOT_IN_VW_LOAN_BANKRUPTCY,FULLY_ELIGIBLE_FOR_CONTACT,NONE,BECOMING_FULLY_CONTACTABLE,VW_LOAN
c7bdbd8d-569a-321b-adef-331344b0d40c,LAI-00084646,P331344B0D40C,2020-11-06,8500.0000,2023-11-06,,,,,,,,,,,,NOT_IN_VW_LOAN_BANKRUPTCY,FULLY_ELIGIBLE_FOR_CONTACT,NONE,BECOMING_FULLY_CONTACTABLE,VW_LOAN
00f04a9f-3306-b577-d398-0324448fe9da,LAI-00096466,P0324448FE9DA,2020-11-16,12000.0000,2022-06-22,,,,,,,,,,,,NOT_IN_VW_LOAN_BANKRUPTCY,FULLY_ELIGIBLE_FOR_CONTACT,NONE,BECOMING_FULLY_CONTACTABLE,VW_LOAN
07fd450c-9fa5-3e00-57e6-397fd43aa529,LAI-00096486,P397FD43AA529,2020-11-16,10000.0000,2022-11-29,,,,,,,,,,,,NOT_IN_VW_LOAN_BANKRUPTCY,FULLY_ELIGIBLE_FOR_CONTACT,NONE,BECOMING_FULLY_CONTACTABLE,VW_LOAN
e584c65f-afbe-6119-718e-be706107109d,LAI-00097331,PBE706107109D,2020-11-18,18000.0000,2021-04-21,,,,,,,,,,,,NOT_IN_VW_LOAN_BANKRUPTCY,FULLY_ELIGIBLE_FOR_CONTACT,NONE,BECOMING_FULLY_CONTACTABLE,VW_LOAN
a30074de-4e77-73ef-fc2a-23876c639c0c,LAI-00097817,P23876C639C0C,2020-11-19,11500.0000,2024-01-19,,,,,,,,,,,,NOT_IN_VW_LOAN_BANKRUPTCY,FULLY_ELIGIBLE_FOR_CONTACT,NONE,BECOMING_FULLY_CONTACTABLE,VW_LOAN
af2722c3-f02e-7e1c-03a3-a27cb47a264a,LAI-00098348,PA27CB47A264A,2020-11-23,29500.0000,2023-11-23,,,,,,,,,,,,NOT_IN_VW_LOAN_BANKRUPTCY,FULLY_ELIGIBLE_FOR_CONTACT,NONE,BECOMING_FULLY_CONTACTABLE,VW_LOAN
3381d274-7e51-b035-f9eb-5b0710e041b5,LAI-00098956,P5B0710E041B5,2020-11-25,13000.0000,2023-10-19,,,,,,,,,,,,NOT_IN_VW_LOAN_BANKRUPTCY,FULLY_ELIGIBLE_FOR_CONTACT,NONE,BECOMING_FULLY_CONTACTABLE,VW_LOAN
09bb67f2-f1b0-77c7-ebdf-26123692ab5f,LAI-00099497,P26123692AB5F,2020-11-30,18000.0000,2021-09-24,,,,,,,,,,,,NOT_IN_VW_LOAN_BANKRUPTCY,FULLY_ELIGIBLE_FOR_CONTACT,NONE,BECOMING_FULLY_CONTACTABLE,VW_LOAN
f76e4a4c-7608-3af1-3cb0-e93df3fdf2c4,LAI-00100722,PE93DF3FDF2C4,2020-12-04,10000.0000,2024-02-04,,,,,,,,,,,,NOT_IN_VW_LOAN_BANKRUPTCY,FULLY_ELIGIBLE_FOR_CONTACT,NONE,BECOMING_FULLY_CONTACTABLE,VW_LOAN
282106eb-9335-3664-24e5-b2b53e0636e3,LAI-00101427,PB2B53E0636E3,2020-12-09,15500.0000,2022-04-18,,,,,,,,,,,,NOT_IN_VW_LOAN_BANKRUPTCY,FULLY_ELIGIBLE_FOR_CONTACT,NONE,BECOMING_FULLY_CONTACTABLE,VW_LOAN
9d6a3fdf-50de-4bd6-98bd-944c9e390f96,LAI-00102810,P944C9E390F96,2018-11-15,17000.0000,2021-06-10,,,,,,,,,,,,NOT_IN_VW_LOAN_BANKRUPTCY,FULLY_ELIGIBLE_FOR_CONTACT,NONE,BECOMING_FULLY_CONTACTABLE,VW_LOAN
416279a4-2159-a768-0391-f09efad260f2,LAI-00106815,PF09EFAD260F2,2020-12-23,5000.0000,2023-12-23,,,,,,,,,,,,NOT_IN_VW_LOAN_BANKRUPTCY,FULLY_ELIGIBLE_FOR_CONTACT,NONE,BECOMING_FULLY_CONTACTABLE,VW_LOAN
0efe3dde-7b93-eb73-a503-677a6cbcf1ff,LAI-00109709,P677A6CBCF1FF,2021-01-12,22000.0000,2021-07-30,,,,,,,,,,,,NOT_IN_VW_LOAN_BANKRUPTCY,FULLY_ELIGIBLE_FOR_CONTACT,NONE,BECOMING_FULLY_CONTACTABLE,VW_LOAN
ebfea41f-ee16-66c0-f880-05d19ac8390a,LAI-00110535,P05D19AC8390A,2021-01-15,18500.0000,2023-05-17,,,,,,,,,,,,NOT_IN_VW_LOAN_BANKRUPTCY,FULLY_ELIGIBLE_FOR_CONTACT,NONE,BECOMING_FULLY_CONTACTABLE,VW_LOAN
4c38a97a-fe90-9c3b-9d4e-d015d5ebcc30,LAI-00110724,PD015D5EBCC30,2021-01-19,10000.0000,2023-07-10,,,,,,,,,,,,NOT_IN_VW_LOAN_BANKRUPTCY,FULLY_ELIGIBLE_FOR_CONTACT,NONE,BECOMING_FULLY_CONTACTABLE,VW_LOAN
3fa2a1ad-4414-4743-85c6-5965775d0ef8,LAI-00111622,P5965775D0EF8,2019-04-29,15200.0000,2021-05-27,,,,,,,,,,,,NOT_IN_VW_LOAN_BANKRUPTCY,FULLY_ELIGIBLE_FOR_CONTACT,NONE,BECOMING_FULLY_CONTACTABLE,VW_LOAN
7e218dfe-21e2-4801-b057-9091c011ee42,LAI-00112070,P9091C011EE42,2019-06-13,26000.0000,2022-05-13,,,,,,,,,,,,NOT_IN_VW_LOAN_BANKRUPTCY,FULLY_ELIGIBLE_FOR_CONTACT,NONE,BECOMING_FULLY_CONTACTABLE,VW_LOAN
2d42c910-550c-49fd-9cf9-9bae0ff6b8d9,LAI-00112131,P9BAE0FF6B8D9,2019-06-14,23500.0000,2021-03-16,,,,,,,,,,,,NOT_IN_VW_LOAN_BANKRUPTCY,FULLY_ELIGIBLE_FOR_CONTACT,NONE,BECOMING_FULLY_CONTACTABLE,VW_LOAN
80ac9bb2-950b-4759-b282-4a9634470873,LAI-00112433,P4A9634470873,2018-07-11,9900.0000,2021-02-01,,,,,,,,,,,,NOT_IN_VW_LOAN_BANKRUPTCY,FULLY_ELIGIBLE_FOR_CONTACT,NONE,BECOMING_FULLY_CONTACTABLE,VW_LOAN
a6f57a08-1816-4fc0-b3b3-e941589e0963,LAI-00115154,PE941589E0963,2018-10-01,25000.0000,2021-03-05,,,,,,,,,,,,NOT_IN_VW_LOAN_BANKRUPTCY,FULLY_ELIGIBLE_FOR_CONTACT,NONE,BECOMING_FULLY_CONTACTABLE,VW_LOAN
ce9cc758-f1a5-4a40-a464-6fb7df204836,LAI-00116949,P6FB7DF204836,2018-06-21,10000.0000,2021-08-23,,,,,,,,,,,,NOT_IN_VW_LOAN_BANKRUPTCY,FULLY_ELIGIBLE_FOR_CONTACT,NONE,BECOMING_FULLY_CONTACTABLE,VW_LOAN
ea7a1bed-70f0-4e2f-b67e-f8af1fac68c3,LAI-00122932,PF8AF1FAC68C3,2018-10-26,18000.0000,2021-03-03,,,,,,,,,,,,NOT_IN_VW_LOAN_BANKRUPTCY,FULLY_ELIGIBLE_FOR_CONTACT,NONE,BECOMING_FULLY_CONTACTABLE,VW_LOAN
b3834638-a881-4158-b760-9c24be792bb9,LAI-00125066,P9C24BE792BB9,2018-06-11,17300.0000,2021-07-16,,,,,,,,,,,,NOT_IN_VW_LOAN_BANKRUPTCY,FULLY_ELIGIBLE_FOR_CONTACT,NONE,BECOMING_FULLY_CONTACTABLE,VW_LOAN
afc13de6-f632-4652-af46-7122e14a82e9,LAI-00125648,P7122E14A82E9,2018-10-16,25000.0000,2021-12-31,,,,,,,,,,,,NOT_IN_VW_LOAN_BANKRUPTCY,FULLY_ELIGIBLE_FOR_CONTACT,NONE,BECOMING_FULLY_CONTACTABLE,VW_LOAN
415a8bd4-1ced-0c43-d002-27dbd3bfacf0,LAI-00128954,P27DBD3BFACF0,2021-02-02,8000.0000,2022-03-28,,,,,,,,,,,,NOT_IN_VW_LOAN_BANKRUPTCY,FULLY_ELIGIBLE_FOR_CONTACT,NONE,BECOMING_FULLY_CONTACTABLE,VW_LOAN
e9915066-61d6-e808-9910-860e9f1049b6,LAI-00129473,P860E9F1049B6,2021-02-04,30000.0000,2021-09-15,,,,,,,,,,,,NOT_IN_VW_LOAN_BANKRUPTCY,FULLY_ELIGIBLE_FOR_CONTACT,NONE,BECOMING_FULLY_CONTACTABLE,VW_LOAN
064cf33c-3dd3-9575-d505-05868c8b0d9f,LAI-00131757,P05868C8B0D9F,2021-02-17,15000.0000,2022-09-06,,,,,,,,,,,,NOT_IN_VW_LOAN_BANKRUPTCY,FULLY_ELIGIBLE_FOR_CONTACT,NONE,BECOMING_FULLY_CONTACTABLE,VW_LOAN
f431939f-8a39-27e7-1281-0bdd2ae0f295,LAI-00132007,P0BDD2AE0F295,2021-02-18,14500.0000,2022-03-01,,,,,,,,,,,,NOT_IN_VW_LOAN_BANKRUPTCY,FULLY_ELIGIBLE_FOR_CONTACT,NONE,BECOMING_FULLY_CONTACTABLE,VW_LOAN
9adfbe43-3fc3-9e8d-e146-50054be6af2b,LAI-00132471,P50054BE6AF2B,2021-02-19,7500.0000,2023-08-04,,,,,,,,,,,,NOT_IN_VW_LOAN_BANKRUPTCY,FULLY_ELIGIBLE_FOR_CONTACT,NONE,BECOMING_FULLY_CONTACTABLE,VW_LOAN
9ed25105-7efb-4d9f-be7a-e17419289bdc,LAI-00133096,PE17419289BDC,2019-02-25,10000.0000,2021-02-25,,,,,,,,,,,,NOT_IN_VW_LOAN_BANKRUPTCY,FULLY_ELIGIBLE_FOR_CONTACT,NONE,BECOMING_FULLY_CONTACTABLE,VW_LOAN
10ca78bb-7c57-94e1-a292-7ee0e6a1a2de,LAI-00135734,P7EE0E6A1A2DE,2021-02-24,40000.0000,2022-07-25,,,,,,,,,,,,NOT_IN_VW_LOAN_BANKRUPTCY,FULLY_ELIGIBLE_FOR_CONTACT,NONE,BECOMING_FULLY_CONTACTABLE,VW_LOAN
00b701b1-3d7b-4930-96ad-e816b5a96e42,LAI-00138613,PE816B5A96E42,2016-04-13,8800.0000,2017-07-03,,,,,,,,,,,,NOT_IN_VW_LOAN_BANKRUPTCY,FULLY_ELIGIBLE_FOR_CONTACT,NONE,BECOMING_FULLY_CONTACTABLE,VW_LOAN
14db3c8b-7515-47e1-8c3b-153dddbd6ba7,LAI-00139304,P153DDDBD6BA7,2018-03-29,15500.0000,2018-12-18,,,,,,,,,,,,NOT_IN_VW_LOAN_BANKRUPTCY,FULLY_ELIGIBLE_FOR_CONTACT,NONE,BECOMING_FULLY_CONTACTABLE,VW_LOAN
74671f7d-6247-4c7a-9126-d47dd25c7b4b,LAI-00141537,PD47DD25C7B4B,2019-01-17,5000.0000,2019-08-20,,,,,,,,,,,,NOT_IN_VW_LOAN_BANKRUPTCY,FULLY_ELIGIBLE_FOR_CONTACT,NONE,BECOMING_FULLY_CONTACTABLE,VW_LOAN
11c6598e-2dca-4fdc-9aa5-1a83d5c268c6,LAI-00142778,P1A83D5C268C6,2018-10-04,6500.0000,2019-02-07,,,,,,,,,,,,NOT_IN_VW_LOAN_BANKRUPTCY,FULLY_ELIGIBLE_FOR_CONTACT,NONE,BECOMING_FULLY_CONTACTABLE,VW_LOAN
aececff2-bcb3-4758-9090-b284824f568f,LAI-00142948,PB284824F568F,2018-11-14,14500.0000,2020-02-06,,,,,,,,,,,,NOT_IN_VW_LOAN_BANKRUPTCY,FULLY_ELIGIBLE_FOR_CONTACT,NONE,BECOMING_FULLY_CONTACTABLE,VW_LOAN
125c9a1e-0885-4c1d-b9ef-e026c25875da,LAI-00143179,PE026C25875DA,2018-10-26,25000.0000,2019-06-26,,,,,,,,,,,,NOT_IN_VW_LOAN_BANKRUPTCY,FULLY_ELIGIBLE_FOR_CONTACT,NONE,BECOMING_FULLY_CONTACTABLE,VW_LOAN
d7247a80-58e5-4766-af61-f4ca9304964d,LAI-00146597,PF4CA9304964D,2019-08-02,20000.0000,2020-01-24,,,,,,,,,,,,NOT_IN_VW_LOAN_BANKRUPTCY,FULLY_ELIGIBLE_FOR_CONTACT,NONE,BECOMING_FULLY_CONTACTABLE,VW_LOAN
5401558f-82d5-43e7-be6a-729c61393c60,LAI-00147385,P729C61393C60,2016-04-27,5400.0000,2018-07-27,,,,,,,,,,,,NOT_IN_VW_LOAN_BANKRUPTCY,FULLY_ELIGIBLE_FOR_CONTACT,NONE,BECOMING_FULLY_CONTACTABLE,VW_LOAN
26bb4610-5ce1-427c-95a9-5551ff80eaae,LAI-00148201,P5551FF80EAAE,2017-02-16,7500.0000,2020-03-03,,,,,,,,,,,,NOT_IN_VW_LOAN_BANKRUPTCY,FULLY_ELIGIBLE_FOR_CONTACT,NONE,BECOMING_FULLY_CONTACTABLE,VW_LOAN
f4167aec-02ec-4a55-be7f-726c486f7b14,LAI-00149993,P726C486F7B14,2017-10-12,10500.0000,2018-09-12,,,,,,,,,,,,NOT_IN_VW_LOAN_BANKRUPTCY,FULLY_ELIGIBLE_FOR_CONTACT,NONE,BECOMING_FULLY_CONTACTABLE,VW_LOAN
60a17a9d-566c-4cb1-b919-0e44d2e7990b,LAI-00150477,P0E44D2E7990B,2019-02-06,6400.0000,2020-09-16,,,,,,,,,,,,NOT_IN_VW_LOAN_BANKRUPTCY,FULLY_ELIGIBLE_FOR_CONTACT,NONE,BECOMING_FULLY_CONTACTABLE,VW_LOAN
4b484cf4-e690-4b69-ba14-ac0c744355e1,LAI-00150586,PAC0C744355E1,2017-12-01,10000.0000,2019-01-09,,,,,,,,,,,,NOT_IN_VW_LOAN_BANKRUPTCY,FULLY_ELIGIBLE_FOR_CONTACT,NONE,BECOMING_FULLY_CONTACTABLE,VW_LOAN
0405c8ab-ce4b-4e5a-9261-4f8f9c345736,LAI-00152549,P4F8F9C345736,2016-03-29,8500.0000,2017-10-06,,,,,,,,,,,,NOT_IN_VW_LOAN_BANKRUPTCY,FULLY_ELIGIBLE_FOR_CONTACT,NONE,BECOMING_FULLY_CONTACTABLE,VW_LOAN
0e163b3b-f52f-4ba0-9002-aa6b5e4d16df,LAI-00154107,PAA6B5E4D16DF,2016-02-25,6300.0000,2018-05-23,,,,,,,,,,,,NOT_IN_VW_LOAN_BANKRUPTCY,FULLY_ELIGIBLE_FOR_CONTACT,NONE,BECOMING_FULLY_CONTACTABLE,VW_LOAN
08805cd7-3fcd-4d69-9747-1213d5a95f46,LAI-00154817,P1213D5A95F46,2016-03-02,13000.0000,2017-04-05,,,,,,,,,,,,NOT_IN_VW_LOAN_BANKRUPTCY,FULLY_ELIGIBLE_FOR_CONTACT,NONE,BECOMING_FULLY_CONTACTABLE,VW_LOAN
514d3c92-fad5-49a3-b0a9-eb29847f3f97,LAI-00165165,PEB29847F3F97,2019-06-19,18000.0000,2021-05-28,,,,,,,,,,,,NOT_IN_VW_LOAN_BANKRUPTCY,FULLY_ELIGIBLE_FOR_CONTACT,NONE,BECOMING_FULLY_CONTACTABLE,VW_LOAN
8516dbaf-54be-4c8d-abab-b61d812eeb45,LAI-00166168,PB61D812EEB45,2019-04-01,20000.0000,2021-01-21,,,,,,,,,,,,NOT_IN_VW_LOAN_BANKRUPTCY,FULLY_ELIGIBLE_FOR_CONTACT,NONE,BECOMING_FULLY_CONTACTABLE,VW_LOAN
7f9e0cb4-d8c4-4a1a-b867-cbc5f7e7be60,LAI-00166648,PCBC5F7E7BE60,2017-11-08,15500.0000,2019-07-29,,,,,,,,,,,,NOT_IN_VW_LOAN_BANKRUPTCY,FULLY_ELIGIBLE_FOR_CONTACT,NONE,BECOMING_FULLY_CONTACTABLE,VW_LOAN
1f3ece59-2731-4188-b578-1ea30a540fcb,LAI-00166975,P1EA30A540FCB,2019-01-08,6000.0000,2021-01-05,,,,,,,,,,,,NOT_IN_VW_LOAN_BANKRUPTCY,FULLY_ELIGIBLE_FOR_CONTACT,NONE,BECOMING_FULLY_CONTACTABLE,VW_LOAN
df39dd65-682d-4ab7-8c91-22acf209a125,LAI-00167037,P22ACF209A125,2019-03-11,5000.0000,2020-07-14,,,,,,,,,,,,NOT_IN_VW_LOAN_BANKRUPTCY,FULLY_ELIGIBLE_FOR_CONTACT,NONE,BECOMING_FULLY_CONTACTABLE,VW_LOAN
c15c834f-5a46-48e6-8390-2e0a39ddbe79,LAI-00169692,P2E0A39DDBE79,2018-03-16,20000.0000,2020-01-14,,,,,,,,,,,,NOT_IN_VW_LOAN_BANKRUPTCY,FULLY_ELIGIBLE_FOR_CONTACT,NONE,BECOMING_FULLY_CONTACTABLE,VW_LOAN
fdc46661-7752-4ebb-8e68-524f21cc8177,LAI-00171262,P524F21CC8177,2017-11-15,25000.0000,2021-01-26,,,,,,,,,,,,NOT_IN_VW_LOAN_BANKRUPTCY,FULLY_ELIGIBLE_FOR_CONTACT,NONE,BECOMING_FULLY_CONTACTABLE,VW_LOAN
68f4970c-841c-4e64-a606-70f37077bc75,LAI-00174920,P70F37077BC75,2019-03-15,9000.0000,2021-02-17,,,,,,,,,,,,NOT_IN_VW_LOAN_BANKRUPTCY,FULLY_ELIGIBLE_FOR_CONTACT,NONE,BECOMING_FULLY_CONTACTABLE,VW_LOAN
1ecf3754-ab56-4d45-a6fa-35d805f3c95e,LAI-00175941,P35D805F3C95E,2019-03-11,5000.0000,2019-04-05,,,,,,,,,,,,NOT_IN_VW_LOAN_BANKRUPTCY,FULLY_ELIGIBLE_FOR_CONTACT,NONE,BECOMING_FULLY_CONTACTABLE,VW_LOAN
c53b52ad-4d92-4ef1-a602-c48cce7ce061,LAI-00177894,PC48CCE7CE061,2018-11-02,7000.0000,2020-11-11,,,,,,,,,,,,NOT_IN_VW_LOAN_BANKRUPTCY,FULLY_ELIGIBLE_FOR_CONTACT,NONE,BECOMING_FULLY_CONTACTABLE,VW_LOAN
94fe9d44-f3fe-4c97-a6a9-68ee668046a1,LAI-00178581,P68EE668046A1,2017-05-23,25000.0000,2018-03-23,2018-03-23,,,,,,,,,,,NOT_IN_VW_LOAN_BANKRUPTCY,FULLY_ELIGIBLE_FOR_CONTACT,NONE,BECOMING_FULLY_CONTACTABLE,VW_LOAN
874eece9-1d3f-4657-a7cb-60b12267b06e,LAI-00265971,P60B12267B06E,2016-09-16,10500.0000,2019-09-16,,,,,,,,,,,,NOT_IN_VW_LOAN_BANKRUPTCY,FULLY_ELIGIBLE_FOR_CONTACT,NONE,BECOMING_FULLY_CONTACTABLE,VW_LOAN
648b8ff8-68ee-67a9-cb77-d92a8f4e9b7d,LAI-00293996,PD92A8F4E9B7D,2021-04-07,10000.0000,2022-06-14,,,,,,,,,,,,NOT_IN_VW_LOAN_BANKRUPTCY,FULLY_ELIGIBLE_FOR_CONTACT,NONE,BECOMING_FULLY_CONTACTABLE,VW_LOAN
ad9cf500-422d-8813-3acc-b568ab615c55,LAI-00301442,PB568AB615C55,2021-04-08,10500.0000,2023-04-08,,,,,,,,,,,,NOT_IN_VW_LOAN_BANKRUPTCY,FULLY_ELIGIBLE_FOR_CONTACT,NONE,BECOMING_FULLY_CONTACTABLE,VW_LOAN
42fec2a9-1272-7256-5287-e54715be2683,LAI-00309345,PE54715BE2683,2021-04-09,25000.0000,2021-10-22,,,,,,,,,,,,NOT_IN_VW_LOAN_BANKRUPTCY,FULLY_ELIGIBLE_FOR_CONTACT,NONE,BECOMING_FULLY_CONTACTABLE,VW_LOAN
96dcb957-03a8-781e-a45d-63cfd14ef7c1,LAI-00335763,P63CFD14EF7C1,2021-04-16,14000.0000,2023-08-03,,,,,,,,,,,,NOT_IN_VW_LOAN_BANKRUPTCY,FULLY_ELIGIBLE_FOR_CONTACT,NONE,BECOMING_FULLY_CONTACTABLE,VW_LOAN
339ff19f-5205-f12c-7ca1-e4f1ecd2ec60,LAI-00335786,PE4F1ECD2EC60,2021-04-16,8500.0000,2022-08-12,,,,,,,,,,,,NOT_IN_VW_LOAN_BANKRUPTCY,FULLY_ELIGIBLE_FOR_CONTACT,NONE,BECOMING_FULLY_CONTACTABLE,VW_LOAN
a5097a09-5edc-c5d9-642b-406802a16d84,LAI-00341061,P406802A16D84,2021-05-12,17000.0000,2022-09-01,,,,,,,,,,,,NOT_IN_VW_LOAN_BANKRUPTCY,FULLY_ELIGIBLE_FOR_CONTACT,NONE,BECOMING_FULLY_CONTACTABLE,VW_LOAN
baf5754f-5954-ed7a-6b39-84bd5717a206,LAI-00460453,P84BD5717A206,2021-06-09,16500.0000,2023-02-15,,,,,,,,,,,,NOT_IN_VW_LOAN_BANKRUPTCY,FULLY_ELIGIBLE_FOR_CONTACT,NONE,BECOMING_FULLY_CONTACTABLE,VW_LOAN
9257b1cd-8ae0-934d-ed54-e544f22a6a30,LAI-00472583,PE544F22A6A30,2021-06-11,24500.0000,2021-11-01,,,,,,,,,,,,NOT_IN_VW_LOAN_BANKRUPTCY,FULLY_ELIGIBLE_FOR_CONTACT,NONE,BECOMING_FULLY_CONTACTABLE,VW_LOAN
ae409ebd-ccdb-3bb9-4a2a-94b5414fa531,LAI-00504963,P94B5414FA531,2021-06-30,8000.0000,2023-07-20,,,,,,,,,,,,NOT_IN_VW_LOAN_BANKRUPTCY,FULLY_ELIGIBLE_FOR_CONTACT,NONE,BECOMING_FULLY_CONTACTABLE,VW_LOAN
b243ac2c-be0f-860c-3ab3-9a078a540915,LAI-00505137,P9A078A540915,2021-06-30,15000.0000,2022-04-28,,,,,,,,,,,,NOT_IN_VW_LOAN_BANKRUPTCY,FULLY_ELIGIBLE_FOR_CONTACT,NONE,BECOMING_FULLY_CONTACTABLE,VW_LOAN
80b328a7-286e-f6c2-156a-f539f0cd2a27,LAI-00506101,PF539F0CD2A27,2021-07-07,12500.0000,2023-07-19,,,,,,,,,,,,NOT_IN_VW_LOAN_BANKRUPTCY,FULLY_ELIGIBLE_FOR_CONTACT,NONE,BECOMING_FULLY_CONTACTABLE,VW_LOAN
e04da412-0a44-3598-f0b0-13bb4cf99a02,LAI-00506136,P13BB4CF99A02,2021-07-07,35000.0000,2022-05-23,,,,,,,,,,,,NOT_IN_VW_LOAN_BANKRUPTCY,FULLY_ELIGIBLE_FOR_CONTACT,NONE,BECOMING_FULLY_CONTACTABLE,VW_LOAN
0f587ba3-79fb-6894-262c-f23ed19d8c8c,LAI-00507167,PF23ED19D8C8C,2021-07-12,19000.0000,2024-07-12,,,,,,,,,,,,NOT_IN_VW_LOAN_BANKRUPTCY,FULLY_ELIGIBLE_FOR_CONTACT,NONE,BECOMING_FULLY_CONTACTABLE,VW_LOAN
040f7af4-e599-797a-b2c3-1f60550c6af5,LAI-00507780,P1F60550C6AF5,2021-07-14,5000.0000,2022-07-07,,,,,,,,,,,,NOT_IN_VW_LOAN_BANKRUPTCY,FULLY_ELIGIBLE_FOR_CONTACT,NONE,BECOMING_FULLY_CONTACTABLE,VW_LOAN
c0eaee63-afeb-f042-95c5-bb7bdc16f815,LAI-00509940,PBB7BDC16F815,2021-07-23,9000.0000,2023-08-23,,,,,,,,,,,,NOT_IN_VW_LOAN_BANKRUPTCY,FULLY_ELIGIBLE_FOR_CONTACT,NONE,BECOMING_FULLY_CONTACTABLE,VW_LOAN
5f4b1033-d44a-d37e-5bbb-c4eea572ebfe,LAI-00510459,PC4EEA572EBFE,2021-07-27,39000.0000,2024-07-27,,,,,,,,,,,,NOT_IN_VW_LOAN_BANKRUPTCY,FULLY_ELIGIBLE_FOR_CONTACT,NONE,BECOMING_FULLY_CONTACTABLE,VW_LOAN
34a2f29e-c4ac-5e41-5c48-f67abbf5b836,LAI-00513542,PF67ABBF5B836,2021-08-10,5000.0000,2023-08-10,,,,,,,,,,,,NOT_IN_VW_LOAN_BANKRUPTCY,FULLY_ELIGIBLE_FOR_CONTACT,NONE,BECOMING_FULLY_CONTACTABLE,VW_LOAN
394aa318-a6fa-7af6-12a6-3150359d6d73,LAI-00514668,P3150359D6D73,2021-08-17,12500.0000,2023-11-17,,,,,,,,,,,,NOT_IN_VW_LOAN_BANKRUPTCY,FULLY_ELIGIBLE_FOR_CONTACT,NONE,BECOMING_FULLY_CONTACTABLE,VW_LOAN
5f70c1a7-1800-13ad-568b-84eae24107e2,LAI-00517775,P84EAE24107E2,2021-09-03,17000.0000,2023-11-24,,,,,,,,,,,,NOT_IN_VW_LOAN_BANKRUPTCY,FULLY_ELIGIBLE_FOR_CONTACT,NONE,BECOMING_FULLY_CONTACTABLE,VW_LOAN
adc18250-d1ff-8c99-78b9-7203396343cd,LAI-00518285,P7203396343CD,2021-09-07,5000.0000,2023-09-12,,,,,,,,,,,,NOT_IN_VW_LOAN_BANKRUPTCY,FULLY_ELIGIBLE_FOR_CONTACT,NONE,BECOMING_FULLY_CONTACTABLE,VW_LOAN
2b3eed69-89b5-0f32-eb34-e2ef1f3e234e,LAI-00518758,PE2EF1F3E234E,2021-09-09,7000.0000,2023-04-20,,,,,,,,,,,,NOT_IN_VW_LOAN_BANKRUPTCY,FULLY_ELIGIBLE_FOR_CONTACT,NONE,BECOMING_FULLY_CONTACTABLE,VW_LOAN
7a8c2a65-adee-fba2-160b-13863080d872,LAI-00518810,P13863080D872,2021-09-09,16500.0000,2022-02-03,,,,,,,,,,,,NOT_IN_VW_LOAN_BANKRUPTCY,FULLY_ELIGIBLE_FOR_CONTACT,NONE,BECOMING_FULLY_CONTACTABLE,VW_LOAN
f2c70a2d-9c2b-5629-094c-481b8c2e08a8,LAI-00519917,P481B8C2E08A8,2021-09-14,10000.0000,2022-05-20,,,,,,,,,,,,NOT_IN_VW_LOAN_BANKRUPTCY,FULLY_ELIGIBLE_FOR_CONTACT,NONE,BECOMING_FULLY_CONTACTABLE,VW_LOAN
d3b15082-e26b-8e79-8bc6-4643fde80f38,LAI-00519932,P4643FDE80F38,2021-09-14,8000.0000,2023-08-18,,,,,,,,,,,,NOT_IN_VW_LOAN_BANKRUPTCY,FULLY_ELIGIBLE_FOR_CONTACT,NONE,BECOMING_FULLY_CONTACTABLE,VW_LOAN
ab4b2d1f-1fae-268a-f795-5f881ad29b02,LAI-00520665,P5F881AD29B02,2021-09-17,40000.0000,2023-02-13,,,,,,,,,,,,NOT_IN_VW_LOAN_BANKRUPTCY,FULLY_ELIGIBLE_FOR_CONTACT,NONE,BECOMING_FULLY_CONTACTABLE,VW_LOAN
a2eb097c-8e10-f1c2-4f6c-2832d3f71cbe,LAI-00524162,P2832D3F71CBE,2021-10-06,40000.0000,2023-08-06,,,,,,,,,,,,NOT_IN_VW_LOAN_BANKRUPTCY,FULLY_ELIGIBLE_FOR_CONTACT,NONE,BECOMING_FULLY_CONTACTABLE,VW_LOAN
8eb811e4-649d-69fa-8b52-0541ccbc5ba4,LAI-00524398,P0541CCBC5BA4,2021-10-07,10000.0000,2023-05-09,,,,,,,,,,,,NOT_IN_VW_LOAN_BANKRUPTCY,FULLY_ELIGIBLE_FOR_CONTACT,NONE,BECOMING_FULLY_CONTACTABLE,VW_LOAN
b0d9322b-d074-9534-659f-52e8e87c0aea,LAI-00524685,P52E8E87C0AEA,2021-10-08,40000.0000,2023-07-10,,,,,,,,,,,,NOT_IN_VW_LOAN_BANKRUPTCY,FULLY_ELIGIBLE_FOR_CONTACT,NONE,BECOMING_FULLY_CONTACTABLE,VW_LOAN
4fafe2d6-6b69-ca53-fb1b-4ebf737f983d,LAI-00525085,P4EBF737F983D,2021-10-13,10000.0000,2023-07-05,,,,,,,,,,,,NOT_IN_VW_LOAN_BANKRUPTCY,FULLY_ELIGIBLE_FOR_CONTACT,NONE,BECOMING_FULLY_CONTACTABLE,VW_LOAN
af92c23d-9f41-a49a-caac-5c6ad29bbf2c,LAI-00525360,P5C6AD29BBF2C,2021-10-14,5000.0000,2023-08-14,,,,,,,,,,,,NOT_IN_VW_LOAN_BANKRUPTCY,FULLY_ELIGIBLE_FOR_CONTACT,NONE,BECOMING_FULLY_CONTACTABLE,VW_LOAN
7cac72ea-dd3a-6669-4eb0-6adbd05744ef,LAI-00526065,P6ADBD05744EF,2021-10-18,10000.0000,2023-10-18,,,,,,,,,,,,NOT_IN_VW_LOAN_BANKRUPTCY,FULLY_ELIGIBLE_FOR_CONTACT,NONE,BECOMING_FULLY_CONTACTABLE,VW_LOAN
f85278a3-855f-4636-5ec9-724177f58ffe,LAI-00526316,P724177F58FFE,2021-10-19,30000.0000,2022-10-05,,,,,,,,,,,,NOT_IN_VW_LOAN_BANKRUPTCY,FULLY_ELIGIBLE_FOR_CONTACT,NONE,BECOMING_FULLY_CONTACTABLE,VW_LOAN
72981b1b-9adf-5fa9-fc4d-f43e8592b0a0,LAI-00528301,PF43E8592B0A0,2021-10-28,16000.0000,2024-03-05,,,,,,,,,,,,NOT_IN_VW_LOAN_BANKRUPTCY,FULLY_ELIGIBLE_FOR_CONTACT,NONE,BECOMING_FULLY_CONTACTABLE,VW_LOAN
f2122c19-4624-e4ca-16a7-b980ece4af58,LAI-00528746,PB980ECE4AF58,2021-11-01,5000.0000,2024-02-01,,,,,,,,,,,,NOT_IN_VW_LOAN_BANKRUPTCY,FULLY_ELIGIBLE_FOR_CONTACT,NONE,BECOMING_FULLY_CONTACTABLE,VW_LOAN
1e567eb8-478e-449e-19fc-e54f88ff66b5,LAI-00530798,PE54F88FF66B5,2021-11-09,11500.0000,2024-02-08,,,,,,,,,,,,NOT_IN_VW_LOAN_BANKRUPTCY,FULLY_ELIGIBLE_FOR_CONTACT,NONE,BECOMING_FULLY_CONTACTABLE,VW_LOAN
6dea5b51-39bb-9876-57a5-bba6a1085fd4,LAI-00536245,PBBA6A1085FD4,2021-12-07,10400.0000,2022-02-24,,,,,,,,,,,,NOT_IN_VW_LOAN_BANKRUPTCY,FULLY_ELIGIBLE_FOR_CONTACT,NONE,BECOMING_FULLY_CONTACTABLE,VW_LOAN
fcfcaf89-1ad7-eb9e-8c21-9c9e9f93e565,LAI-00538940,P9C9E9F93E565,2021-12-20,10000.0000,2023-08-17,,,,,,,,,,,,NOT_IN_VW_LOAN_BANKRUPTCY,FULLY_ELIGIBLE_FOR_CONTACT,NONE,BECOMING_FULLY_CONTACTABLE,VW_LOAN
375d00a3-d671-b855-e66d-8cf1fba17e41,LAI-00543351,P8CF1FBA17E41,2022-01-13,17000.0000,2023-09-20,,,,,,,,,,,,NOT_IN_VW_LOAN_BANKRUPTCY,FULLY_ELIGIBLE_FOR_CONTACT,NONE,BECOMING_FULLY_CONTACTABLE,VW_LOAN
92de9e96-8ea3-b65d-2dd5-81abdf9cba12,LAI-00549310,P81ABDF9CBA12,2022-02-14,15000.0000,2022-05-24,,,,,,,,,,,,NOT_IN_VW_LOAN_BANKRUPTCY,FULLY_ELIGIBLE_FOR_CONTACT,NONE,BECOMING_FULLY_CONTACTABLE,VW_LOAN
ed8d00ee-d446-5a9c-7770-d7d87c8bf058,LAI-00555994,PD7D87C8BF058,2022-03-21,17500.0000,2024-07-18,,,,,,,,,,,,NOT_IN_VW_LOAN_BANKRUPTCY,FULLY_ELIGIBLE_FOR_CONTACT,NONE,BECOMING_FULLY_CONTACTABLE,VW_LOAN
fcb26451-c968-b2d2-e5b6-91316f1c879b,LAI-00557250,P91316F1C879B,2022-03-25,5600.0000,2022-06-03,,,,,,,,,,,,NOT_IN_VW_LOAN_BANKRUPTCY,FULLY_ELIGIBLE_FOR_CONTACT,NONE,BECOMING_FULLY_CONTACTABLE,VW_LOAN
4a0d8634-b073-0782-8eca-7a1bc8c4da9d,LAI-00557890,P7A1BC8C4DA9D,2022-03-30,30000.0000,2022-09-27,,,,,,,,,,,,NOT_IN_VW_LOAN_BANKRUPTCY,FULLY_ELIGIBLE_FOR_CONTACT,NONE,BECOMING_FULLY_CONTACTABLE,VW_LOAN
052613a4-bb76-531f-689e-96b77dc329ef,LAI-00562056,P96B77DC329EF,2022-04-18,35000.0000,2023-02-27,,,,,,,,,,,,NOT_IN_VW_LOAN_BANKRUPTCY,FULLY_ELIGIBLE_FOR_CONTACT,NONE,BECOMING_FULLY_CONTACTABLE,VW_LOAN
124ddc8e-fd70-5192-4e0a-cf139dfc3ead,LAI-00562467,PCF139DFC3EAD,2022-04-19,25000.0000,2022-12-13,,,,,,,,,,,,NOT_IN_VW_LOAN_BANKRUPTCY,FULLY_ELIGIBLE_FOR_CONTACT,NONE,BECOMING_FULLY_CONTACTABLE,VW_LOAN
9bf079eb-63ec-92d0-0d73-d8b92ae5bd89,LAI-00563830,PD8B92AE5BD89,2022-04-22,35000.0000,2022-05-20,,,,,,,,,,,,NOT_IN_VW_LOAN_BANKRUPTCY,FULLY_ELIGIBLE_FOR_CONTACT,NONE,BECOMING_FULLY_CONTACTABLE,VW_LOAN
bc758f3e-2431-60e4-5913-f7480111d6e9,LAI-00566492,PF7480111D6E9,2022-05-04,12000.0000,2023-11-10,,,,,,,,,,,,NOT_IN_VW_LOAN_BANKRUPTCY,FULLY_ELIGIBLE_FOR_CONTACT,NONE,BECOMING_FULLY_CONTACTABLE,VW_LOAN
53c40300-a3cb-3e0c-424f-77e1b36cb34e,LAI-00568355,P77E1B36CB34E,2022-05-11,10000.0000,2022-08-24,,,,,,,,,,,,NOT_IN_VW_LOAN_BANKRUPTCY,FULLY_ELIGIBLE_FOR_CONTACT,NONE,BECOMING_FULLY_CONTACTABLE,VW_LOAN
d8f70a5d-1684-e752-840b-edbe6d2a49c5,LAI-00576119,PEDBE6D2A49C5,2022-06-08,7000.0000,2022-10-04,,,,,,,,,,,,NOT_IN_VW_LOAN_BANKRUPTCY,FULLY_ELIGIBLE_FOR_CONTACT,NONE,BECOMING_FULLY_CONTACTABLE,VW_LOAN
389e93ca-69a3-486d-bacd-70dc597068d9,LAI-00578444,P70DC597068D9,2022-06-15,25500.0000,2023-02-03,,,,,,,,,,,,NOT_IN_VW_LOAN_BANKRUPTCY,FULLY_ELIGIBLE_FOR_CONTACT,NONE,BECOMING_FULLY_CONTACTABLE,VW_LOAN
f086b31d-540b-7b82-c21e-7776e22fa3ea,LAI-00582576,P7776E22FA3EA,2022-06-29,20000.0000,2022-10-31,,,,,,,,,,,,NOT_IN_VW_LOAN_BANKRUPTCY,FULLY_ELIGIBLE_FOR_CONTACT,NONE,BECOMING_FULLY_CONTACTABLE,VW_LOAN
68310551-1c7e-096b-2f94-942d882d51c1,LAI-00584758,P942D882D51C1,2022-07-06,10000.0000,2024-02-21,,,,,,,,,,,,NOT_IN_VW_LOAN_BANKRUPTCY,FULLY_ELIGIBLE_FOR_CONTACT,NONE,BECOMING_FULLY_CONTACTABLE,VW_LOAN
6487af7e-0a01-66ac-e2e3-461e5ab128d6,LAI-00586959,P461E5AB128D6,2022-07-11,20000.0000,2023-03-29,,,,,,,,,,,,NOT_IN_VW_LOAN_BANKRUPTCY,FULLY_ELIGIBLE_FOR_CONTACT,NONE,BECOMING_FULLY_CONTACTABLE,VW_LOAN
63c72137-b301-0639-53cc-453d88ffd560,LAI-00587232,P453D88FFD560,2022-07-11,9000.0000,2022-09-19,,,,,,,,,,,,NOT_IN_VW_LOAN_BANKRUPTCY,FULLY_ELIGIBLE_FOR_CONTACT,NONE,BECOMING_FULLY_CONTACTABLE,VW_LOAN
4e71e6a4-46d0-57db-e000-d534ddd5c044,LAI-00591817,PD534DDD5C044,2022-07-22,6500.0000,2023-05-12,,,,,,,,,,,,NOT_IN_VW_LOAN_BANKRUPTCY,FULLY_ELIGIBLE_FOR_CONTACT,NONE,BECOMING_FULLY_CONTACTABLE,VW_LOAN
9853adce-80c9-3f1a-b7f0-4c606241cb8e,LAI-00594198,P4C606241CB8E,2022-07-27,5000.0000,2024-07-16,,,,,,,,,,,,NOT_IN_VW_LOAN_BANKRUPTCY,FULLY_ELIGIBLE_FOR_CONTACT,NONE,BECOMING_FULLY_CONTACTABLE,VW_LOAN
a5df592d-ca04-fef5-6a76-9dcbed24d715,LAI-00598941,P9DCBED24D715,2022-08-05,21000.0000,2022-12-05,,,,,,,,,,,,NOT_IN_VW_LOAN_BANKRUPTCY,FULLY_ELIGIBLE_FOR_CONTACT,NONE,BECOMING_FULLY_CONTACTABLE,VW_LOAN
13be5eb1-8fe9-6820-75e3-2cce7eac654f,LAI-00608308,P2CCE7EAC654F,2022-08-25,16000.0000,2022-10-31,,,,,,,,,,,,NOT_IN_VW_LOAN_BANKRUPTCY,FULLY_ELIGIBLE_FOR_CONTACT,NONE,BECOMING_FULLY_CONTACTABLE,VW_LOAN
04cacd8e-8f61-f66a-0c39-dd186aac54a9,LAI-00608612,PDD186AAC54A9,2022-08-26,27000.0000,2023-03-14,,,,,,,,,,,,NOT_IN_VW_LOAN_BANKRUPTCY,FULLY_ELIGIBLE_FOR_CONTACT,NONE,BECOMING_FULLY_CONTACTABLE,VW_LOAN
b858442b-8dee-a6a7-8060-a57bb4d47464,LAI-00609903,PA57BB4D47464,2022-08-31,25000.0000,2023-10-05,,,,,,,,,,,,NOT_IN_VW_LOAN_BANKRUPTCY,FULLY_ELIGIBLE_FOR_CONTACT,NONE,BECOMING_FULLY_CONTACTABLE,VW_LOAN
bcdbeb8a-eec4-f2df-d0e1-45bf2795e06f,LAI-00610705,P45BF2795E06F,2022-09-01,5000.0000,2023-06-06,,,,,,,,,,,,NOT_IN_VW_LOAN_BANKRUPTCY,FULLY_ELIGIBLE_FOR_CONTACT,NONE,BECOMING_FULLY_CONTACTABLE,VW_LOAN
af33f0e3-b10f-c38a-50fa-9d5952252389,LAI-00611826,P9D5952252389,2022-09-06,5000.0000,2023-09-21,,,,,,,,,,,,NOT_IN_VW_LOAN_BANKRUPTCY,FULLY_ELIGIBLE_FOR_CONTACT,NONE,BECOMING_FULLY_CONTACTABLE,VW_LOAN
0bfe3e12-cc74-55f1-8a4c-dadac46005bb,LAI-00627013,PDADAC46005BB,2022-10-24,35000.0000,2023-03-06,,,,,,,,,,,,NOT_IN_VW_LOAN_BANKRUPTCY,FULLY_ELIGIBLE_FOR_CONTACT,NONE,BECOMING_FULLY_CONTACTABLE,VW_LOAN
2142b864-0fd4-d3ba-ab30-ab08ae2e0784,LAI-00630078,PAB08AE2E0784,2022-11-09,10000.0000,2023-10-12,,,,,,,,,,,,NOT_IN_VW_LOAN_BANKRUPTCY,FULLY_ELIGIBLE_FOR_CONTACT,NONE,BECOMING_FULLY_CONTACTABLE,VW_LOAN
fa50e5de-c29c-45a8-be3e-0577a6ca399d,LAI-00634650,P0577A6CA399D,2022-12-12,9000.0000,2023-01-10,,,,,,,,,,,,NOT_IN_VW_LOAN_BANKRUPTCY,FULLY_ELIGIBLE_FOR_CONTACT,NONE,BECOMING_FULLY_CONTACTABLE,VW_LOAN
071c7651-4536-1005-62b0-f24ae03e84f1,LAI-00636787,PF24AE03E84F1,2022-12-28,10000.0000,2023-03-29,,,,,,,,,,,,NOT_IN_VW_LOAN_BANKRUPTCY,FULLY_ELIGIBLE_FOR_CONTACT,NONE,BECOMING_FULLY_CONTACTABLE,VW_LOAN
d6077b56-18ae-4cdc-83dd-051e10bed52e,LAI-00637205,P051E10BED52E,2022-12-30,10000.0000,2023-11-03,,,,,,,,,,,,NOT_IN_VW_LOAN_BANKRUPTCY,FULLY_ELIGIBLE_FOR_CONTACT,NONE,BECOMING_FULLY_CONTACTABLE,VW_LOAN
43436783-f035-d0ca-909f-102f003f9b21,LAI-00637843,P102F003F9B21,2023-01-05,20000.0000,2023-07-03,2023-07-03,,,,,,,,,,,NOT_IN_VW_LOAN_BANKRUPTCY,FULLY_ELIGIBLE_FOR_CONTACT,NONE,BECOMING_FULLY_CONTACTABLE,VW_LOAN
37c5cbbe-a2b8-4a86-857a-8561ccca6d57,LAI-00638819,P8561CCCA6D57,2023-01-10,15000.0000,2023-09-05,,,,,,,,,,,,NOT_IN_VW_LOAN_BANKRUPTCY,FULLY_ELIGIBLE_FOR_CONTACT,NONE,BECOMING_FULLY_CONTACTABLE,VW_LOAN
6fccefae-cb8a-42b5-aeff-40263048dd76,LAI-00641562,P40263048DD76,2023-01-25,20000.0000,2023-08-24,,,,,,,,,,,,NOT_IN_VW_LOAN_BANKRUPTCY,FULLY_ELIGIBLE_FOR_CONTACT,NONE,BECOMING_FULLY_CONTACTABLE,VW_LOAN
2ad315e3-e2db-483e-a095-fbfdd838e3cc,LAI-00642463,PFBFDD838E3CC,2023-02-02,16300.0000,2023-06-07,,,,,,,,,,,,NOT_IN_VW_LOAN_BANKRUPTCY,FULLY_ELIGIBLE_FOR_CONTACT,NONE,BECOMING_FULLY_CONTACTABLE,VW_LOAN
27388364-1c9a-4d7e-83dd-204f580ebd3d,LAI-00645591,P204F580EBD3D,2023-03-13,20000.0000,2024-01-12,,,,,,,,,,,,NOT_IN_VW_LOAN_BANKRUPTCY,FULLY_ELIGIBLE_FOR_CONTACT,NONE,BECOMING_FULLY_CONTACTABLE,VW_LOAN
0490f9fe-a767-4238-932d-8a1d82717ee5,LAI-00647138,P8A1D82717EE5,2023-04-04,19000.0000,2023-08-21,,,,,,,,,,,,NOT_IN_VW_LOAN_BANKRUPTCY,FULLY_ELIGIBLE_FOR_CONTACT,NONE,BECOMING_FULLY_CONTACTABLE,VW_LOAN
8ed7e173-86b0-4dd1-a020-cabd800d6829,101068,PCABD800D6829,2018-10-12,12300.0000,,2021-03-20,2020-10-28,,Remove Bankruptcy,,CUSTOM_SETTINGS,2005313LA7,,,,-747,REMOVE_BANKRUPTCY_STATUS,FULLY_ELIGIBLE_FOR_CONTACT,NONE,BECOMING_FULLY_CONTACTABLE,VW_LOAN
be19837f-a92c-45be-ae05-55903d4791f4,101101,P55903D4791F4,2015-12-23,11800.0000,2025-03-19,2018-02-20,2017-11-15,,Remove Bankruptcy,,CUSTOM_SETTINGS,17-01199,,,,-693,REMOVE_BANKRUPTCY_STATUS,FULLY_ELIGIBLE_FOR_CONTACT,NONE,BECOMING_FULLY_CONTACTABLE,VW_LOAN
0a411b1c-3711-4913-a3a3-f08c69b68c04,101104,PF08C69B68C04,2016-01-14,6600.0000,,2024-12-26,2017-03-15,,Remove Bankruptcy,,CUSTOM_SETTINGS,1713554,,,,-426,REMOVE_BANKRUPTCY_STATUS,FULLY_ELIGIBLE_FOR_CONTACT,NONE,BECOMING_FULLY_CONTACTABLE,VW_LOAN
2415d829-6584-4585-8e5a-62f246a5511f,101114,P62F246A5511F,2016-02-10,10000.0000,,2016-12-08,2017-03-30,,Remove Bankruptcy,,CUSTOM_SETTINGS,1:17-bk-41554,,,,-414,REMOVE_BANKRUPTCY_STATUS,FULLY_ELIGIBLE_FOR_CONTACT,NONE,BECOMING_FULLY_CONTACTABLE,VW_LOAN
d605473e-8141-4a2f-b98a-154801d2adbb,101122,P154801D2ADBB,2015-11-20,16000.0000,,2016-06-03,2016-03-28,,Remove Bankruptcy,,CUSTOM_SETTINGS,1:16-bk-14000,,,,-129,REMOVE_BANKRUPTCY_STATUS,FULLY_ELIGIBLE_FOR_CONTACT,NONE,BECOMING_FULLY_CONTACTABLE,VW_LOAN
21ced9bf-36b6-4b2f-b1bf-935429ae6fdb,101123,P935429AE6FDB,2017-05-24,35000.0000,,2018-03-26,2017-12-21,,Remove Bankruptcy,,CUSTOM_SETTINGS,17-06197-5-SWH,,,,-211,REMOVE_BANKRUPTCY_STATUS,FULLY_ELIGIBLE_FOR_CONTACT,NONE,BECOMING_FULLY_CONTACTABLE,VW_LOAN
f1797147-c468-438a-8c24-47999f1b2c76,101138,P47999F1B2C76,2016-02-03,18000.0000,,2025-01-03,2016-11-11,,Remove Bankruptcy,,CUSTOM_SETTINGS,16-61129-abf7,,,,-282,REMOVE_BANKRUPTCY_STATUS,FULLY_ELIGIBLE_FOR_CONTACT,NONE,BECOMING_FULLY_CONTACTABLE,VW_LOAN
a878ac36-4299-45b2-b86d-1467167cbe8e,101159,P1467167CBE8E,2015-11-13,5000.0000,,2025-01-13,2017-09-15,,Remove Bankruptcy,,CUSTOM_SETTINGS,1732977,,,,-672,REMOVE_BANKRUPTCY_STATUS,FULLY_ELIGIBLE_FOR_CONTACT,NONE,BECOMING_FULLY_CONTACTABLE,VW_LOAN
4f744399-11fe-4afe-b371-f89b0bb7925f,101165,PF89B0BB7925F,2015-09-10,8300.0000,,2025-09-07,2017-04-19,,Remove Bankruptcy,,CUSTOM_SETTINGS,17-02819-JMC-7,,,,-587,REMOVE_BANKRUPTCY_STATUS,FULLY_ELIGIBLE_FOR_CONTACT,NONE,BECOMING_FULLY_CONTACTABLE,VW_LOAN
26fc5959-9ca5-4632-8c47-c97a1f5e836b,101218,PC97A1F5E836B,2015-11-02,23100.0000,,2017-07-31,2017-03-28,,Remove Bankruptcy,,CUSTOM_SETTINGS,17-31603-KRH,,,,-512,REMOVE_BANKRUPTCY_STATUS,FULLY_ELIGIBLE_FOR_CONTACT,NONE,BECOMING_FULLY_CONTACTABLE,VW_LOAN
0b132dbb-aa73-4a0a-b234-804dcce80b0c,101226,P804DCCE80B0C,2018-11-01,20000.0000,,2020-04-01,2020-02-19,,Remove Bankruptcy,,CUSTOM_SETTINGS,2030565thf,,,,-475,REMOVE_BANKRUPTCY_STATUS,FULLY_ELIGIBLE_FOR_CONTACT,NONE,BECOMING_FULLY_CONTACTABLE,VW_LOAN
17c20cb5-5033-4c39-869a-032482991b5a,101227,P032482991B5A,2016-02-17,18500.0000,,2018-01-16,2017-09-20,,Remove Bankruptcy,,CUSTOM_SETTINGS,17-81340-TLS,,,,-581,REMOVE_BANKRUPTCY_STATUS,FULLY_ELIGIBLE_FOR_CONTACT,NONE,BECOMING_FULLY_CONTACTABLE,VW_LOAN
3e2fe8ee-e988-48fb-87ed-f3e765d3e01e,101237,PF3E765D3E01E,2017-04-07,35000.0000,,2025-01-07,2018-01-15,,Remove Bankruptcy,,CUSTOM_SETTINGS,18-10518,,,,-283,REMOVE_BANKRUPTCY_STATUS,FULLY_ELIGIBLE_FOR_CONTACT,NONE,BECOMING_FULLY_CONTACTABLE,VW_LOAN
ee159146-2f17-40a0-96c3-b4644140ae3d,101245,PB4644140AE3D,2015-10-02,25000.0000,,2017-08-03,2017-03-07,,Remove Bankruptcy,,CUSTOM_SETTINGS,17-10509-whd,,,,-522,REMOVE_BANKRUPTCY_STATUS,FULLY_ELIGIBLE_FOR_CONTACT,NONE,BECOMING_FULLY_CONTACTABLE,VW_LOAN
98f262df-bb29-44e2-8ba9-b3f20168b98f,101251,PB3F20168B98F,2016-05-25,23800.0000,,2017-02-22,2017-07-07,,Remove Bankruptcy,,CUSTOM_SETTINGS,6:17-bk-60884,,,,-408,REMOVE_BANKRUPTCY_STATUS,FULLY_ELIGIBLE_FOR_CONTACT,NONE,BECOMING_FULLY_CONTACTABLE,VW_LOAN
f707afa8-f96d-4d01-a14f-165948d67c40,101255,P165948D67C40,2016-03-25,7700.0000,,2018-01-23,2017-11-29,,Remove Bankruptcy,,CUSTOM_SETTINGS,17-04415-ee,,,,-614,REMOVE_BANKRUPTCY_STATUS,FULLY_ELIGIBLE_FOR_CONTACT,NONE,BECOMING_FULLY_CONTACTABLE,VW_LOAN
c9846dc2-c6b7-4d0f-ae42-525731154f3f,101264,P525731154F3F,2016-02-08,35000.0000,,2016-12-06,2016-12-01,,Remove Bankruptcy,,CUSTOM_SETTINGS,16-91188,,,,-297,REMOVE_BANKRUPTCY_STATUS,FULLY_ELIGIBLE_FOR_CONTACT,NONE,BECOMING_FULLY_CONTACTABLE,VW_LOAN
116677ea-a784-481b-b5d7-39feda651af6,101267,P39FEDA651AF6,2016-03-23,11500.0000,,2017-09-20,2017-10-17,,Remove Bankruptcy,,CUSTOM_SETTINGS,2:17-bk-20997,,,,-573,REMOVE_BANKRUPTCY_STATUS,FULLY_ELIGIBLE_FOR_CONTACT,NONE,BECOMING_FULLY_CONTACTABLE,VW_LOAN
3f2d35e8-0c69-41d0-9864-387f11400bbe,101272,P387F11400BBE,2016-04-01,10500.0000,,2017-04-14,2017-04-26,,Remove Bankruptcy,,CUSTOM_SETTINGS,8:17-bk-11657-CB,,,,-390,REMOVE_BANKRUPTCY_STATUS,FULLY_ELIGIBLE_FOR_CONTACT,NONE,BECOMING_FULLY_CONTACTABLE,VW_LOAN
139fd6b0-fc07-49cd-a2e9-f698f7c496a9,101310,PF698F7C496A9,2017-04-06,25000.0000,,2018-01-16,2018-02-24,,Remove Bankruptcy,,CUSTOM_SETTINGS,1812131LMI,,,,-324,REMOVE_BANKRUPTCY_STATUS,FULLY_ELIGIBLE_FOR_CONTACT,NONE,BECOMING_FULLY_CONTACTABLE,VW_LOAN
9e37d0cd-99b5-45de-ae61-636d3a182455,101334,P636D3A182455,2015-12-01,19500.0000,,2017-07-03,2017-03-21,,Remove Bankruptcy,,CUSTOM_SETTINGS,17-11245-MLB,,,,-476,REMOVE_BANKRUPTCY_STATUS,FULLY_ELIGIBLE_FOR_CONTACT,NONE,BECOMING_FULLY_CONTACTABLE,VW_LOAN
59c070ec-c4a6-4fb0-8b57-480b9dce56d7,101335,P480B9DCE56D7,2016-03-21,18000.0000,,2016-12-19,2017-02-23,,Remove Bankruptcy,,CUSTOM_SETTINGS,2:17-bk-12162-BR,,,,-339,REMOVE_BANKRUPTCY_STATUS,FULLY_ELIGIBLE_FOR_CONTACT,NONE,BECOMING_FULLY_CONTACTABLE,VW_LOAN
b3c3ef39-4066-4854-9246-7faf1e7816d7,101339,P7FAF1E7816D7,2016-03-28,10000.0000,,2024-12-28,2017-10-26,,Remove Bankruptcy,,CUSTOM_SETTINGS,17-21401-tnw,,,,-577,REMOVE_BANKRUPTCY_STATUS,FULLY_ELIGIBLE_FOR_CONTACT,NONE,BECOMING_FULLY_CONTACTABLE,VW_LOAN
ff4ecc26-1c47-4ed7-80b4-40a19f28b39a,101372,P40A19F28B39A,2016-02-12,12000.0000,,2017-08-10,2017-11-15,,Remove Bankruptcy,,CUSTOM_SETTINGS,9:17-bk-09666-FMD,,,,-642,REMOVE_BANKRUPTCY_STATUS,FULLY_ELIGIBLE_FOR_CONTACT,NONE,BECOMING_FULLY_CONTACTABLE,VW_LOAN
428efa65-dc5e-4575-9301-757bbdc30433,101385,P757BBDC30433,2015-12-21,17000.0000,,2017-03-21,2017-05-12,,Remove Bankruptcy,,CUSTOM_SETTINGS,1710856,,,,-508,REMOVE_BANKRUPTCY_STATUS,FULLY_ELIGIBLE_FOR_CONTACT,NONE,BECOMING_FULLY_CONTACTABLE,VW_LOAN
cfeebfdf-d6a2-47da-af42-8a435d802c9f,101388,P8A435D802C9F,2016-02-01,18000.0000,,2018-02-05,2018-02-20,,Remove Bankruptcy,,CUSTOM_SETTINGS,18-50246-grs,,,,-750,REMOVE_BANKRUPTCY_STATUS,FULLY_ELIGIBLE_FOR_CONTACT,NONE,BECOMING_FULLY_CONTACTABLE,VW_LOAN
13c62b21-addf-45c1-b26b-d8a97f829650,101409,PD8A97F829650,2015-12-03,13500.0000,,2017-08-31,2017-06-04,,Remove Bankruptcy,,CUSTOM_SETTINGS,6:17-bk-14688-MH,,,,-549,REMOVE_BANKRUPTCY_STATUS,FULLY_ELIGIBLE_FOR_CONTACT,NONE,BECOMING_FULLY_CONTACTABLE,VW_LOAN
26a2b099-aeea-4111-89c3-9d341184ed93,101414,P9D341184ED93,2016-05-26,13500.0000,,2024-12-26,2017-07-15,,Remove Bankruptcy,,CUSTOM_SETTINGS,17-40691,,,,-415,REMOVE_BANKRUPTCY_STATUS,FULLY_ELIGIBLE_FOR_CONTACT,NONE,BECOMING_FULLY_CONTACTABLE,VW_LOAN
0b90e2b6-1abb-42f0-bb60-84548c110f3e,101416,P84548C110F3E,2015-12-15,23800.0000,,2018-02-26,2017-12-31,,Remove Bankruptcy,,CUSTOM_SETTINGS,17-14401-KHK,,,,-747,REMOVE_BANKRUPTCY_STATUS,FULLY_ELIGIBLE_FOR_CONTACT,NONE,BECOMING_FULLY_CONTACTABLE,VW_LOAN
1ad2c25e-ce1d-487a-a2a8-07d1a66a5dc2,101432,P07D1A66A5DC2,2015-12-01,14000.0000,,2017-01-30,2017-01-04,,Remove Bankruptcy,,CUSTOM_SETTINGS,2:17-bk-10090,,,,-400,REMOVE_BANKRUPTCY_STATUS,FULLY_ELIGIBLE_FOR_CONTACT,NONE,BECOMING_FULLY_CONTACTABLE,VW_LOAN
9f0fef1f-6666-4e73-b0ea-375bdaddb315,101438,P375BDADDB315,2015-12-07,9900.0000,,2017-05-08,2017-06-07,,Remove Bankruptcy,,CUSTOM_SETTINGS,17-30345,,,,-548,REMOVE_BANKRUPTCY_STATUS,FULLY_ELIGIBLE_FOR_CONTACT,NONE,BECOMING_FULLY_CONTACTABLE,VW_LOAN
33e6ce53-f1fe-4afa-86fa-3a29c677ed1e,101488,P3A29C677ED1E,2016-02-04,15000.0000,,2017-08-02,2017-09-28,,Remove Bankruptcy,,CUSTOM_SETTINGS,7-13287-KHK,,,,-602,REMOVE_BANKRUPTCY_STATUS,FULLY_ELIGIBLE_FOR_CONTACT,NONE,BECOMING_FULLY_CONTACTABLE,VW_LOAN
8f751a37-9ca1-4c41-aeaf-4ecbe977d3fe,101492,P4ECBE977D3FE,2016-08-09,6000.0000,,2017-06-09,2017-05-20,,Remove Bankruptcy,,CUSTOM_SETTINGS,17-11743-KHK,,,,-284,REMOVE_BANKRUPTCY_STATUS,FULLY_ELIGIBLE_FOR_CONTACT,NONE,BECOMING_FULLY_CONTACTABLE,VW_LOAN
31d36795-2788-405e-9ecd-95e20fb7e098,101494,P95E20FB7E098,2016-02-09,26100.0000,,2024-12-26,2017-09-25,,Remove Bankruptcy,,CUSTOM_SETTINGS,3:17-bk-32947,,,,-594,REMOVE_BANKRUPTCY_STATUS,FULLY_ELIGIBLE_FOR_CONTACT,NONE,BECOMING_FULLY_CONTACTABLE,VW_LOAN
913501d2-ef20-4037-9f55-0302a944c600,101508,P0302A944C600,2016-10-24,14500.0000,,2024-12-26,2018-05-31,,Remove Bankruptcy,,CUSTOM_SETTINGS,18-02492-swd,,,,-584,REMOVE_BANKRUPTCY_STATUS,FULLY_ELIGIBLE_FOR_CONTACT,NONE,BECOMING_FULLY_CONTACTABLE,VW_LOAN
58facffa-9f16-4730-901f-118e57f801a4,101509,P118E57F801A4,2015-12-21,16500.0000,,2025-01-21,2017-10-16,,Remove Bankruptcy,,CUSTOM_SETTINGS,17-21961-jrs,,,,-665,REMOVE_BANKRUPTCY_STATUS,FULLY_ELIGIBLE_FOR_CONTACT,NONE,BECOMING_FULLY_CONTACTABLE,VW_LOAN
bb38da31-f302-4d93-8c5c-6dd29fc8b5bb,101533,P6DD29FC8B5BB,2017-03-14,12500.0000,,2018-06-29,2018-01-31,,Remove Bankruptcy,,CUSTOM_SETTINGS,4:18-bk-10529,,,,-323,REMOVE_BANKRUPTCY_STATUS,FULLY_ELIGIBLE_FOR_CONTACT,NONE,BECOMING_FULLY_CONTACTABLE,VW_LOAN
88aa4b3b-0597-434e-b149-d10cf402608d,101557,PD10CF402608D,2015-10-01,16500.0000,,2017-06-29,2017-02-16,,Remove Bankruptcy,,CUSTOM_SETTINGS,8:17-bk-01205,,,,-504,REMOVE_BANKRUPTCY_STATUS,FULLY_ELIGIBLE_FOR_CONTACT,NONE,BECOMING_FULLY_CONTACTABLE,VW_LOAN
0ba3e252-e43c-4e23-b080-a51b18eb7037,101578,PA51B18EB7037,2015-12-21,22800.0000,,2018-03-21,2017-11-22,,Remove Bankruptcy,,CUSTOM_SETTINGS,17-56238-mar,,,,-702,REMOVE_BANKRUPTCY_STATUS,FULLY_ELIGIBLE_FOR_CONTACT,NONE,BECOMING_FULLY_CONTACTABLE,VW_LOAN
2e645c3a-def9-44f3-bd5a-bb9cfc49b348,101611,PBB9CFC49B348,2015-09-22,12500.0000,,2016-05-23,2016-09-22,,Remove Bankruptcy,,CUSTOM_SETTINGS,3:16-bk-31030,,,,-366,REMOVE_BANKRUPTCY_STATUS,FULLY_ELIGIBLE_FOR_CONTACT,NONE,BECOMING_FULLY_CONTACTABLE,VW_LOAN
cd89586f-668f-4d93-b00c-576ed9ac7e9c,101614,P576ED9AC7E9C,2015-11-05,23800.0000,,2017-08-28,2017-06-05,,Remove Bankruptcy,,CUSTOM_SETTINGS,17-11551-mkv,,,,-578,REMOVE_BANKRUPTCY_STATUS,FULLY_ELIGIBLE_FOR_CONTACT,NONE,BECOMING_FULLY_CONTACTABLE,VW_LOAN
c8e50007-d2ea-44a7-93fc-1ebbc06b4e02,101617,P1EBBC06B4E02,2015-12-14,11000.0000,,2018-03-26,2017-12-15,,Remove Bankruptcy,,CUSTOM_SETTINGS,17-06095-5-DMV,,,,-732,REMOVE_BANKRUPTCY_STATUS,FULLY_ELIGIBLE_FOR_CONTACT,NONE,BECOMING_FULLY_CONTACTABLE,VW_LOAN
1e24c8ff-1ae3-4250-9401-073197c2157f,101624,P073197C2157F,2015-10-06,9900.0000,,2017-08-04,2017-06-16,,Remove Bankruptcy,,CUSTOM_SETTINGS,4:17-bk-41628,,,,-619,REMOVE_BANKRUPTCY_STATUS,FULLY_ELIGIBLE_FOR_CONTACT,NONE,BECOMING_FULLY_CONTACTABLE,VW_LOAN
c2364465-69ee-4e6c-82bf-0e31523ca5a6,101626,P0E31523CA5A6,2016-04-04,25000.0000,2025-03-19,2018-02-01,2017-11-30,,Remove Bankruptcy,,CUSTOM_SETTINGS,17-11345,,,,-605,REMOVE_BANKRUPTCY_STATUS,FULLY_ELIGIBLE_FOR_CONTACT,NONE,BECOMING_FULLY_CONTACTABLE,VW_LOAN
e32f549d-9fbf-44e1-bb0b-8c70ab7d05d5,101631,P8C70AB7D05D5,2018-06-05,21500.0000,,2019-09-03,2019-05-21,,Remove Bankruptcy,,CUSTOM_SETTINGS,19-31265-dof,,,,-350,REMOVE_BANKRUPTCY_STATUS,FULLY_ELIGIBLE_FOR_CONTACT,NONE,BECOMING_FULLY_CONTACTABLE,VW_LOAN
fac20cee-252f-4698-afd4-620812fbcee8,101668,P620812FBCEE8,2016-02-11,12700.0000,,2017-08-09,2017-05-09,,Remove Bankruptcy,,CUSTOM_SETTINGS,17-00463,,,,-453,REMOVE_BANKRUPTCY_STATUS,FULLY_ELIGIBLE_FOR_CONTACT,NONE,BECOMING_FULLY_CONTACTABLE,VW_LOAN
a5ceac1d-e7d3-446f-a891-177321b974f8,101672,P177321B974F8,2015-11-02,8400.0000,,2016-05-03,2016-07-28,,Remove Bankruptcy,,CUSTOM_SETTINGS,2:16-bk-54933,,,,-269,REMOVE_BANKRUPTCY_STATUS,FULLY_ELIGIBLE_FOR_CONTACT,NONE,BECOMING_FULLY_CONTACTABLE,VW_LOAN
c32de519-415a-4f35-937e-b41cbf25f4d1,101681,PB41CBF25F4D1,2015-12-22,20900.0000,,2025-01-22,2016-09-19,,Remove Bankruptcy,,CUSTOM_SETTINGS,2:16-bk-29271,,,,-272,REMOVE_BANKRUPTCY_STATUS,FULLY_ELIGIBLE_FOR_CONTACT,NONE,BECOMING_FULLY_CONTACTABLE,VW_LOAN
308af9b6-d2dd-41ec-9b8f-4bdc29aee14d,101698,P4BDC29AEE14D,2017-04-25,5000.0000,,2017-10-23,2017-05-25,,Remove Bankruptcy,,CUSTOM_SETTINGS,17-41100,,,,-30,REMOVE_BANKRUPTCY_STATUS,FULLY_ELIGIBLE_FOR_CONTACT,NONE,BECOMING_FULLY_CONTACTABLE,VW_LOAN
31d5a7c2-569a-4a42-877c-77ef2d948447,101710,P77EF2D948447,2015-11-01,20000.0000,,2016-09-29,2016-09-21,,Remove Bankruptcy,,CUSTOM_SETTINGS,1643922,,,,-325,REMOVE_BANKRUPTCY_STATUS,FULLY_ELIGIBLE_FOR_CONTACT,NONE,BECOMING_FULLY_CONTACTABLE,VW_LOAN
0e28d2ef-cc31-4209-b49d-7acd328653ef,101711,P7ACD328653EF,2016-07-14,25000.0000,,2017-05-15,2017-01-30,,Remove Bankruptcy,,CUSTOM_SETTINGS,8:17-bk-10324,,,,-200,REMOVE_BANKRUPTCY_STATUS,FULLY_ELIGIBLE_FOR_CONTACT,NONE,BECOMING_FULLY_CONTACTABLE,VW_LOAN
6fabbc59-997a-4467-9bec-1afac00a05ff,101717,P1AFAC00A05FF,2015-11-13,23000.0000,,2017-11-13,2017-07-27,,Remove Bankruptcy,,CUSTOM_SETTINGS,4:17-bk-45124,,,,-622,REMOVE_BANKRUPTCY_STATUS,FULLY_ELIGIBLE_FOR_CONTACT,NONE,BECOMING_FULLY_CONTACTABLE,VW_LOAN
9a97c06e-0386-40c2-8baf-439d7632afd0,101718,P439D7632AFD0,2016-02-26,10000.0000,,2025-01-26,2017-11-14,,Remove Bankruptcy,,CUSTOM_SETTINGS,8:17-bk-09645-CPM,,,,-627,REMOVE_BANKRUPTCY_STATUS,FULLY_ELIGIBLE_FOR_CONTACT,NONE,BECOMING_FULLY_CONTACTABLE,VW_LOAN
fada8028-1262-4fe4-bf75-61c470d80633,101746,P61C470D80633,2015-12-07,18000.0000,,2018-03-15,2017-12-30,,Remove Bankruptcy,,CUSTOM_SETTINGS,8:17-bk-10739-MGW,,,,-754,REMOVE_BANKRUPTCY_STATUS,FULLY_ELIGIBLE_FOR_CONTACT,NONE,BECOMING_FULLY_CONTACTABLE,VW_LOAN
33f18597-eb72-4070-93d7-752aec0b6834,101755,P752AEC0B6834,2015-12-15,15000.0000,,2016-08-15,2016-07-01,,Remove Bankruptcy,,CUSTOM_SETTINGS,1618838,,,,-199,REMOVE_BANKRUPTCY_STATUS,FULLY_ELIGIBLE_FOR_CONTACT,NONE,BECOMING_FULLY_CONTACTABLE,VW_LOAN
471537f4-0dd2-4d7f-a7dd-8a5a18cd1112,101777,P8A5A18CD1112,2016-03-28,10000.0000,,2017-02-27,2016-12-30,,Remove Bankruptcy,,CUSTOM_SETTINGS,16-14374-BFK,,,,-277,REMOVE_BANKRUPTCY_STATUS,FULLY_ELIGIBLE_FOR_CONTACT,NONE,BECOMING_FULLY_CONTACTABLE,VW_LOAN
1ce27da3-8192-40ff-b65b-7b303fae9722,101780,P7B303FAE9722,2016-01-08,21000.0000,,2017-09-05,2017-09-08,,Remove Bankruptcy,,CUSTOM_SETTINGS,1740853,,,,-609,REMOVE_BANKRUPTCY_STATUS,FULLY_ELIGIBLE_FOR_CONTACT,NONE,BECOMING_FULLY_CONTACTABLE,VW_LOAN
97ec38d7-de92-47c3-8976-8f8427206e22,101795,P8F8427206E22,2015-12-16,5700.0000,,2017-09-25,2017-06-19,,Remove Bankruptcy,,CUSTOM_SETTINGS,1704062,,,,-551,REMOVE_BANKRUPTCY_STATUS,FULLY_ELIGIBLE_FOR_CONTACT,NONE,BECOMING_FULLY_CONTACTABLE,VW_LOAN
3c2efda8-0efc-48df-9ee2-bea988695973,101804,PBEA988695973,2015-11-20,13500.0000,,2017-05-22,2017-05-17,,Remove Bankruptcy,,CUSTOM_SETTINGS,17-32565-KRH,,,,-544,REMOVE_BANKRUPTCY_STATUS,FULLY_ELIGIBLE_FOR_CONTACT,NONE,BECOMING_FULLY_CONTACTABLE,VW_LOAN
7ae9e6ba-56f3-41fa-a28a-df12dc70c1cf,101819,PDF12DC70C1CF,2015-10-15,13800.0000,,2017-08-04,2017-04-22,,Remove Bankruptcy,,CUSTOM_SETTINGS,3:17-bk-02803,,,,-555,REMOVE_BANKRUPTCY_STATUS,FULLY_ELIGIBLE_FOR_CONTACT,NONE,BECOMING_FULLY_CONTACTABLE,VW_LOAN
b8b8fcb7-212c-47cd-90ef-0cbec5fbd44a,101853,P0CBEC5FBD44A,2018-12-12,25000.0000,,2020-03-27,2020-02-21,,Remove Bankruptcy,,CUSTOM_SETTINGS,2040405 CN 7,,,,-436,REMOVE_BANKRUPTCY_STATUS,FULLY_ELIGIBLE_FOR_CONTACT,NONE,BECOMING_FULLY_CONTACTABLE,VW_LOAN
4542f3c6-cb2b-46c0-88be-2518527e31ed,101868,P2518527E31ED,2015-09-15,12000.0000,,2016-09-12,2016-11-08,,Remove Bankruptcy,,CUSTOM_SETTINGS,1614606,,,,-420,REMOVE_BANKRUPTCY_STATUS,FULLY_ELIGIBLE_FOR_CONTACT,NONE,BECOMING_FULLY_CONTACTABLE,VW_LOAN
ae51c255-9cab-49f4-af29-fcfc1c39ddb2,101873,PFCFC1C39DDB2,2015-09-18,17900.0000,,2016-12-16,2016-08-02,,Remove Bankruptcy,,CUSTOM_SETTINGS,2:16-bk-27780,,,,-319,REMOVE_BANKRUPTCY_STATUS,FULLY_ELIGIBLE_FOR_CONTACT,NONE,BECOMING_FULLY_CONTACTABLE,VW_LOAN
7265c78e-58f5-4736-8f5e-96f5b9a7c925,101894,P96F5B9A7C925,2016-06-27,15000.0000,,2017-09-25,2018-01-19,,Remove Bankruptcy,,CUSTOM_SETTINGS,1810176,,,,-571,REMOVE_BANKRUPTCY_STATUS,FULLY_ELIGIBLE_FOR_CONTACT,NONE,BECOMING_FULLY_CONTACTABLE,VW_LOAN
b1b2b6a7-f70f-42b7-b659-5d503e821451,101911,P5D503E821451,2016-05-16,25000.0000,,2016-12-14,2017-04-19,,Remove Bankruptcy,,CUSTOM_SETTINGS,8:17-bk-11538-MW,,,,-338,REMOVE_BANKRUPTCY_STATUS,FULLY_ELIGIBLE_FOR_CONTACT,NONE,BECOMING_FULLY_CONTACTABLE,VW_LOAN
6e1b0ba5-cf1d-46da-9c73-e196244fd5e5,101932,PE196244FD5E5,2015-12-28,14300.0000,,2016-08-26,2016-05-12,,Remove Bankruptcy,,CUSTOM_SETTINGS,2:16-bk-20411,,,,-136,REMOVE_BANKRUPTCY_STATUS,FULLY_ELIGIBLE_FOR_CONTACT,NONE,BECOMING_FULLY_CONTACTABLE,VW_LOAN
15dccbf4-6e43-48fe-82f6-e8217ed0ace4,101955,PE8217ED0ACE4,2017-03-02,12000.0000,,2018-05-07,2018-01-05,,Remove Bankruptcy,,CUSTOM_SETTINGS,18-10202,,,,-309,REMOVE_BANKRUPTCY_STATUS,FULLY_ELIGIBLE_FOR_CONTACT,NONE,BECOMING_FULLY_CONTACTABLE,VW_LOAN
1a12400a-1477-46d3-b95b-70d4248ee5ae,101961,P70D4248EE5AE,2015-12-22,22800.0000,,2016-07-20,2017-01-12,,Remove Bankruptcy,,CUSTOM_SETTINGS,17-60065-tmr13,,,,-387,REMOVE_BANKRUPTCY_STATUS,FULLY_ELIGIBLE_FOR_CONTACT,NONE,BECOMING_FULLY_CONTACTABLE,VW_LOAN
4d7e0e52-8961-451a-839a-a0680d77de22,101996,PA0680D77DE22,2015-11-01,25000.0000,,2017-06-01,2017-02-28,,Remove Bankruptcy,,CUSTOM_SETTINGS,17-00728-NPO,,,,-485,REMOVE_BANKRUPTCY_STATUS,FULLY_ELIGIBLE_FOR_CONTACT,NONE,BECOMING_FULLY_CONTACTABLE,VW_LOAN
a7054c84-71b6-45b0-a1ad-cb063cd708fb,102005,PCB063CD708FB,2019-02-13,11500.0000,,2020-10-14,2021-01-07,,Remove Bankruptcy,,CUSTOM_SETTINGS,2:21bk00097EPB,,,,-694,REMOVE_BANKRUPTCY_STATUS,FULLY_ELIGIBLE_FOR_CONTACT,NONE,BECOMING_FULLY_CONTACTABLE,VW_LOAN
9b32e6f8-adbf-42eb-9e0f-b53ff3eaf057,102025,PB53FF3EAF057,2015-09-17,20000.0000,,2016-03-16,2015-11-23,,Remove Bankruptcy,,CUSTOM_SETTINGS,2:15-bk-27899,,,,-67,REMOVE_BANKRUPTCY_STATUS,FULLY_ELIGIBLE_FOR_CONTACT,NONE,BECOMING_FULLY_CONTACTABLE,VW_LOAN
d48ab1ba-0b7a-4718-82f5-051cda1f6784,102028,P051CDA1F6784,2016-03-15,10000.0000,,2025-07-13,2024-07-18,,Remove Bankruptcy,,CUSTOM_SETTINGS,2402658CL7,,,,-3047,REMOVE_BANKRUPTCY_STATUS,FULLY_ELIGIBLE_FOR_CONTACT,NONE,BECOMING_FULLY_CONTACTABLE,VW_LOAN
edf226f8-0699-4990-b839-4978bd3b9780,102074,P4978BD3B9780,2015-12-24,23800.0000,,2024-12-26,2016-12-23,,Remove Bankruptcy,,CUSTOM_SETTINGS,16-33811-thf,,,,-365,REMOVE_BANKRUPTCY_STATUS,FULLY_ELIGIBLE_FOR_CONTACT,NONE,BECOMING_FULLY_CONTACTABLE,VW_LOAN
e6eb4a9c-cc7e-483e-b52e-66c193e243ae,102086,P66C193E243AE,2017-04-18,26500.0000,,2018-01-16,2017-09-29,,Remove Bankruptcy,,CUSTOM_SETTINGS,17-16659-ref,,,,-164,REMOVE_BANKRUPTCY_STATUS,FULLY_ELIGIBLE_FOR_CONTACT,NONE,BECOMING_FULLY_CONTACTABLE,VW_LOAN
3f46241c-bd1e-4de0-b579-b2eab1f89450,102098,PB2EAB1F89450,2015-12-15,22000.0000,,2025-01-15,2016-07-05,,Remove Bankruptcy,,CUSTOM_SETTINGS,16-30644-KKS,,,,-203,REMOVE_BANKRUPTCY_STATUS,FULLY_ELIGIBLE_FOR_CONTACT,NONE,BECOMING_FULLY_CONTACTABLE,VW_LOAN
b385bc3f-0fe2-4733-9704-99b6c775bdd1,102109,P99B6C775BDD1,2017-05-18,35000.0000,,2018-05-18,2018-01-29,,Remove Bankruptcy,,CUSTOM_SETTINGS,8:18-bk-10309-TA,,,,-256,REMOVE_BANKRUPTCY_STATUS,FULLY_ELIGIBLE_FOR_CONTACT,NONE,BECOMING_FULLY_CONTACTABLE,VW_LOAN
8738eb7f-a26c-4079-902b-42ca6b416b03,102115,P42CA6B416B03,2016-02-05,13500.0000,,2024-12-26,2017-11-16,,Remove Bankruptcy,,CUSTOM_SETTINGS,1761499,,,,-650,REMOVE_BANKRUPTCY_STATUS,FULLY_ELIGIBLE_FOR_CONTACT,NONE,BECOMING_FULLY_CONTACTABLE,VW_LOAN
5d767bf2-ffb4-4425-ab46-4e344f311fe0,102117,P4E344F311FE0,2015-10-01,23800.0000,,2018-04-02,2017-11-28,,Remove Bankruptcy,,CUSTOM_SETTINGS,9:17-bk-12140-PC,,,,-789,REMOVE_BANKRUPTCY_STATUS,FULLY_ELIGIBLE_FOR_CONTACT,NONE,BECOMING_FULLY_CONTACTABLE,VW_LOAN
35874d64-44d5-4094-85af-c6cf0980c7e8,102166,PC6CF0980C7E8,2015-12-16,15000.0000,,2018-03-01,2017-11-06,,Remove Bankruptcy,,CUSTOM_SETTINGS,1735540KLP,,,,-691,REMOVE_BANKRUPTCY_STATUS,FULLY_ELIGIBLE_FOR_CONTACT,NONE,BECOMING_FULLY_CONTACTABLE,VW_LOAN
696e4ef8-62a1-4795-a780-3ab17a3c4709,102180,P3AB17A3C4709,2017-03-23,25000.0000,,2017-12-26,2017-08-30,,Remove Bankruptcy,,CUSTOM_SETTINGS,17-27637-JNP,,,,-160,REMOVE_BANKRUPTCY_STATUS,FULLY_ELIGIBLE_FOR_CONTACT,NONE,BECOMING_FULLY_CONTACTABLE,VW_LOAN
6500c7ba-eb89-4f8c-b2ae-8ae7befa1120,102193,P8AE7BEFA1120,2015-12-22,11000.0000,,2024-12-26,2016-09-08,,Remove Bankruptcy,,CUSTOM_SETTINGS,2:16-bk-21818,,,,-261,REMOVE_BANKRUPTCY_STATUS,FULLY_ELIGIBLE_FOR_CONTACT,NONE,BECOMING_FULLY_CONTACTABLE,VW_LOAN
dd1c7fad-2d2d-4732-9c95-4ae998749d90,102194,P4AE998749D90,2015-12-28,12000.0000,,2016-12-27,2017-04-21,,Remove Bankruptcy,,CUSTOM_SETTINGS,17-11534,,,,-480,REMOVE_BANKRUPTCY_STATUS,FULLY_ELIGIBLE_FOR_CONTACT,NONE,BECOMING_FULLY_CONTACTABLE,VW_LOAN
eac24240-e03c-4f60-96b3-d71847a5a5ff,102225,PD71847A5A5FF,2016-02-04,15000.0000,,2024-12-26,2017-03-22,,Remove Bankruptcy,,CUSTOM_SETTINGS,5:17-bk-01384,,,,-412,REMOVE_BANKRUPTCY_STATUS,FULLY_ELIGIBLE_FOR_CONTACT,NONE,BECOMING_FULLY_CONTACTABLE,VW_LOAN
797f3261-67e8-4a6c-a8ca-f7e70e23e570,102249,PF7E70E23E570,2016-03-24,23800.0000,,2017-04-24,2017-03-29,,Remove Bankruptcy,,CUSTOM_SETTINGS,17-14358,,,,-370,REMOVE_BANKRUPTCY_STATUS,FULLY_ELIGIBLE_FOR_CONTACT,NONE,BECOMING_FULLY_CONTACTABLE,VW_LOAN
7729fc81-0ec0-4a65-afed-dc8e0f95a7d6,102254,PDC8E0F95A7D6,2016-03-15,12000.0000,,2017-11-13,2017-08-16,,Remove Bankruptcy,,CUSTOM_SETTINGS,17-33081-tmb7,,,,-519,REMOVE_BANKRUPTCY_STATUS,FULLY_ELIGIBLE_FOR_CONTACT,NONE,BECOMING_FULLY_CONTACTABLE,VW_LOAN
a6a45da0-a107-4d2e-850f-322904a52889,102276,P322904A52889,2015-10-06,14300.0000,,2017-09-05,2017-04-26,,Remove Bankruptcy,,CUSTOM_SETTINGS,17-11407-KHK,,,,-568,REMOVE_BANKRUPTCY_STATUS,FULLY_ELIGIBLE_FOR_CONTACT,NONE,BECOMING_FULLY_CONTACTABLE,VW_LOAN
13e1e3a5-9e29-4be6-8bcd-8c172c925f2f,102334,P8C172C925F2F,2017-03-24,16000.0000,,2017-12-26,2017-10-31,,Remove Bankruptcy,,CUSTOM_SETTINGS,17-27228,,,,-221,REMOVE_BANKRUPTCY_STATUS,FULLY_ELIGIBLE_FOR_CONTACT,NONE,BECOMING_FULLY_CONTACTABLE,VW_LOAN
58a7b58c-0a99-40f4-b6ca-e2a1f9e32cc3,102365,PE2A1F9E32CC3,2016-01-11,16800.0000,,2018-02-08,2017-10-27,,Remove Bankruptcy,,CUSTOM_SETTINGS,17-22061-jrs,,,,-655,REMOVE_BANKRUPTCY_STATUS,FULLY_ELIGIBLE_FOR_CONTACT,NONE,BECOMING_FULLY_CONTACTABLE,VW_LOAN
391b534d-4e87-4b14-abf9-0fb7685d551b,102406,P0FB7685D551B,2015-11-12,15000.0000,,2017-12-11,2017-09-30,,Remove Bankruptcy,,CUSTOM_SETTINGS,9:16-bk-90799,,,,-688,REMOVE_BANKRUPTCY_STATUS,FULLY_ELIGIBLE_FOR_CONTACT,NONE,BECOMING_FULLY_CONTACTABLE,VW_LOAN
7b1d1787-2c01-4896-91ac-202487447218,102420,P202487447218,2015-10-15,17900.0000,,2018-09-12,2018-06-23,,Remove Bankruptcy,,CUSTOM_SETTINGS,18-41705-can7,,,,-982,REMOVE_BANKRUPTCY_STATUS,FULLY_ELIGIBLE_FOR_CONTACT,NONE,BECOMING_FULLY_CONTACTABLE,VW_LOAN
e81d08f8-498f-4bab-b3cc-1caca4ea27ba,102494,1CACA4EA27BA,2015-09-15,22800.0000,,2017-01-13,2017-01-24,,Remove Bankruptcy,,CUSTOM_SETTINGS,1:17-bk-10122,,,,-497,REMOVE_BANKRUPTCY_STATUS,FULLY_ELIGIBLE_FOR_CONTACT,NONE,BECOMING_FULLY_CONTACTABLE,VW_LOAN
2bc74bc3-ab02-4847-aaef-345bddd06e62,102501,345BDDD06E62,2015-09-11,20700.0000,,2025-09-08,2018-12-13,,Remove Bankruptcy,,CUSTOM_SETTINGS,8:18-bk-14545-TA,,,,-1189,REMOVE_BANKRUPTCY_STATUS,FULLY_ELIGIBLE_FOR_CONTACT,NONE,BECOMING_FULLY_CONTACTABLE,VW_LOAN
bfbdec63-df7a-4281-a78c-e314bb10d7cf,102516,E314BB10D7CF,2015-09-17,18000.0000,,2017-05-22,2017-07-21,,Remove Bankruptcy,,CUSTOM_SETTINGS,17-19938,,,,-673,REMOVE_BANKRUPTCY_STATUS,FULLY_ELIGIBLE_FOR_CONTACT,NONE,BECOMING_FULLY_CONTACTABLE,VW_LOAN
A926731D-0BF4-41CA-9D57-7286234FB45A,125160,7286234FB45A,2015-08-06,15000.0000,,2025-08-03,2017-08-23,,Remove Bankruptcy,,CUSTOM_SETTINGS,17-25578,,,,-748,REMOVE_BANKRUPTCY_STATUS,FULLY_ELIGIBLE_FOR_CONTACT,NONE,BECOMING_FULLY_CONTACTABLE,VW_LOAN
E180074B-011A-40DC-895D-0BED35AC6B40,125185,0BED35AC6B40,2015-09-01,23800.0000,,2016-08-29,2018-01-11,,Remove Bankruptcy,,CUSTOM_SETTINGS,18-10371-AJC,,,,-863,REMOVE_BANKRUPTCY_STATUS,FULLY_ELIGIBLE_FOR_CONTACT,NONE,BECOMING_FULLY_CONTACTABLE,VW_LOAN
01E462AE-96AA-4304-8625-0D6AA141BD60,125186,0D6AA141BD60,2015-09-02,10500.0000,,2017-04-03,2016-12-14,,Remove Bankruptcy,,CUSTOM_SETTINGS,3:16-bk-33684,,,,-469,REMOVE_BANKRUPTCY_STATUS,FULLY_ELIGIBLE_FOR_CONTACT,NONE,BECOMING_FULLY_CONTACTABLE,VW_LOAN
B6B74109-6121-4948-AADB-FB1AA07B301D,125188,FB1AA07B301D,2015-06-24,8900.0000,,2017-12-21,2017-11-01,,Remove Bankruptcy,,CUSTOM_SETTINGS,17-52178,,,,-861,REMOVE_BANKRUPTCY_STATUS,FULLY_ELIGIBLE_FOR_CONTACT,NONE,BECOMING_FULLY_CONTACTABLE,VW_LOAN
0A3E1235-5268-4828-8A3E-E8A3A47809AB,125193,E8A3A47809AB,2015-04-21,17000.0000,,2016-08-08,2016-11-21,,Remove Bankruptcy,,CUSTOM_SETTINGS,9:16-bk-12164-PC,,,,-580,REMOVE_BANKRUPTCY_STATUS,FULLY_ELIGIBLE_FOR_CONTACT,NONE,BECOMING_FULLY_CONTACTABLE,VW_LOAN
3427004B-1927-46CA-9F1A-388A15026D0A,125198,388A15026D0A,2015-08-24,15500.0000,,2016-08-22,2016-07-28,,Remove Bankruptcy,,CUSTOM_SETTINGS,1:16-bk-00980,,,,-339,REMOVE_BANKRUPTCY_STATUS,FULLY_ELIGIBLE_FOR_CONTACT,NONE,BECOMING_FULLY_CONTACTABLE,VW_LOAN
02F1CF41-0361-45F1-83EC-DA97FDB0E2E2,125200,DA97FDB0E2E2,2015-08-07,11000.0000,,2017-06-07,2017-01-06,,Remove Bankruptcy,,CUSTOM_SETTINGS,17-10019 sec,,,,-518,REMOVE_BANKRUPTCY_STATUS,FULLY_ELIGIBLE_FOR_CONTACT,NONE,BECOMING_FULLY_CONTACTABLE,VW_LOAN
8C5DAAE1-E65A-4ECA-B0CF-433D988C00D8,125217,433D988C00D8,2015-05-01,15000.0000,,2016-03-30,2017-02-08,,Remove Bankruptcy,,CUSTOM_SETTINGS,17-60108-abf7,,,,-649,REMOVE_BANKRUPTCY_STATUS,FULLY_ELIGIBLE_FOR_CONTACT,NONE,BECOMING_FULLY_CONTACTABLE,VW_LOAN
55DF7178-891C-4348-887D-46391C2CD974,125221,46391C2CD974,2015-03-18,7700.0000,,2017-01-17,2017-02-21,,Remove Bankruptcy,,CUSTOM_SETTINGS,17-00169,,,,-706,REMOVE_BANKRUPTCY_STATUS,FULLY_ELIGIBLE_FOR_CONTACT,NONE,BECOMING_FULLY_CONTACTABLE,VW_LOAN
41CD21C8-D521-4CFD-8942-5F72F07392B7,125240,5F72F07392B7,2015-08-10,11000.0000,,2017-02-07,2016-10-10,,Remove Bankruptcy,,CUSTOM_SETTINGS,7:16-bk-05130,,,,-427,REMOVE_BANKRUPTCY_STATUS,FULLY_ELIGIBLE_FOR_CONTACT,NONE,BECOMING_FULLY_CONTACTABLE,VW_LOAN
FF80519F-89E1-4552-8726-EF6FF38D9D4D,125241,EF6FF38D9D4D,2015-04-27,15000.0000,,2017-07-21,2017-03-30,,Remove Bankruptcy,,CUSTOM_SETTINGS,17-80415-TLS,,,,-703,REMOVE_BANKRUPTCY_STATUS,FULLY_ELIGIBLE_FOR_CONTACT,NONE,BECOMING_FULLY_CONTACTABLE,VW_LOAN
D17E30D4-1D42-4FE9-B5EA-0D883E1182CD,125244,0D883E1182CD,2015-08-21,6600.0000,,2017-02-21,2018-01-29,,Remove Bankruptcy,,CUSTOM_SETTINGS,8:18-bk-10291-ES,,,,-892,REMOVE_BANKRUPTCY_STATUS,FULLY_ELIGIBLE_FOR_CONTACT,NONE,BECOMING_FULLY_CONTACTABLE,VW_LOAN
52315F71-EB4D-4D4B-9F6D-4C854B1BE2F4,125248,4C854B1BE2F4,2015-09-01,13500.0000,2025-03-19,2016-12-13,2016-08-08,,Remove Bankruptcy,,CUSTOM_SETTINGS,1:16-bk-63869,,,,-342,REMOVE_BANKRUPTCY_STATUS,FULLY_ELIGIBLE_FOR_CONTACT,NONE,BECOMING_FULLY_CONTACTABLE,VW_LOAN
49915B3B-D9F8-429B-8E90-1CBBA99577DF,125266,1CBBA99577DF,2015-05-12,8000.0000,,2024-12-27,2016-10-04,,Remove Bankruptcy,,CUSTOM_SETTINGS,1:16-bk-67740,,,,-511,REMOVE_BANKRUPTCY_STATUS,FULLY_ELIGIBLE_FOR_CONTACT,NONE,BECOMING_FULLY_CONTACTABLE,VW_LOAN
A7851868-3DAB-4C7B-8A80-897E809714ED,125278,897E809714ED,2015-07-08,23800.0000,,2017-07-06,2017-04-14,,Remove Bankruptcy,,CUSTOM_SETTINGS,3:17-bk-01329-PMG,,,,-646,REMOVE_BANKRUPTCY_STATUS,FULLY_ELIGIBLE_FOR_CONTACT,NONE,BECOMING_FULLY_CONTACTABLE,VW_LOAN
DA5E3945-F5D7-455D-B7C2-D77D7529A6A0,125284,D77D7529A6A0,2015-08-14,15200.0000,,2017-05-15,2017-01-18,,Remove Bankruptcy,,CUSTOM_SETTINGS,17-10138,,,,-523,REMOVE_BANKRUPTCY_STATUS,FULLY_ELIGIBLE_FOR_CONTACT,NONE,BECOMING_FULLY_CONTACTABLE,VW_LOAN
C5322BA0-AFD8-4CC2-829D-8DA7CAD33C5C,125309,8DA7CAD33C5C,2015-05-21,7900.0000,,2025-05-18,2015-11-30,,Remove Bankruptcy,,CUSTOM_SETTINGS,2:15-bk-57530,,,,-193,REMOVE_BANKRUPTCY_STATUS,FULLY_ELIGIBLE_FOR_CONTACT,NONE,BECOMING_FULLY_CONTACTABLE,VW_LOAN
15BA0546-6E6E-4C8A-94DC-C76775F6A8CB,125314,C76775F6A8CB,2015-03-16,17000.0000,,2016-09-09,2016-05-06,,Remove Bankruptcy,,CUSTOM_SETTINGS,16-03965,,,,-417,REMOVE_BANKRUPTCY_STATUS,FULLY_ELIGIBLE_FOR_CONTACT,NONE,BECOMING_FULLY_CONTACTABLE,VW_LOAN
B58125B3-651E-466A-A203-C349C7525B1E,125331,C349C7525B1E,2015-04-07,7900.0000,,2015-12-30,2017-12-06,,Remove Bankruptcy,,CUSTOM_SETTINGS,1713259,,,,-974,REMOVE_BANKRUPTCY_STATUS,FULLY_ELIGIBLE_FOR_CONTACT,NONE,BECOMING_FULLY_CONTACTABLE,VW_LOAN
3C7C2E30-5CC5-4258-91E6-164CBBA93B2F,125341,164CBBA93B2F,2015-07-14,22000.0000,,2017-01-09,2016-11-18,,Remove Bankruptcy,,CUSTOM_SETTINGS,3:16-bk-07066,,,,-493,REMOVE_BANKRUPTCY_STATUS,FULLY_ELIGIBLE_FOR_CONTACT,NONE,BECOMING_FULLY_CONTACTABLE,VW_LOAN
00378D70-DB56-4B64-971C-7A5E846EA5F2,125349,7A5E846EA5F2,2015-07-23,9400.0000,,2016-07-22,2016-02-29,,Remove Bankruptcy,,CUSTOM_SETTINGS,3:16-bk-30588,,,,-221,REMOVE_BANKRUPTCY_STATUS,FULLY_ELIGIBLE_FOR_CONTACT,NONE,BECOMING_FULLY_CONTACTABLE,VW_LOAN
d7015cdf-ed12-65f3-8bdc-a613641627c5,338885,PA613641627C5,2022-09-06,10000.0000,2024-03-14,,2024-05-15,,Remove Bankruptcy,,CUSTOM_SETTINGS,2413790,,,,-617,REMOVE_BANKRUPTCY_STATUS,FULLY_ELIGIBLE_FOR_CONTACT,NONE,BECOMING_FULLY_CONTACTABLE,VW_LOAN
3a19e3c1-456c-75f5-cb16-445a811f4dda,75814,P445A811F4DDA,2020-03-05,25000.0000,,2023-05-19,2023-11-07,,Remove Bankruptcy,,CUSTOM_SETTINGS,23-11826-KHK,,,,-1342,REMOVE_BANKRUPTCY_STATUS,FULLY_ELIGIBLE_FOR_CONTACT,NONE,BECOMING_FULLY_CONTACTABLE,VW_LOAN
2743fe30-55b4-884c-44df-d884820cccfd,75815,PD884820CCCFD,2020-03-05,17500.0000,,2024-02-10,2023-11-21,,Remove Bankruptcy,,CUSTOM_SETTINGS,2340384,,,,-1356,REMOVE_BANKRUPTCY_STATUS,FULLY_ELIGIBLE_FOR_CONTACT,NONE,BECOMING_FULLY_CONTACTABLE,VW_LOAN
296fac79-7b94-5ee5-8fd4-85c15748dd5c,77260,P85C15748DD5C,2021-01-15,16000.0000,,2022-06-15,2023-05-22,,Remove Bankruptcy,,CUSTOM_SETTINGS,2:23bk03358BKM,,,,-857,REMOVE_BANKRUPTCY_STATUS,FULLY_ELIGIBLE_FOR_CONTACT,NONE,BECOMING_FULLY_CONTACTABLE,VW_LOAN
63ba5656-ac0c-fc56-fff2-d4e152cf76f4,78102,PD4E152CF76F4,2021-02-18,21000.0000,,2022-12-24,2023-07-24,,Remove Bankruptcy,,CUSTOM_SETTINGS,2300893,,,,-886,REMOVE_BANKRUPTCY_STATUS,FULLY_ELIGIBLE_FOR_CONTACT,NONE,BECOMING_FULLY_CONTACTABLE,VW_LOAN
bbbc56d9-48d3-765d-309b-392af61e11cb,78270,P392AF61E11CB,2021-02-23,30000.0000,,2024-06-22,2024-06-27,,Remove Bankruptcy,,CUSTOM_SETTINGS,2420769jrs,,,,-1220,REMOVE_BANKRUPTCY_STATUS,FULLY_ELIGIBLE_FOR_CONTACT,NONE,BECOMING_FULLY_CONTACTABLE,VW_LOAN
c246f051-77a8-4067-8f99-d1eb9adef7ab,78705,PD1EB9ADEF7AB,2018-06-12,13500.0000,,2020-04-10,2022-12-09,,Remove Bankruptcy,,CUSTOM_SETTINGS,2260676can7,,,,-1641,REMOVE_BANKRUPTCY_STATUS,FULLY_ELIGIBLE_FOR_CONTACT,NONE,BECOMING_FULLY_CONTACTABLE,VW_LOAN
9fbda4db-78b5-4890-8f42-80606e801dcc,78715,P80606E801DCC,2018-12-05,25000.0000,,2020-07-06,2021-08-31,,Remove Bankruptcy,,CUSTOM_SETTINGS,21-47084-tjt,,,,-1000,REMOVE_BANKRUPTCY_STATUS,FULLY_ELIGIBLE_FOR_CONTACT,NONE,BECOMING_FULLY_CONTACTABLE,VW_LOAN
30d6b751-41e1-4287-9de7-590d9e8a7231,78876,P590D9E8A7231,2018-12-07,25000.0000,,2019-09-13,2020-11-17,,Remove Bankruptcy,,CUSTOM_SETTINGS,2055163,,,,-711,REMOVE_BANKRUPTCY_STATUS,FULLY_ELIGIBLE_FOR_CONTACT,NONE,BECOMING_FULLY_CONTACTABLE,VW_LOAN
9d7fa1a1-360f-4206-a769-261af21ed0fb,78922,P261AF21ED0FB,2018-08-03,23400.0000,,2019-03-08,2020-03-03,,Remove Bankruptcy,,CUSTOM_SETTINGS,2043039mar,,,,-578,REMOVE_BANKRUPTCY_STATUS,FULLY_ELIGIBLE_FOR_CONTACT,NONE,BECOMING_FULLY_CONTACTABLE,VW_LOAN
218f69a1-8e50-444e-bda4-90a3c6d13f1b,79190,P90A3C6D13F1B,2018-10-18,25000.0000,,2019-09-16,2022-01-28,,Remove Bankruptcy,,CUSTOM_SETTINGS,22-10112-mg,,,,-1198,REMOVE_BANKRUPTCY_STATUS,FULLY_ELIGIBLE_FOR_CONTACT,NONE,BECOMING_FULLY_CONTACTABLE,VW_LOAN
bde4f087-e513-4a13-9ed1-34dd4c25baa3,79341,P34DD4C25BAA3,2018-06-14,15000.0000,,2019-09-13,2019-05-10,,Remove Bankruptcy,,CUSTOM_SETTINGS,3:19bk31486SHB,,,,-330,REMOVE_BANKRUPTCY_STATUS,FULLY_ELIGIBLE_FOR_CONTACT,NONE,BECOMING_FULLY_CONTACTABLE,VW_LOAN
5b7b15e0-8aec-4d79-a827-a8a0ee0876fd,79397,PA8A0EE0876FD,2018-07-13,18000.0000,,2019-04-12,2020-01-14,,Remove Bankruptcy,,CUSTOM_SETTINGS,2:20bk60016BPH,,,,-550,REMOVE_BANKRUPTCY_STATUS,FULLY_ELIGIBLE_FOR_CONTACT,NONE,BECOMING_FULLY_CONTACTABLE,VW_LOAN
ac7d82a7-a791-4397-ae89-c4b5fbb4c3b7,79489,PC4B5FBB4C3B7,2018-03-19,19500.0000,,2020-04-03,2020-07-17,,Remove Bankruptcy,,CUSTOM_SETTINGS,2003625LA7,,,,-851,REMOVE_BANKRUPTCY_STATUS,FULLY_ELIGIBLE_FOR_CONTACT,NONE,BECOMING_FULLY_CONTACTABLE,VW_LOAN
08074f90-555a-4023-aa51-8bb12b940422,79922,P8BB12B940422,2019-04-17,25000.0000,,2021-06-17,2021-02-10,,Remove Bankruptcy,,CUSTOM_SETTINGS,21-40306-mxm7,,,,-665,REMOVE_BANKRUPTCY_STATUS,FULLY_ELIGIBLE_FOR_CONTACT,NONE,BECOMING_FULLY_CONTACTABLE,VW_LOAN
1fc44c54-244c-45c7-8981-2ce42d831807,80158,P2CE42D831807,2018-10-17,23500.0000,,2020-10-20,2021-07-27,,Remove Bankruptcy,,CUSTOM_SETTINGS,2113881,,,,-1014,REMOVE_BANKRUPTCY_STATUS,FULLY_ELIGIBLE_FOR_CONTACT,NONE,BECOMING_FULLY_CONTACTABLE,VW_LOAN
d3116493-2511-447a-83fe-d870b34a621e,80207,PD870B34A621E,2018-04-13,17500.0000,,2019-07-15,2019-03-20,,Remove Bankruptcy,,CUSTOM_SETTINGS,19-07954,,,,-341,REMOVE_BANKRUPTCY_STATUS,FULLY_ELIGIBLE_FOR_CONTACT,NONE,BECOMING_FULLY_CONTACTABLE,VW_LOAN
b07e6193-7cd1-484d-94da-5a42b6eceedd,80676,P5A42B6ECEEDD,2019-02-07,15000.0000,,2019-11-29,2021-09-17,,Remove Bankruptcy,,CUSTOM_SETTINGS,21-10751,,,,-953,REMOVE_BANKRUPTCY_STATUS,FULLY_ELIGIBLE_FOR_CONTACT,NONE,BECOMING_FULLY_CONTACTABLE,VW_LOAN
d0f4053c-cce3-4dad-b811-237da0f4aab3,80766,P237DA0F4AAB3,2018-08-15,22000.0000,,2019-07-15,2019-04-07,,Remove Bankruptcy,,CUSTOM_SETTINGS,1901473DSC7,,,,-235,REMOVE_BANKRUPTCY_STATUS,FULLY_ELIGIBLE_FOR_CONTACT,NONE,BECOMING_FULLY_CONTACTABLE,VW_LOAN
7ea550f1-cf08-4b94-937b-ea64f929aaa1,81057,PEA64F929AAA1,2017-11-08,21000.0000,,2019-11-08,2019-08-12,,Remove Bankruptcy,,CUSTOM_SETTINGS,1936323cgm,,,,-642,REMOVE_BANKRUPTCY_STATUS,FULLY_ELIGIBLE_FOR_CONTACT,NONE,BECOMING_FULLY_CONTACTABLE,VW_LOAN
b6277875-5139-458f-9491-de5483a24edb,81244,PDE5483A24EDB,2017-08-03,20000.0000,,2025-07-01,2019-05-23,,Remove Bankruptcy,,CUSTOM_SETTINGS,19-60365-rbk,,,,-658,REMOVE_BANKRUPTCY_STATUS,FULLY_ELIGIBLE_FOR_CONTACT,NONE,BECOMING_FULLY_CONTACTABLE,VW_LOAN
12ba2e76-fe55-476b-b911-ca02a50eda6b,81323,PCA02A50EDA6B,2018-01-01,25000.0000,,2018-06-29,2019-12-30,,Remove Bankruptcy,,CUSTOM_SETTINGS,1934229sgj7,,,,-728,REMOVE_BANKRUPTCY_STATUS,FULLY_ELIGIBLE_FOR_CONTACT,NONE,BECOMING_FULLY_CONTACTABLE,VW_LOAN
ed215772-cea1-4921-b354-2421ae58cf50,81471,P2421AE58CF50,2018-08-14,9500.0000,,2020-06-18,2020-04-30,,Remove Bankruptcy,,CUSTOM_SETTINGS,20-11442,,,,-625,REMOVE_BANKRUPTCY_STATUS,FULLY_ELIGIBLE_FOR_CONTACT,NONE,BECOMING_FULLY_CONTACTABLE,VW_LOAN
b6d985f3-26f5-40b4-8126-85a1ffc199d1,82179,P85A1FFC199D1,2015-11-13,5500.0000,,2016-09-12,2016-10-06,,Remove Bankruptcy,,CUSTOM_SETTINGS,5:16-bk-52892,,,,-328,REMOVE_BANKRUPTCY_STATUS,FULLY_ELIGIBLE_FOR_CONTACT,NONE,BECOMING_FULLY_CONTACTABLE,VW_LOAN
3215124d-e7d7-4653-9d37-54bd13ce6870,82237,P54BD13CE6870,2015-11-12,22000.0000,2025-02-06,2017-09-13,2017-05-12,,Remove Bankruptcy,,CUSTOM_SETTINGS,17-40742-TLS,,,,-547,REMOVE_BANKRUPTCY_STATUS,FULLY_ELIGIBLE_FOR_CONTACT,NONE,BECOMING_FULLY_CONTACTABLE,VW_LOAN
fa2dd3e5-db79-45ad-b94a-7777aebaef0f,82318,P7777AEBAEF0F,2015-09-24,9300.0000,,2017-03-24,2017-03-15,,Remove Bankruptcy,,CUSTOM_SETTINGS,17-11220-abl,,,,-538,REMOVE_BANKRUPTCY_STATUS,FULLY_ELIGIBLE_FOR_CONTACT,NONE,BECOMING_FULLY_CONTACTABLE,VW_LOAN
9f199e4f-7297-427d-a8e4-997446d497af,82330,P997446D497AF,2017-04-13,9000.0000,,2017-10-18,2017-11-01,,Remove Bankruptcy,,CUSTOM_SETTINGS,17-14191-JDW,,,,-202,REMOVE_BANKRUPTCY_STATUS,FULLY_ELIGIBLE_FOR_CONTACT,NONE,BECOMING_FULLY_CONTACTABLE,VW_LOAN
087d0759-f77b-4ad7-85b8-57cf3c90c614,82585,P57CF3C90C614,2019-05-14,16900.0000,,2020-12-24,2020-08-25,,Remove Bankruptcy,,CUSTOM_SETTINGS,2000783JMM,,,,-469,REMOVE_BANKRUPTCY_STATUS,FULLY_ELIGIBLE_FOR_CONTACT,NONE,BECOMING_FULLY_CONTACTABLE,VW_LOAN
6f76785a-a67f-b471-5918-5db0a9904931,83265,P5DB0A9904931,2020-10-15,8700.0000,,2024-01-15,2023-08-30,,Remove Bankruptcy,,CUSTOM_SETTINGS,2350432  WJF,,,,-1049,REMOVE_BANKRUPTCY_STATUS,FULLY_ELIGIBLE_FOR_CONTACT,NONE,BECOMING_FULLY_CONTACTABLE,VW_LOAN
714364cc-b0e4-fccd-ee12-7106e89a0d92,83433,P7106E89A0D92,2020-11-02,6000.0000,,2021-12-31,2022-02-07,,Remove Bankruptcy,,CUSTOM_SETTINGS,22-10040-jal,,,,-462,REMOVE_BANKRUPTCY_STATUS,FULLY_ELIGIBLE_FOR_CONTACT,NONE,BECOMING_FULLY_CONTACTABLE,VW_LOAN
8e31a988-bf06-c728-b4db-72f4fe6af302,83622,P72F4FE6AF302,2020-11-24,40000.0000,,2022-12-22,2024-07-04,,Remove Bankruptcy,,CUSTOM_SETTINGS,2409830,,,,-1318,REMOVE_BANKRUPTCY_STATUS,FULLY_ELIGIBLE_FOR_CONTACT,NONE,BECOMING_FULLY_CONTACTABLE,VW_LOAN
8f9068ea-edef-2fff-bd26-5c46d0109bd4,83656,P5C46D0109BD4,2020-12-01,11000.0000,,2023-11-05,2023-06-30,,Remove Bankruptcy,,CUSTOM_SETTINGS,23-12865-MER,,,,-941,REMOVE_BANKRUPTCY_STATUS,FULLY_ELIGIBLE_FOR_CONTACT,NONE,BECOMING_FULLY_CONTACTABLE,VW_LOAN
10545c11-e1ad-45ad-9bb1-e540dcd40c96,83790,PE540DCD40C96,2018-12-05,25000.0000,,2023-02-04,2023-12-12,,Remove Bankruptcy,,CUSTOM_SETTINGS,2303896CL7,,,,-1833,REMOVE_BANKRUPTCY_STATUS,FULLY_ELIGIBLE_FOR_CONTACT,NONE,BECOMING_FULLY_CONTACTABLE,VW_LOAN
56287947-9303-8491-218a-55665aaf50c8,84182,P55665AAF50C8,2021-08-10,13000.0000,,2022-11-13,2022-12-30,,Remove Bankruptcy,,CUSTOM_SETTINGS,2205149,,,,-507,REMOVE_BANKRUPTCY_STATUS,FULLY_ELIGIBLE_FOR_CONTACT,NONE,BECOMING_FULLY_CONTACTABLE,VW_LOAN
fc5eaf2b-1ddc-7c57-2dff-8aad578fc3a8,85123,P8AAD578FC3A8,2021-10-22,28000.0000,,2024-07-26,2024-02-29,,Remove Bankruptcy,,CUSTOM_SETTINGS,2430217cg,,,,-860,REMOVE_BANKRUPTCY_STATUS,FULLY_ELIGIBLE_FOR_CONTACT,NONE,BECOMING_FULLY_CONTACTABLE,VW_LOAN
5042f0b5-75e7-359d-b915-aa4d2624ea0e,86198,PAA4D2624EA0E,2022-01-10,8600.0000,,2023-06-15,2023-10-31,,Remove Bankruptcy,,CUSTOM_SETTINGS,2332620acs,,,,-659,REMOVE_BANKRUPTCY_STATUS,FULLY_ELIGIBLE_FOR_CONTACT,NONE,BECOMING_FULLY_CONTACTABLE,VW_LOAN
a6239287-28de-2451-b343-291b063664b1,87223,P291B063664B1,2021-04-13,21000.0000,,2023-12-25,2024-02-09,,Remove Bankruptcy,,CUSTOM_SETTINGS,2430100KKS,,,,-1032,REMOVE_BANKRUPTCY_STATUS,FULLY_ELIGIBLE_FOR_CONTACT,NONE,BECOMING_FULLY_CONTACTABLE,VW_LOAN
176875b2-e84d-a6af-b94f-1105a53c594d,87518,P1105A53C594D,2021-05-11,9000.0000,,2022-02-22,2022-03-31,,Remove Bankruptcy,,CUSTOM_SETTINGS,2203760,,,,-324,REMOVE_BANKRUPTCY_STATUS,FULLY_ELIGIBLE_FOR_CONTACT,NONE,BECOMING_FULLY_CONTACTABLE,VW_LOAN
e1167da0-0e2a-d829-5317-8e8a2b0cd0b8,87810,P8E8A2B0CD0B8,2021-06-03,35000.0000,,2023-12-01,2024-05-03,,Remove Bankruptcy,,CUSTOM_SETTINGS,2:24bk00633FMD,,,,-1065,REMOVE_BANKRUPTCY_STATUS,FULLY_ELIGIBLE_FOR_CONTACT,NONE,BECOMING_FULLY_CONTACTABLE,VW_LOAN
514c1e26-0445-143f-28c3-a2e70a346a4a,88351,PA2E70A346A4A,2021-07-16,16000.0000,,2023-02-13,2023-03-20,,Remove Bankruptcy,,CUSTOM_SETTINGS,2310262M,,,,-612,REMOVE_BANKRUPTCY_STATUS,FULLY_ELIGIBLE_FOR_CONTACT,NONE,BECOMING_FULLY_CONTACTABLE,VW_LOAN
a248b885-7960-a37c-d48b-f31df6577bd9,89301,PF31DF6577BD9,2022-04-13,5000.0000,,2023-03-15,2023-11-10,,Remove Bankruptcy,,CUSTOM_SETTINGS,2:23-bk-51199-RRM,,,,-576,REMOVE_BANKRUPTCY_STATUS,FULLY_ELIGIBLE_FOR_CONTACT,NONE,BECOMING_FULLY_CONTACTABLE,VW_LOAN
7aa09028-5179-9276-2942-35993d4a6a08,89649,P35993D4A6A08,2022-04-28,8000.0000,,2023-03-14,2022-12-27,,Remove Bankruptcy,,CUSTOM_SETTINGS,2241600pwb,,,,-243,REMOVE_BANKRUPTCY_STATUS,FULLY_ELIGIBLE_FOR_CONTACT,NONE,BECOMING_FULLY_CONTACTABLE,VW_LOAN
6d6d8b66-dbe2-cbed-1a5c-3b763f0c61e4,89724,P3B763F0C61E4,2022-05-04,25000.0000,,2024-02-01,2024-08-16,,Remove Bankruptcy,,CUSTOM_SETTINGS,8:24bk04800CPM,,,,-835,REMOVE_BANKRUPTCY_STATUS,FULLY_ELIGIBLE_FOR_CONTACT,NONE,BECOMING_FULLY_CONTACTABLE,VW_LOAN
2b6cc96d-4a1c-3349-b96f-46c4a79e626e,90280,P46C4A79E626E,2022-05-27,40000.0000,,2024-06-14,2024-04-11,,Remove Bankruptcy,,CUSTOM_SETTINGS,2400977jtg,,,,-685,REMOVE_BANKRUPTCY_STATUS,FULLY_ELIGIBLE_FOR_CONTACT,NONE,BECOMING_FULLY_CONTACTABLE,VW_LOAN
5a6be193-9afb-4c44-9e4c-9f8229bab6c1,94907,P9F8229BAB6C1,2022-12-07,10000.0000,,2024-03-14,2024-07-30,,Remove Bankruptcy,,CUSTOM_SETTINGS,2414330KHT,,,,-601,REMOVE_BANKRUPTCY_STATUS,FULLY_ELIGIBLE_FOR_CONTACT,NONE,BECOMING_FULLY_CONTACTABLE,VW_LOAN
ed71af31-1671-4b5f-91b8-3d9b706e79f2,96295,P3D9B706E79F2,2019-05-15,7000.0000,,2021-04-24,2020-12-15,,Remove Bankruptcy,,CUSTOM_SETTINGS,4:20bk13350SHG,,,,-580,REMOVE_BANKRUPTCY_STATUS,FULLY_ELIGIBLE_FOR_CONTACT,NONE,BECOMING_FULLY_CONTACTABLE,VW_LOAN
386b17f2-6b9b-4b07-9f07-a2ce4bd3ecc9,96312,PA2CE4BD3ECC9,2016-02-17,11100.0000,,2016-07-15,2017-01-05,,Remove Bankruptcy,,CUSTOM_SETTINGS,17-20078,,,,-323,REMOVE_BANKRUPTCY_STATUS,FULLY_ELIGIBLE_FOR_CONTACT,NONE,BECOMING_FULLY_CONTACTABLE,VW_LOAN
324b5b0f-9939-44d1-8cf4-ff7b730bc20b,96322,PFF7B730BC20B,2019-07-24,20000.0000,,2020-05-26,2021-04-13,,Remove Bankruptcy,,CUSTOM_SETTINGS,1-21-10768-cjf,,,,-629,REMOVE_BANKRUPTCY_STATUS,FULLY_ELIGIBLE_FOR_CONTACT,NONE,BECOMING_FULLY_CONTACTABLE,VW_LOAN
370e54a3-4a1b-494d-b6d2-235a4853d025,96331,P235A4853D025,2016-07-22,14000.0000,,2016-12-20,2017-02-17,,Remove Bankruptcy,,CUSTOM_SETTINGS,1770910,,,,-210,REMOVE_BANKRUPTCY_STATUS,FULLY_ELIGIBLE_FOR_CONTACT,NONE,BECOMING_FULLY_CONTACTABLE,VW_LOAN
b2bdd641-cd0f-149f-85ee-8bd90729c623,96408,P8BD90729C623,2021-08-09,15500.0000,,2024-05-08,2024-02-27,,Remove Bankruptcy,,CUSTOM_SETTINGS,2400447JAW,,,,-932,REMOVE_BANKRUPTCY_STATUS,FULLY_ELIGIBLE_FOR_CONTACT,NONE,BECOMING_FULLY_CONTACTABLE,VW_LOAN
6e52c7bd-ea26-4da6-25c8-d49ee3444d6f,98302,PD49EE3444D6F,2022-05-04,6500.0000,,2022-12-16,2022-08-17,,Remove Bankruptcy,,CUSTOM_SETTINGS,2250796grs,,,,-105,REMOVE_BANKRUPTCY_STATUS,FULLY_ELIGIBLE_FOR_CONTACT,NONE,BECOMING_FULLY_CONTACTABLE,VW_LOAN
0f395759-3f33-e072-d2a9-cb65b264b7b6,98558,PCB65B264B7B6,2022-05-26,39500.0000,,2023-05-26,2023-02-21,,Remove Bankruptcy,,CUSTOM_SETTINGS,2300436MM7,,,,-271,REMOVE_BANKRUPTCY_STATUS,FULLY_ELIGIBLE_FOR_CONTACT,NONE,BECOMING_FULLY_CONTACTABLE,VW_LOAN
