THEOREM_APPLICATION_ID,APPLICATION_STARTED,FIRST_APPLIED_DATE,FIRST_DECLINE_MANUAL_REVIEW_DATE,FIRST_FUNDED_DATE,CREDIT_POLICY_FINAL_DECISION,CREDIT_POLICY_DECISION_DATE,CREDITPOLICYVERSION,CURRENT_APPLICATION_STATUS,CURRENT_STATUS_DATE,UTM_SOURCE,UTM_MEDIUM,UTM_CAMPAIGN,LAST_TOUCH_UTM_CHANNEL_GROUPING,LAST_TOUCH_UTM_CHANNEL_GROUPING_PARENT,APPLICATION_STATUS_CLASSIFICATION,CREDIT_POLICY_DECISION_CLASSIFICATION
0029bcb3-25ee-d744-79af-1e605fb4a4ad,2022-03-11T00:32:36,,,,Decline,2022-03-11T08:32:40,6.4,,,WALLETHUB,PARTNER,1510_PAC,Affiliate API,Affiliates,STARTED_ONLY,DECLINED_BY_POLICY
02701148-678b-d7c9-d170-2607300c38a2,2022-09-01T17:08:18,,,,Decline,2022-09-02T00:08:23,6.5,,,EVEN FINANCIAL,PARTNER,1510_PAC,Affiliate API,Affiliates,STARTED_ONLY,DECLINED_BY_POLICY
0280c065-fffa-0c6e-6c07-833ea95d1375,2022-01-17T11:47:08,,,,Decline,2022-01-17T19:47:14,6.4,,,EVEN FINANCIAL,PARTNER,1510_PAC,Affiliate API,Affiliates,STARTED_ONLY,DECLINED_BY_POLICY
046845a4-ac54-6558-0051-6bae671fd020,2022-07-25T18:15:31,,,,Decline,2022-07-26T01:15:33,6.4,,,EVEN FINANCIAL,PARTNER,1510_PAC,Affiliate API,Affiliates,STARTED_ONLY,DECLINED_BY_POLICY
0511a86b-a824-5aeb-561b-833093852e4c,2022-08-07T21:18:15,,,,Decline,2022-08-08T04:18:18,6.4,,,EXPERIAN,PARTNER,1510_PAC,Affiliate API,Affiliates,STARTED_ONLY,DECLINED_BY_POLICY
05dca68d-5af5-5317-1368-558115603ecf,2022-05-11T08:21:11,,,,Decline,2022-05-11T15:21:14,6.4,,,CREDIBLE,PARTNER,1510_PAC,Affiliate API,Affiliates,STARTED_ONLY,DECLINED_BY_POLICY
05e6ab78-7a3a-7f62-48d2-2a06046ae13e,2022-08-27T21:00:34,,,,Decline,2022-08-28T04:00:38,6.5,,,LENDINGTREE,PARTNER,1510_PAC,Affiliate API,Affiliates,STARTED_ONLY,DECLINED_BY_POLICY
06c5ea5f-d3cd-920b-c96b-347f607cd5f8,2022-07-07T13:40:45,,,,Decline,2022-07-07T20:40:49,6.4,,,LENDINGTREE,PARTNER,1510_PAC,Affiliate API,Affiliates,STARTED_ONLY,DECLINED_BY_POLICY
0719f623-ab57-eb4b-1272-dbbe441e1d55,2022-07-08T06:24:22,,,,Decline,2022-07-08T13:24:26,6.4,,,GUIDE TO LENDERS,PARTNER,1510_PAC,Affiliate API,Affiliates,STARTED_ONLY,DECLINED_BY_POLICY
0a042518-719e-5420-790b-30a58044b0f5,2022-06-20T11:29:45,,,,Decline,2022-06-20T18:29:49,6.4,,,CREDIBLE,PARTNER,1510_PAC,Affiliate API,Affiliates,STARTED_ONLY,DECLINED_BY_POLICY
0d2567d9-fe5c-6959-cc87-3d91de1f93de,2022-05-26T08:22:38,,,,Decline,2022-05-26T15:22:43,6.4,,,CREDIBLE,PARTNER,1510_PAC,Affiliate API,Affiliates,STARTED_ONLY,DECLINED_BY_POLICY
1007019f-116a-0558-0ea4-92ec31facc30,2022-02-12T21:34:59,,,,Decline,2022-02-13T05:35:03,6.4,,,CREDITKARMA,PARTNER,1510_PAC,Affiliate API,Affiliates,STARTED_ONLY,DECLINED_BY_POLICY
11080f66-6627-8e07-7a3e-17aedf24b9d7,2022-04-13T21:04:22,,,,Decline,2022-04-14T04:04:25,6.4,,,EVEN FINANCIAL,PARTNER,1510_PAC,Affiliate API,Affiliates,STARTED_ONLY,DECLINED_BY_POLICY
1209688e-95cb-0e04-2504-ced2d3ac98ee,2022-09-01T10:11:11,,,,Decline,2022-09-01T17:11:19,6.5,,,GUIDE TO LENDERS,PARTNER,1510_PAC,Affiliate API,Affiliates,STARTED_ONLY,DECLINED_BY_POLICY
14a20bf9-48f7-4749-8c3d-96960677491e,2022-05-17T10:34:02,,,,Decline,2022-05-17T17:34:06,6.4,,,EVEN FINANCIAL,PARTNER,1510_PAC,Affiliate API,Affiliates,STARTED_ONLY,DECLINED_BY_POLICY
1733c7f3-0b33-b971-dee1-6de820744edf,2022-04-21T16:46:27,,,,Decline,2022-04-21T23:46:30,6.4,,,CREDITKARMA,PARTNER,1510_PAC,Affiliate API,Affiliates,STARTED_ONLY,DECLINED_BY_POLICY
17ae6ab1-96b1-241e-fa55-a30321080053,2022-07-18T11:44:56,,,,Decline,2022-07-18T18:44:58,6.4,,,GUIDE TO LENDERS,PARTNER,1510_PAC,Affiliate API,Affiliates,STARTED_ONLY,DECLINED_BY_POLICY
19e64cab-376d-a655-fcb0-3915f7ab174e,2022-07-03T13:25:50,,,,Decline,2022-07-03T20:25:53,6.4,,,CREDITKARMA,PARTNER,1510_PAC,Affiliate API,Affiliates,STARTED_ONLY,DECLINED_BY_POLICY
1bd08e10-b4a7-7662-4f19-35be00d22d05,2022-02-04T12:49:15,,,,Decline,2022-02-04T20:49:19,6.4,,,CREDITKARMA,PARTNER,1510_PAC,Affiliate API,Affiliates,STARTED_ONLY,DECLINED_BY_POLICY
1dbcfc5d-2217-236f-ede2-4dac4618d63b,2022-09-27T12:41:16,,,,Decline,2022-09-27T19:41:19,6.6,,,CREDIBLE,PARTNER,1510_PAC,Affiliate API,Affiliates,STARTED_ONLY,DECLINED_BY_POLICY
1ee9f669-a756-9eb0-ae2e-fb219d7176f7,2022-06-21T17:02:10,,,,Decline,2022-06-22T00:02:13,6.4,,,LENDINGTREE,PARTNER,1510_PAC,Affiliate API,Affiliates,STARTED_ONLY,DECLINED_BY_POLICY
1ef39432-1975-c398-7201-5cb263530084,2022-11-21T05:40:04,,,,Approve,2022-11-21T13:40:08,6.6,,,PERSONALLOANPRO,PARTNER,1510_PAC,Affiliate API,Affiliates,STARTED_ONLY,APPROVED
1f264ea4-d7a0-ad51-6164-3ddffdc65bf4,2022-07-22T00:00:01,,,,Decline,2022-07-22T07:00:05,6.4,,,GUIDE TO LENDERS,PARTNER,1510_PAC,Affiliate API,Affiliates,STARTED_ONLY,DECLINED_BY_POLICY
2074a0cb-1fa7-d079-0910-6ffc7685f07e,2022-08-03T03:39:46,,,,Decline,2022-08-03T10:39:49,6.4,,,CREDIBLE,PARTNER,1510_PAC,Affiliate API,Affiliates,STARTED_ONLY,DECLINED_BY_POLICY
20ff7982-aa62-e37b-cf58-cab6d083d8f7,2022-04-14T16:26:55,,,,Decline,2022-04-14T23:26:59,6.4,,,GUIDE TO LENDERS,PARTNER,1510_PAC,Affiliate API,Affiliates,STARTED_ONLY,DECLINED_BY_POLICY
217873f7-348f-0688-4f3c-b12521d0aac2,2022-06-22T21:55:16,,,,Decline,2022-06-23T04:55:19,6.4,,,CREDITKARMA,PARTNER,1510_PAC,Affiliate API,Affiliates,STARTED_ONLY,DECLINED_BY_POLICY
21838e81-44ef-6b0a-040a-98c39417beaa,2022-06-02T02:26:32,,,,Decline,2022-06-02T09:26:36,6.4,,,EVEN FINANCIAL,PARTNER,1510_PAC,Affiliate API,Affiliates,STARTED_ONLY,DECLINED_BY_POLICY
21b66f42-35a8-4b90-496c-02a252bfd152,2022-07-27T13:19:09,,,,Approve,2022-07-27T20:19:13,6.4,,,CREDITKARMA,PARTNER,1510_PAC,Affiliate API,Affiliates,STARTED_ONLY,APPROVED
24eb15c6-79a0-4a7a-3f9f-eb67426b5c49,2022-07-10T10:39:15,,,,Approve,2022-07-10T17:39:19,6.4,,,CREDIBLE,PARTNER,1510_PAC,Affiliate API,Affiliates,STARTED_ONLY,APPROVED
27c33e6f-fb75-6e72-8cd1-2480740241d4,2022-07-01T08:56:25,,,,Decline,2022-07-01T15:56:28,6.4,,,GUIDE TO LENDERS,PARTNER,1510_PAC,Affiliate API,Affiliates,STARTED_ONLY,DECLINED_BY_POLICY
2989aab7-6fee-1539-2b4c-f726cfe07d95,2022-07-12T07:33:03,,,,Decline,2022-07-12T14:33:06,6.4,,,EXPERIAN,PARTNER,1510_PAC,Affiliate API,Affiliates,STARTED_ONLY,DECLINED_BY_POLICY
298e14b8-9ffd-7277-6b85-1a69410ef958,2022-05-04T21:05:35,,,,Decline,2022-05-05T04:05:38,6.4,,,CREDITKARMA,PARTNER,1510_PAC,Affiliate API,Affiliates,STARTED_ONLY,DECLINED_BY_POLICY
2ac6fa50-8bf6-5f7c-5a3b-90b7fab98100,2022-01-23T06:19:48,,,,Decline,2022-01-23T14:19:53,6.4,,,CREDITKARMA,PARTNER,1510_PAC,Affiliate API,Affiliates,STARTED_ONLY,DECLINED_BY_POLICY
2ad77d6b-0bdd-f8d1-3465-f6675db6b1c6,2022-07-22T09:16:36,,,,Decline,2022-07-22T16:16:39,6.4,,,GUIDE TO LENDERS,PARTNER,1510_PAC,Affiliate API,Affiliates,STARTED_ONLY,DECLINED_BY_POLICY
2cd20e23-49e6-02c9-ddba-408e883e179f,2022-08-27T22:34:06,,,,Approve,2022-08-28T05:34:10,6.5,,,LENDINGTREE,PARTNER,1510_PAC,Affiliate API,Affiliates,STARTED_ONLY,APPROVED
2d58ef6f-0d0f-9d7b-3285-f15f0d3c9fde,2022-05-03T17:11:45,,,,Decline,2022-05-04T00:11:48,6.4,,,PERSONALLOANPRO,PARTNER,1510_PAC,Affiliate API,Affiliates,STARTED_ONLY,DECLINED_BY_POLICY
2d68f25a-4542-a80f-41ba-5fce640d7623,2022-01-27T10:47:12,,,,Decline,2022-01-27T18:47:16,6.4,,,WALLETHUB,PARTNER,1510_PAC,Affiliate API,Affiliates,STARTED_ONLY,DECLINED_BY_POLICY
2dff7a60-51a4-1a7d-a8f6-328bd3b16d3c,2022-04-13T06:50:33,,,,Decline,2022-04-13T13:50:37,6.4,,,EVEN FINANCIAL,PARTNER,1510_PAC,Affiliate API,Affiliates,STARTED_ONLY,DECLINED_BY_POLICY
2f4b3f41-b86e-3433-d38d-11fa22c0a01a,2022-07-21T06:37:58,,,,Decline,2022-07-21T13:38:03,6.4,,,NERDWALLET,PARTNER,1510_PAC,Affiliate API,Affiliates,STARTED_ONLY,DECLINED_BY_POLICY
2faf7f9a-2ae0-8157-1aec-1d6d5a8cf774,2022-06-29T16:06:42,,,,Decline,2022-06-29T23:06:46,6.4,,,PERSONALLOANPRO,PARTNER,1510_PAC,Affiliate API,Affiliates,STARTED_ONLY,DECLINED_BY_POLICY
300f0aac-698f-6b91-14e2-377919afdb55,2022-05-16T05:08:40,,,,Decline,2022-05-16T12:08:43,6.4,,,CREDITKARMA,PARTNER,1510_PAC,Affiliate API,Affiliates,STARTED_ONLY,DECLINED_BY_POLICY
32d64060-d03e-af39-c7b3-401e781c41d0,2022-07-25T16:47:18,,,,Decline,2022-07-25T23:47:21,6.4,,,CREDIBLE,PARTNER,1510_PAC,Affiliate API,Affiliates,STARTED_ONLY,DECLINED_BY_POLICY
362f69d0-8f0d-011b-99fe-424a4be32994,2022-02-01T14:49:48,,,,Approve,2022-02-01T22:49:54,6.4,,,CREDIBLE,PARTNER,1510_PAC,Affiliate API,Affiliates,STARTED_ONLY,APPROVED
36e6c19d-eb2b-6f65-79df-68480a6ae652,2022-10-12T16:54:11,,,,Decline,2022-10-12T23:54:16,6.6,,,CREDIBLE,PARTNER,1510_PAC,Affiliate API,Affiliates,STARTED_ONLY,DECLINED_BY_POLICY
36f9b454-b3b2-e2a5-f0e6-b89504d7fcc2,2022-12-16T09:40:44,,,,Decline,2022-12-16T17:40:46,6.6,,,CREDIBLE,PARTNER,1510_PAC,Affiliate API,Affiliates,STARTED_ONLY,DECLINED_BY_POLICY
37029b56-51ac-48f9-eec4-313ddfb2ee49,2022-08-04T01:18:33,,,,Decline,2022-08-04T08:18:37,6.4,,,PERSONALLOANPRO,PARTNER,1510_PAC,Affiliate API,Affiliates,STARTED_ONLY,DECLINED_BY_POLICY
3921c9b6-da19-7f82-ad98-7f3176b9e0a3,2022-05-06T15:06:55,,,,Decline,2022-05-06T22:07:01,6.4,,,EVEN FINANCIAL,PARTNER,1510_PAC,Affiliate API,Affiliates,STARTED_ONLY,DECLINED_BY_POLICY
399a50ff-341f-e903-51c9-dcf9e36e4f53,2022-06-15T18:44:02,,,,Decline,2022-06-16T01:44:06,6.4,,,EVEN FINANCIAL,PARTNER,1510_PAC,Affiliate API,Affiliates,STARTED_ONLY,DECLINED_BY_POLICY
3b63babf-9ae1-4dfc-b170-c411db33c2aa,2022-10-16T17:12:28,,,,Decline,2022-10-17T00:12:34,6.6,,,EVEN FINANCIAL,PARTNER,1510_PAC,Affiliate API,Affiliates,STARTED_ONLY,DECLINED_BY_POLICY
3daf197c-293c-8a93-9d11-d134810c2dde,2022-10-20T18:29:12,,,,Decline,2022-10-21T01:29:16,6.6,,,CREDIBLE,PARTNER,1510_PAC,Affiliate API,Affiliates,STARTED_ONLY,DECLINED_BY_POLICY
3e3109fc-1196-6334-650c-03e1d0395f44,2022-09-02T04:40:32,,,,Decline,2022-09-02T11:40:37,6.6,,,CREDITKARMA,PARTNER,1510_PAC,Affiliate API,Affiliates,STARTED_ONLY,DECLINED_BY_POLICY
3e71c114-6926-f289-4202-c3f407a540ab,2022-06-23T06:02:26,,,,Decline,2022-06-23T13:02:30,6.4,,,EVEN FINANCIAL,PARTNER,1510_PAC,Affiliate API,Affiliates,STARTED_ONLY,DECLINED_BY_POLICY
3ea02782-355a-4e93-df0a-795d3bd9428b,2022-07-07T08:34:45,,,,Decline,2022-07-07T15:34:49,6.4,,,MONEVO,PARTNER,1510_PAC,Affiliate API,Affiliates,STARTED_ONLY,DECLINED_BY_POLICY
43bb4e95-f819-1330-5452-409a82d3bea2,2022-09-10T19:16:18,,,,Decline,2022-09-11T02:16:22,6.6,,,EVEN FINANCIAL,PARTNER,1510_PAC,Affiliate API,Affiliates,STARTED_ONLY,DECLINED_BY_POLICY
44fdf39e-ff04-ac32-5f0d-a0309290000f,2022-05-08T20:59:56,,,,Decline,2022-05-09T03:59:59,6.4,,,LENDINGTREE,PARTNER,1510_PAC,Affiliate API,Affiliates,STARTED_ONLY,DECLINED_BY_POLICY
473c3bb7-9683-d6a0-b293-3b04b43d7d03,2022-11-16T09:05:30,,,,Decline,2022-11-16T17:05:33,6.6,,,CREDITKARMA,PARTNER,1510_PAC,Affiliate API,Affiliates,STARTED_ONLY,DECLINED_BY_POLICY
48a433f6-8cac-5bd3-777a-dbad01283e83,2022-09-02T13:21:48,2022-09-02T13:23:36,,,Decline,2022-09-02T20:23:19,6.6,Declined,2022-09-02T20:23:37,TU,EMAIL,PSCAMP123.TU_DM,Email DM,Email,APPLIED,DECLINED_BY_POLICY
49dc204e-6f78-553a-7afe-79f1001b6d86,2022-09-26T06:45:44,,,,Decline,2022-09-26T13:45:49,6.6,,,EVEN FINANCIAL,PARTNER,1510_PAC,Affiliate API,Affiliates,STARTED_ONLY,DECLINED_BY_POLICY
4a58a07e-de33-a0b6-b500-3bcb3d7fe4a8,2022-11-02T08:16:27,,,,Decline,2022-11-02T15:16:31,6.6,,,CREDIBLE,PARTNER,1510_PAC,Affiliate API,Affiliates,STARTED_ONLY,DECLINED_BY_POLICY
4c1c8a83-0f78-161b-4f72-50adcf9f2910,2022-04-13T09:20:38,,,,Approve,2022-04-13T16:20:42,6.4,,,EVEN FINANCIAL,PARTNER,1510_PAC,Affiliate API,Affiliates,STARTED_ONLY,APPROVED
4c4189ba-cf4c-f7ee-cca7-f15f132fafd0,2022-04-04T13:23:37,,,,Decline,2022-04-04T20:23:40,6.4,,,GUIDE TO LENDERS,PARTNER,1510_PAC,Affiliate API,Affiliates,STARTED_ONLY,DECLINED_BY_POLICY
4dd5e5cd-d4b3-1d35-50e5-c381d36b7f60,2022-08-02T20:34:06,,,,Decline,2022-08-03T03:34:09,6.4,,,INTUIT,PARTNER,1510_PAC,Affiliate API,Affiliates,STARTED_ONLY,DECLINED_BY_POLICY
4ffc28ba-bf15-deb2-baa4-0484fa4b27d3,2022-10-06T18:41:13,,,,Decline,2022-10-07T01:41:18,6.6,,,GUIDE TO LENDERS,PARTNER,1510_PAC,Affiliate API,Affiliates,STARTED_ONLY,DECLINED_BY_POLICY
50aaf6c6-5ba6-13ad-4e94-d6eeb5338bd5,2022-12-11T10:41:09,,,,Decline,2022-12-11T18:41:11,6.6,,,MONEVO,PARTNER,1510_PAC,Affiliate API,Affiliates,STARTED_ONLY,DECLINED_BY_POLICY
52c10423-f29b-ec47-6b2f-0a54e4315973,2022-06-04T06:35:05,,,,Decline,2022-06-04T13:35:09,6.4,,,EVEN FINANCIAL,PARTNER,1510_PAC,Affiliate API,Affiliates,STARTED_ONLY,DECLINED_BY_POLICY
5350d5b5-d284-5a78-989f-3aed32643c40,2022-07-10T19:13:15,,,,Approve,2022-07-11T02:13:19,6.4,,,CREDITKARMA,PARTNER,1510_PAC,Affiliate API,Affiliates,STARTED_ONLY,APPROVED
54189213-c160-c56b-c5e6-dec1819c6b19,2022-10-13T16:48:37,,,,Decline,2022-10-13T23:48:41,6.6,,,GUIDE TO LENDERS,PARTNER,1510_PAC,Affiliate API,Affiliates,STARTED_ONLY,DECLINED_BY_POLICY
5484dc74-8c37-fc40-c5e4-b9a9f4704f93,2022-12-15T22:32:59,,,,Decline,2022-12-16T06:33:02,6.6,,,CREDITKARMA,PARTNER,1510_PAC,Affiliate API,Affiliates,STARTED_ONLY,DECLINED_BY_POLICY
54e541d2-2392-22ae-59ce-5ae727fa7bad,2022-04-05T07:42:21,,,,Decline,2022-04-05T14:42:25,6.4,,,EVEN FINANCIAL,PARTNER,1510_PAC,Affiliate API,Affiliates,STARTED_ONLY,DECLINED_BY_POLICY
5664b816-119f-0a3d-c41b-c0d9b7911663,2022-05-10T14:01:54,,,,Decline,2022-05-10T21:01:57,6.4,,,EVEN FINANCIAL,PARTNER,1510_PAC,Affiliate API,Affiliates,STARTED_ONLY,DECLINED_BY_POLICY
57960f9e-9739-c6d9-3fe1-6b5d065c8003,2022-03-15T17:28:01,,,,Decline,2022-03-16T00:28:05,6.4,,,GUIDE TO LENDERS,PARTNER,1510_PAC,Affiliate API,Affiliates,STARTED_ONLY,DECLINED_BY_POLICY
5a02982d-e6fb-e946-9969-3d00fe32c2e1,2022-05-29T23:02:18,,,,Decline,2022-05-30T06:02:22,6.4,,,LENDINGTREE,PARTNER,1510_PAC,Affiliate API,Affiliates,STARTED_ONLY,DECLINED_BY_POLICY
5a3bb25c-e418-e500-bec9-9fb304f3b7a5,2022-02-07T06:15:53,,,,Decline,2022-02-07T14:15:58,6.4,,,CREDITKARMA,PARTNER,1510_PAC,Affiliate API,Affiliates,STARTED_ONLY,DECLINED_BY_POLICY
5a86c44e-9883-172f-fb81-39816ae751c2,2022-04-14T17:39:01,,,,Decline,2022-04-15T00:39:05,6.4,,,EVEN FINANCIAL,PARTNER,1510_PAC,Affiliate API,Affiliates,STARTED_ONLY,DECLINED_BY_POLICY
5aeb3d81-c6f0-684b-2218-c77620df741f,2022-06-24T12:15:48,,,,Decline,2022-06-24T19:15:51,6.4,,,PERSONALLOANPRO,PARTNER,1510_PAC,Affiliate API,Affiliates,STARTED_ONLY,DECLINED_BY_POLICY
5b851f7d-d8da-e0cb-86dc-b677d51078f6,2022-03-06T14:30:59,,,,Decline,2022-03-06T22:31:03,6.4,,,EVEN FINANCIAL,PARTNER,1510_PAC,Affiliate API,Affiliates,STARTED_ONLY,DECLINED_BY_POLICY
5bb03375-1aa5-0d6e-c7ee-f4175f326679,2022-10-09T11:13:23,,,,Decline,2022-10-09T18:13:26,6.6,,,CREDITKARMA,PARTNER,1510_PAC,Affiliate API,Affiliates,STARTED_ONLY,DECLINED_BY_POLICY
5c581686-a23f-9981-9186-3db85a49227d,2022-01-12T17:13:10,,,,Decline,2022-01-13T01:13:13,6.4,,,CREDITKARMA,PARTNER,1510_PAC,Affiliate API,Affiliates,STARTED_ONLY,DECLINED_BY_POLICY
5e19d1f5-993b-393e-af5d-bd59cb034635,2022-07-09T18:21:04,,,,Decline,2022-07-10T01:21:07,6.4,,,GUIDE TO LENDERS,PARTNER,1510_PAC,Affiliate API,Affiliates,STARTED_ONLY,DECLINED_BY_POLICY
5f515332-8ba4-e4e4-cc65-2faf04395793,2022-11-01T13:27:00,,,,Decline,2022-11-01T20:27:08,6.6,,,EVEN FINANCIAL,PARTNER,1510_PAC,Affiliate API,Affiliates,STARTED_ONLY,DECLINED_BY_POLICY
634f8110-7c5c-bd94-e557-1a83c4fb5630,2022-06-28T09:25:15,,,,Decline,2022-06-28T16:25:18,6.4,,,GUIDE TO LENDERS,PARTNER,1510_PAC,Affiliate API,Affiliates,STARTED_ONLY,DECLINED_BY_POLICY
6513799f-cbc5-51bd-253b-5fa301f32a2b,2022-09-08T10:15:12,,,,Decline,2022-09-08T17:15:16,6.6,,,GUIDE TO LENDERS,PARTNER,1510_PAC,Affiliate API,Affiliates,STARTED_ONLY,DECLINED_BY_POLICY
6640d561-d6e4-d6e3-7a2e-167cb3b2d570,2022-07-22T08:19:31,,,,Decline,2022-07-22T15:19:34,6.4,,,GUIDE TO LENDERS,PARTNER,1510_PAC,Affiliate API,Affiliates,STARTED_ONLY,DECLINED_BY_POLICY
67fdcdcf-bf8d-a5b4-5cd2-af1752d99205,2022-09-13T18:45:15,,,,Decline,2022-09-14T01:45:18,6.6,,,CREDITKARMA,PARTNER,1510_PAC,Affiliate API,Affiliates,STARTED_ONLY,DECLINED_BY_POLICY
6b41949f-0c17-7156-6959-24117d6772dd,2022-06-19T10:57:22,,,,Decline,2022-06-19T17:57:26,6.4,,,EVEN FINANCIAL,PARTNER,1510_PAC,Affiliate API,Affiliates,STARTED_ONLY,DECLINED_BY_POLICY
6b9cb4f6-8bb3-43cf-969f-6d24fa698965,2022-07-18T10:39:50,,,,Decline,2022-07-18T17:39:54,6.4,,,CREDITKARMA,PARTNER,1510_PAC,Affiliate API,Affiliates,STARTED_ONLY,DECLINED_BY_POLICY
70f60f0c-7a09-e9d3-3a97-838a44a04b4c,2022-08-16T16:56:04,,,,Decline,2022-08-16T23:56:08,6.5,,,NERDWALLET,PARTNER,1510_PAC,Affiliate API,Affiliates,STARTED_ONLY,DECLINED_BY_POLICY
739de312-8424-5491-e0cd-9f2d5ae29d35,2022-05-02T10:53:12,,,,Decline,2022-05-02T17:53:19,6.4,,,EVEN FINANCIAL,PARTNER,1510_PAC,Affiliate API,Affiliates,STARTED_ONLY,DECLINED_BY_POLICY
746addea-d40e-91b2-d781-6492984eb7ab,2022-09-22T14:56:57,,,,Decline,2022-09-22T21:57:01,6.6,,,EVEN FINANCIAL,PARTNER,1510_PAC,Affiliate API,Affiliates,STARTED_ONLY,DECLINED_BY_POLICY
75be3458-5634-4c17-282d-cde8f0158ea0,2022-04-25T18:57:12,,,,Decline,2022-04-26T01:57:15,6.4,,,EXPERIAN,PARTNER,1510_PAC,Affiliate API,Affiliates,STARTED_ONLY,DECLINED_BY_POLICY
762ffbdd-6b96-d534-6144-0f3a21e2d529,2022-08-13T08:23:11,,,,Decline,2022-08-13T15:23:15,6.5,,,CREDITKARMA,PARTNER,1510_PAC,Affiliate API,Affiliates,STARTED_ONLY,DECLINED_BY_POLICY
78f46e00-2d9e-a804-1c03-844425c8fb0d,2022-10-07T15:36:18,,,,Decline,2022-10-07T22:36:22,6.6,,,CREDIBLE,PARTNER,1510_PAC,Affiliate API,Affiliates,STARTED_ONLY,DECLINED_BY_POLICY
795702e8-4136-8f87-22f8-d7259464f863,2022-04-23T17:22:51,,,,Decline,2022-04-24T00:22:55,6.4,,,EVEN FINANCIAL,PARTNER,1510_PAC,Affiliate API,Affiliates,STARTED_ONLY,DECLINED_BY_POLICY
7c5cee42-497c-2456-59ad-2b2f5592d4eb,2022-04-06T21:27:46,,,,Decline,2022-04-07T04:27:50,6.4,,,CREDITKARMA,PARTNER,1510_PAC,Affiliate API,Affiliates,STARTED_ONLY,DECLINED_BY_POLICY
7c7be2c2-b32a-0f37-4342-456e85df2a61,2022-04-23T20:54:52,,,,Decline,2022-04-24T03:54:56,6.4,,,CREDITKARMA,PARTNER,1510_PAC,Affiliate API,Affiliates,STARTED_ONLY,DECLINED_BY_POLICY
7d38912f-3e8e-13b3-6f33-2392441d1531,2022-09-22T20:30:12,,,,Decline,2022-09-23T03:30:16,6.6,,,CREDIBLE,PARTNER,1510_PAC,Affiliate API,Affiliates,STARTED_ONLY,DECLINED_BY_POLICY
7e780ebf-6c11-aa1c-7bbc-8cff596d0f14,2022-09-11T19:36:43,,,,Decline,2022-09-12T02:36:48,6.6,,,PERSONALLOANPRO,PARTNER,1510_PAC,Affiliate API,Affiliates,STARTED_ONLY,DECLINED_BY_POLICY
7f13892c-e3da-4e01-ad3b-c39f9d20b40f,2022-10-04T16:53:10,,,,Decline,2022-10-04T23:53:16,6.6,,,EVEN FINANCIAL,PARTNER,1510_PAC,Affiliate API,Affiliates,STARTED_ONLY,DECLINED_BY_POLICY
814a6f54-2345-aa87-2a68-57445cb6c577,2022-03-07T12:48:18,,,,Approve,2022-03-07T20:48:20,6.4,,,CREDIBLE,PARTNER,1510_PAC,Affiliate API,Affiliates,STARTED_ONLY,APPROVED
821bbd1c-fab4-efd2-54d0-bb7122607d6e,2022-05-30T06:16:57,,,,Decline,2022-05-30T13:17:01,6.4,,,CREDIBLE,PARTNER,1510_PAC,Affiliate API,Affiliates,STARTED_ONLY,DECLINED_BY_POLICY
82e59c75-fe86-d664-63ab-1907c744bafb,2022-02-07T18:09:45,,,,Decline,2022-02-08T02:09:49,6.4,,,CREDITKARMA,PARTNER,1510_PAC,Affiliate API,Affiliates,STARTED_ONLY,DECLINED_BY_POLICY
8473cacc-7adc-6e38-b4ee-244a5ae5084b,2022-09-11T07:40:37,,,,Decline,2022-09-11T14:40:41,6.6,,,CREDITKARMA,PARTNER,1510_PAC,Affiliate API,Affiliates,STARTED_ONLY,DECLINED_BY_POLICY
85bc6988-a707-cc9f-f50c-2f0b16bbc7c5,2022-10-06T06:17:23,,,,Decline,2022-10-06T13:17:27,6.6,,,EVEN FINANCIAL,PARTNER,1510_PAC,Affiliate API,Affiliates,STARTED_ONLY,DECLINED_BY_POLICY
86d1b30a-ba8b-e818-bcc5-d9b07828c2d1,2022-04-19T06:30:10,,,,Decline,2022-04-19T13:30:13,6.4,,,GUIDE TO LENDERS,PARTNER,1510_PAC,Affiliate API,Affiliates,STARTED_ONLY,DECLINED_BY_POLICY
878381c2-5a4b-2d2e-2f22-f2e19a3f9dfb,2022-05-01T20:10:22,,,,Decline,2022-05-02T03:10:25,6.4,,,EVEN FINANCIAL,PARTNER,1510_PAC,Affiliate API,Affiliates,STARTED_ONLY,DECLINED_BY_POLICY
87b490ec-7363-fc72-336d-77a756b33c9f,2022-02-15T11:17:45,,,,Decline,2022-02-15T19:17:50,6.4,,,CREDITKARMA,PARTNER,1510_PAC,Affiliate API,Affiliates,STARTED_ONLY,DECLINED_BY_POLICY
87ca961d-0a31-572f-9af5-47ae53c20925,2022-04-18T11:54:59,,,,Decline,2022-04-18T18:55:04,6.4,,,EVEN FINANCIAL,PARTNER,1510_PAC,Affiliate API,Affiliates,STARTED_ONLY,DECLINED_BY_POLICY
87f22073-3ddc-ccc4-f69c-0c033e72e892,2022-01-25T14:41:09,,,,Decline,2022-01-25T22:41:14,6.4,,,EVEN FINANCIAL,PARTNER,1510_PAC,Affiliate API,Affiliates,STARTED_ONLY,DECLINED_BY_POLICY
88eaee82-28b6-91cb-9e12-a00152e790e6,2022-06-26T11:30:10,,,,Decline,2022-06-26T18:30:15,6.4,,,CREDITKARMA,PARTNER,1510_PAC,Affiliate API,Affiliates,STARTED_ONLY,DECLINED_BY_POLICY
8912d1a7-46b0-fef8-221e-e90a18f20e3f,2022-09-26T14:14:34,,,,Decline,2022-09-26T21:14:38,6.6,,,CREDITKARMA,PARTNER,1510_PAC,Affiliate API,Affiliates,STARTED_ONLY,DECLINED_BY_POLICY
8ae9bfbb-2b6f-7057-8bcb-57f335e1b63f,2022-09-07T13:02:48,,,,Decline,2022-09-07T20:02:52,6.6,,,GUIDE TO LENDERS,PARTNER,1510_PAC,Affiliate API,Affiliates,STARTED_ONLY,DECLINED_BY_POLICY
8b99611d-784a-f374-4553-ee27a9ae9e27,2022-03-05T15:10:00,,,,Decline,2022-03-05T23:10:06,6.4,,,CREDIBLE,PARTNER,1510_PAC,Affiliate API,Affiliates,STARTED_ONLY,DECLINED_BY_POLICY
8cfb30cd-992c-a217-7d10-ef09db727efc,2022-09-12T18:56:26,,,,Decline,2022-09-13T01:56:29,6.6,,,CREDITSESAME,PARTNER,1510_PAC,Affiliate API,Affiliates,STARTED_ONLY,DECLINED_BY_POLICY
8d0438b5-a3cf-3972-d4e3-1b43db6c55b5,2022-05-11T15:14:14,,,,Decline,2022-05-11T22:14:17,6.4,,,EVEN FINANCIAL,PARTNER,1510_PAC,Affiliate API,Affiliates,STARTED_ONLY,DECLINED_BY_POLICY
8d4c7b05-6969-b4bb-beea-aadc673553bb,2022-05-13T10:51:21,,,,Decline,2022-05-13T17:51:24,6.4,,,LENDINGTREE,PARTNER,1510_PAC,Affiliate API,Affiliates,STARTED_ONLY,DECLINED_BY_POLICY
8d983b34-873f-fa93-442b-7a46e68ef548,2022-05-08T23:12:50,,,,Decline,2022-05-09T06:12:52,6.4,,,GUIDE TO LENDERS,PARTNER,1510_PAC,Affiliate API,Affiliates,STARTED_ONLY,DECLINED_BY_POLICY
8e16722f-297c-f6f0-66e2-0449783108e5,2022-06-05T20:16:43,,,,Decline,2022-06-06T03:16:46,6.4,,,EVEN FINANCIAL,PARTNER,1510_PAC,Affiliate API,Affiliates,STARTED_ONLY,DECLINED_BY_POLICY
8e68f2a3-5129-26da-4589-0619e185d4c8,2022-01-21T17:53:47,,,,Decline,2022-01-22T01:53:51,6.4,,,CREDITKARMA,PARTNER,1510_PAC,Affiliate API,Affiliates,STARTED_ONLY,DECLINED_BY_POLICY
8eb2d4ff-94b8-087e-ddb9-3a49f7cf5448,2022-05-15T14:00:49,,,,Decline,2022-05-15T21:00:52,6.4,,,EVEN FINANCIAL,PARTNER,1510_PAC,Affiliate API,Affiliates,STARTED_ONLY,DECLINED_BY_POLICY
8edc64d6-e9e2-30e1-af19-9d9677380e2b,2022-05-21T19:27:21,,,,Decline,2022-05-22T02:27:29,6.4,,,EXPERIAN,PARTNER,1510_PAC,Affiliate API,Affiliates,STARTED_ONLY,DECLINED_BY_POLICY
90040db1-e4e3-6613-487c-f8a2f76929b1,2022-05-29T12:58:11,,,,Decline,2022-05-29T19:58:14,6.4,,,EVEN FINANCIAL,PARTNER,1510_PAC,Affiliate API,Affiliates,STARTED_ONLY,DECLINED_BY_POLICY
9012ea8f-cf8b-3008-4f41-c26f63d51357,2022-06-22T09:10:46,,,,Decline,2022-06-22T16:10:49,6.4,,,CREDITKARMA,PARTNER,1510_PAC,Affiliate API,Affiliates,STARTED_ONLY,DECLINED_BY_POLICY
946e39e7-3308-b9a2-8dc9-35b7a4d67cc9,2022-11-28T14:03:04,,,,Decline,2022-11-28T22:03:07,6.6,,,EVEN FINANCIAL,PARTNER,1510_PAC,Affiliate API,Affiliates,STARTED_ONLY,DECLINED_BY_POLICY
9715ff1f-fbdb-0ca3-110d-e118d44c5106,2022-04-17T10:01:21,,,,Decline,2022-04-17T17:01:25,6.4,,,EVEN FINANCIAL,PARTNER,1510_PAC,Affiliate API,Affiliates,STARTED_ONLY,DECLINED_BY_POLICY
9cc9edf5-12fe-f452-415f-bbb9edd4cabc,2022-08-27T08:50:10,,,,Approve,2022-08-27T15:50:15,6.5,,,EXPERIAN,PARTNER,1510_PAC,Affiliate API,Affiliates,STARTED_ONLY,APPROVED
9e5a1793-7372-96f2-6134-2fa239a7b3d4,2022-11-07T16:19:04,,,,Decline,2022-11-08T00:19:08,6.6,,,LENDINGTREE,PARTNER,1510_PAC,Affiliate API,Affiliates,STARTED_ONLY,DECLINED_BY_POLICY
9f195fc5-dbc4-0495-63e8-01c4da102b8e,2022-02-16T06:57:05,,,,Decline,2022-02-16T14:57:08,6.4,,,LENDINGTREE,PARTNER,1510_PAC,Affiliate API,Affiliates,STARTED_ONLY,DECLINED_BY_POLICY
9f254932-28f3-642b-de8d-0c5cde383f1b,2022-05-01T18:31:06,,,,Decline,2022-05-02T01:31:10,6.4,,,EVEN FINANCIAL,PARTNER,1510_PAC,Affiliate API,Affiliates,STARTED_ONLY,DECLINED_BY_POLICY
9f5d0edf-2d3e-6dd5-5a05-947d17a33ee0,2022-10-19T08:02:30,,,,Decline,2022-10-19T15:02:33,6.6,,,EVEN FINANCIAL,PARTNER,1510_PAC,Affiliate API,Affiliates,STARTED_ONLY,DECLINED_BY_POLICY
a4a137c9-343a-912e-c1fa-9d5318de2e76,2022-09-26T13:18:13,,,,Decline,2022-09-26T20:18:18,6.6,,,CREDIBLE,PARTNER,1510_PAC,Affiliate API,Affiliates,STARTED_ONLY,DECLINED_BY_POLICY
a543752a-5753-0091-930b-9de760cdb39b,2022-04-18T13:20:35,,,,Decline,2022-04-18T20:20:38,6.4,,,BANKRATE,PARTNER,1510_PAC,Affiliate API,Affiliates,STARTED_ONLY,DECLINED_BY_POLICY
a758d11a-a610-164d-6829-3d9c02d8a456,2022-06-03T15:09:17,,,,Decline,2022-06-03T22:09:20,6.4,,,GUIDE TO LENDERS,PARTNER,1510_PAC,Affiliate API,Affiliates,STARTED_ONLY,DECLINED_BY_POLICY
a7b68770-87c0-39eb-6e32-db0937b44fd6,2022-12-07T05:26:47,,,,Decline,2022-12-07T13:26:51,6.6,,,EVEN FINANCIAL,PARTNER,1510_PAC,Affiliate API,Affiliates,STARTED_ONLY,DECLINED_BY_POLICY
a8634965-015e-c665-a58a-5e5f4655d31c,2022-07-06T14:23:37,,,,Decline,2022-07-06T21:23:41,6.4,,,GUIDE TO LENDERS,PARTNER,1510_PAC,Affiliate API,Affiliates,STARTED_ONLY,DECLINED_BY_POLICY
a932b983-0d90-53d6-c434-8221e288f5b0,2022-06-11T13:25:07,,,,Decline,2022-06-11T20:25:12,6.4,,,CREDITSESAME,PARTNER,1510_PAC,Affiliate API,Affiliates,STARTED_ONLY,DECLINED_BY_POLICY
a98d2618-2d15-c71e-1d20-744097931ad5,2022-09-10T16:47:36,,,,Decline,2022-09-10T23:47:41,6.6,,,CREDITKARMA,PARTNER,1510_PAC,Affiliate API,Affiliates,STARTED_ONLY,DECLINED_BY_POLICY
a9b0c792-1391-8253-c22a-aecbe2a175d5,2022-11-11T03:15:17,,,,Decline,2022-11-11T11:15:22,6.6,,,EVEN FINANCIAL,PARTNER,1510_PAC,Affiliate API,Affiliates,STARTED_ONLY,DECLINED_BY_POLICY
aa1b325c-cf7f-c8d9-96c7-e8ae35fb385b,2022-07-12T10:57:01,,,,Decline,2022-07-12T17:57:05,6.4,,,EVEN FINANCIAL,PARTNER,1510_PAC,Affiliate API,Affiliates,STARTED_ONLY,DECLINED_BY_POLICY
ad31fd68-4c5f-5a6f-84da-105f571d704d,2022-04-20T06:57:50,,,,Decline,2022-04-20T13:57:54,6.4,,,LENDINGTREE,PARTNER,1510_PAC,Affiliate API,Affiliates,STARTED_ONLY,DECLINED_BY_POLICY
ad8715fa-12d7-d9b0-2cf9-794c78192999,2022-10-04T11:17:05,,,,Decline,2022-10-04T18:17:10,6.6,,,LENDINGTREE,PARTNER,1510_PAC,Affiliate API,Affiliates,STARTED_ONLY,DECLINED_BY_POLICY
b3b27d7b-4f6b-d198-3aea-2e75af57c5d6,2022-03-17T10:23:51,,,,Decline,2022-03-17T17:23:56,6.4,,,EVEN FINANCIAL,PARTNER,1510_PAC,Affiliate API,Affiliates,STARTED_ONLY,DECLINED_BY_POLICY
b47aa62e-5e1a-b546-1e19-cf41d316040f,2022-06-16T23:54:32,,,,Decline,2022-06-17T06:54:35,6.4,,,LENDINGTREE,PARTNER,1510_PAC,Affiliate API,Affiliates,STARTED_ONLY,DECLINED_BY_POLICY
b6a03d0e-a645-5fb9-54f7-bd5fe102fdf7,2022-10-06T07:14:19,,,,Decline,2022-10-06T14:14:23,6.6,,,EVEN FINANCIAL,PARTNER,1510_PAC,Affiliate API,Affiliates,STARTED_ONLY,DECLINED_BY_POLICY
b77364fd-bf89-e582-e36e-7b8bf8e4364d,2022-02-25T06:50:43,,,,Decline,2022-02-25T14:50:46,6.4,,,EVEN FINANCIAL,PARTNER,1510_PAC,Affiliate API,Affiliates,STARTED_ONLY,DECLINED_BY_POLICY
b98efa25-f343-69c2-6198-39bff2dba28a,2022-08-08T10:08:48,,,,Decline,2022-08-08T17:08:54,6.4,,,EVEN FINANCIAL,PARTNER,1510_PAC,Affiliate API,Affiliates,STARTED_ONLY,DECLINED_BY_POLICY
bc43941c-9d13-eff3-118a-baa13cb27c49,2022-12-02T02:05:06,,,,Decline,2022-12-02T10:05:09,6.6,,,BANKRATE,PARTNER,1510_PAC,Affiliate API,Affiliates,STARTED_ONLY,DECLINED_BY_POLICY
be836a84-ef0f-6d35-f091-ebedbdd299e8,2022-08-17T17:25:56,,,,Decline,2022-08-18T00:25:59,6.5,,,CREDIBLE,PARTNER,1510_PAC,Affiliate API,Affiliates,STARTED_ONLY,DECLINED_BY_POLICY
bfb66adf-1e17-5ae0-4b1a-60a377a86698,2022-05-11T11:37:55,,,,Decline,2022-05-11T06:38:00,6.4,,,EVEN FINANCIAL,PARTNER,1510_PAC,Affiliate API,Affiliates,STARTED_ONLY,DECLINED_BY_POLICY
c080d5f5-121d-b5c2-8f8e-8b6491a35083,2022-02-10T14:24:44,,,,Decline,2022-02-10T22:24:49,6.4,,,GUIDE TO LENDERS,PARTNER,1510_PAC,Affiliate API,Affiliates,STARTED_ONLY,DECLINED_BY_POLICY
c35a2993-70c0-bcd8-64ad-46c51afae332,2022-07-12T08:32:19,,,,Decline,2022-07-12T15:32:22,6.4,,,EVEN FINANCIAL,PARTNER,1510_PAC,Affiliate API,Affiliates,STARTED_ONLY,DECLINED_BY_POLICY
c4dfc5ae-4913-85ee-c3f4-92627cb54ae3,2022-10-27T12:55:01,,,,Decline,2022-10-27T19:55:04,6.6,,,LENDINGTREE,PARTNER,1510_PAC,Affiliate API,Affiliates,STARTED_ONLY,DECLINED_BY_POLICY
c78f94a6-7885-1028-46e8-a91db1df6b33,2022-05-06T22:35:16,,,,Decline,2022-05-07T05:35:19,6.4,,,EVEN FINANCIAL,PARTNER,1510_PAC,Affiliate API,Affiliates,STARTED_ONLY,DECLINED_BY_POLICY
c815c072-7b07-5096-4c87-3fc51868ac5b,2022-04-17T11:57:53,,,,Decline,2022-04-17T18:57:56,6.4,,,GUIDE TO LENDERS,PARTNER,1510_PAC,Affiliate API,Affiliates,STARTED_ONLY,DECLINED_BY_POLICY
c977fafc-69ef-b5d0-6dec-484f29acff74,2022-08-03T16:38:36,,,,Decline,2022-08-03T23:38:40,6.4,,,CREDITKARMA,PARTNER,1510_PAC,Affiliate API,Affiliates,STARTED_ONLY,DECLINED_BY_POLICY
ca188c00-afa5-74ed-f50c-0013eef5b04c,2022-09-18T07:14:23,,,,Decline,2022-09-18T14:14:25,6.6,,,EVEN FINANCIAL,PARTNER,1510_PAC,Affiliate API,Affiliates,STARTED_ONLY,DECLINED_BY_POLICY
cd8fdf14-1474-2f16-0a7f-173bf0566a28,2022-05-16T09:20:39,,,,Decline,2022-05-16T16:20:42,6.4,,,CREDIBLE,PARTNER,1510_PAC,Affiliate API,Affiliates,STARTED_ONLY,DECLINED_BY_POLICY
d0489330-bc32-c938-1dc8-bc6200fcf78f,2022-04-14T06:00:31,,,,Decline,2022-04-14T13:00:34,6.4,,,CREDIBLE,PARTNER,1510_PAC,Affiliate API,Affiliates,STARTED_ONLY,DECLINED_BY_POLICY
d1ec5dda-0a44-0305-cc8f-f286872c6b78,2022-07-12T16:03:36,,,,Decline,2022-07-12T23:03:40,6.4,,,CREDITSESAME,PARTNER,1510_PAC,Affiliate API,Affiliates,STARTED_ONLY,DECLINED_BY_POLICY
d235a432-0cc1-0fb9-3933-4ff84c7d4df3,2022-09-24T10:53:30,,,,Decline,2022-09-24T17:53:36,6.6,,,EVEN FINANCIAL,PARTNER,1510_PAC,Affiliate API,Affiliates,STARTED_ONLY,DECLINED_BY_POLICY
d795db43-77cc-e971-b6cf-c968569ab824,2022-09-07T14:53:35,,,,Decline,2022-09-07T21:53:40,6.6,,,CREDITKARMA,PARTNER,1510_PAC,Affiliate API,Affiliates,STARTED_ONLY,DECLINED_BY_POLICY
d79d5f4e-1e8e-8e0d-fa86-72b484aed2bb,2022-10-08T12:28:27,,,,Decline,2022-10-08T19:28:31,6.6,,,EVEN FINANCIAL,PARTNER,1510_PAC,Affiliate API,Affiliates,STARTED_ONLY,DECLINED_BY_POLICY
d81ab917-5511-e388-ea02-0af907d992a2,2022-11-21T06:35:49,,,,Approve,2022-11-21T14:35:55,6.6,,,CREDITKARMA,PARTNER,1510_PAC,Affiliate API,Affiliates,STARTED_ONLY,APPROVED
d8bf33c0-254c-e433-b98e-75c924245143,2022-07-27T14:07:53,,,,Decline,2022-07-27T21:07:57,6.4,,,EVEN FINANCIAL,PARTNER,1510_PAC,Affiliate API,Affiliates,STARTED_ONLY,DECLINED_BY_POLICY
dbce1c4e-e09e-03c2-8bc7-c0faa10ffba5,2022-08-05T07:09:57,,,,Decline,2022-08-05T14:10:01,6.4,,,MONEVO,PARTNER,1510_PAC,Affiliate API,Affiliates,STARTED_ONLY,DECLINED_BY_POLICY
dbdff602-87d6-c4f4-d6cf-4949d0708dc0,2022-04-05T17:18:34,,,,Decline,2022-04-06T00:18:38,6.4,,,GUIDE TO LENDERS,PARTNER,1510_PAC,Affiliate API,Affiliates,STARTED_ONLY,DECLINED_BY_POLICY
dc67894c-b457-91d2-dca4-bb6ba2f262cd,2022-06-20T08:01:22,,,,Decline,2022-06-20T15:01:25,6.4,,,CREDIBLE,PARTNER,1510_PAC,Affiliate API,Affiliates,STARTED_ONLY,DECLINED_BY_POLICY
dd730dcf-4ac0-80ed-e7f2-bf6431a4e2e5,2022-04-03T15:45:20,,,,Decline,2022-04-03T22:45:23,6.4,,,EVEN FINANCIAL,PARTNER,1510_PAC,Affiliate API,Affiliates,STARTED_ONLY,DECLINED_BY_POLICY
de05a32b-3f62-5a4f-490d-ec3dcc98f8de,2022-05-14T04:17:16,,,,Decline,2022-05-14T11:17:20,6.4,,,GUIDE TO LENDERS,PARTNER,1510_PAC,Affiliate API,Affiliates,STARTED_ONLY,DECLINED_BY_POLICY
df0d4990-2220-10bc-17ed-4ecd2e4d26ca,2022-05-19T19:09:45,,,,Decline,2022-05-20T02:09:48,6.4,,,CREDITSESAME,PARTNER,1510_PAC,Affiliate API,Affiliates,STARTED_ONLY,DECLINED_BY_POLICY
df60e9d0-144a-86b0-61a1-debe3ee5eb2e,2022-01-12T03:14:24,,,,Decline,2022-01-12T11:14:28,6.4,,,EVEN FINANCIAL,PARTNER,1510_PAC,Affiliate API,Affiliates,STARTED_ONLY,DECLINED_BY_POLICY
dfb3e75f-4f5d-6d25-36bc-994c85f26158,2022-03-10T15:51:07,,,,Decline,2022-03-10T23:51:11,6.4,,,MONEVO,PARTNER,1510_PAC,Affiliate API,Affiliates,STARTED_ONLY,DECLINED_BY_POLICY
e0dfff2b-775d-9464-1fb8-535fdcc799f0,2022-01-20T19:15:38,,,,Decline,2022-01-21T03:15:41,6.4,,,GUIDE TO LENDERS,PARTNER,1510_PAC,Affiliate API,Affiliates,STARTED_ONLY,DECLINED_BY_POLICY
e113b958-bc80-311b-227c-16abe8be94f4,2022-06-08T07:42:43,,,,Decline,2022-06-08T14:42:46,6.4,,,EVEN FINANCIAL,PARTNER,1510_PAC,Affiliate API,Affiliates,STARTED_ONLY,DECLINED_BY_POLICY
e12d47c9-e599-01b6-0abf-eef8f2035864,2022-06-06T05:58:34,,,,Decline,2022-06-06T12:58:37,6.4,,,GUIDE TO LENDERS,PARTNER,1510_PAC,Affiliate API,Affiliates,STARTED_ONLY,DECLINED_BY_POLICY
e1bcf384-3188-e2db-132b-0b449699e6d3,2022-09-02T02:11:35,,,,Decline,2022-09-02T09:11:39,6.6,,,CREDITKARMA,PARTNER,1510_PAC,Affiliate API,Affiliates,STARTED_ONLY,DECLINED_BY_POLICY
e364e493-41be-13ed-4c92-9963ecd4a67c,2022-08-01T10:56:15,,,,Approve,2022-08-01T17:56:17,6.4,,,CREDIBLE,PARTNER,1510_PAC,Affiliate API,Affiliates,STARTED_ONLY,APPROVED
e4aa7087-3441-694e-95b9-6214434778a7,2022-06-09T18:44:35,,,,Decline,2022-06-10T01:44:39,6.4,,,INTUIT,PARTNER,1510_PAC,Affiliate API,Affiliates,STARTED_ONLY,DECLINED_BY_POLICY
e4f3c73c-3bbd-f701-eaec-c20da4db5f7b,2022-06-03T15:33:46,,,,Decline,2022-06-03T22:33:49,6.4,,,CREDIBLE,PARTNER,1510_PAC,Affiliate API,Affiliates,STARTED_ONLY,DECLINED_BY_POLICY
e6a78f0f-e1a7-697f-2e9c-cb49d6b9c40d,2022-10-24T07:25:29,,,,Decline,2022-10-24T14:25:33,6.6,,,EVEN FINANCIAL,PARTNER,1510_PAC,Affiliate API,Affiliates,STARTED_ONLY,DECLINED_BY_POLICY
e8a3ccd5-43a1-4ee2-4e3d-5e730965d4de,2022-04-04T11:35:31,,,,Decline,2022-04-04T18:35:34,6.4,,,CREDIBLE,PARTNER,1510_PAC,Affiliate API,Affiliates,STARTED_ONLY,DECLINED_BY_POLICY
e926280d-ca6b-5a07-5e3f-95d42f39f0b5,2022-03-21T16:28:16,,,,Decline,2022-03-21T23:28:19,6.4,,,CREDITKARMA,PARTNER,1510_PAC,Affiliate API,Affiliates,STARTED_ONLY,DECLINED_BY_POLICY
e93e5806-818f-fabf-b5e5-2c2beb5482e8,2022-06-22T12:22:21,,,,Decline,2022-06-22T19:22:23,6.4,,,INTUIT,PARTNER,1510_PAC,Affiliate API,Affiliates,STARTED_ONLY,DECLINED_BY_POLICY
eb703871-c7d3-192d-54d5-2850c75d173c,2022-11-08T02:34:18,,,,Approve,2022-11-08T10:34:22,6.6,,,EVEN FINANCIAL,PARTNER,1510_PAC,Affiliate API,Affiliates,STARTED_ONLY,APPROVED
ebf6d835-0664-3b03-82d7-b3e5f1921bae,2022-04-12T21:20:39,,,,Decline,2022-04-13T04:20:42,6.4,,,EVEN FINANCIAL,PARTNER,1510_PAC,Affiliate API,Affiliates,STARTED_ONLY,DECLINED_BY_POLICY
ecb52596-084c-e533-ffe1-69b868b77bc8,2022-02-07T15:52:37,,,,Decline,2022-02-07T23:52:41,6.4,,,LENDINGTREE,PARTNER,1510_PAC,Affiliate API,Affiliates,STARTED_ONLY,DECLINED_BY_POLICY
f0cb1704-441f-f7eb-6208-3e482da93c7c,2022-11-09T04:27:25,,,,Decline,2022-11-09T12:27:30,6.6,,,EVEN FINANCIAL,PARTNER,1510_PAC,Affiliate API,Affiliates,STARTED_ONLY,DECLINED_BY_POLICY
f2f98466-49a3-68b2-c04a-e9b9dfae067a,2022-12-17T18:29:30,,,,Decline,2022-12-18T02:29:34,6.6,,,CREDITKARMA,PARTNER,1510_PAC,Affiliate API,Affiliates,STARTED_ONLY,DECLINED_BY_POLICY
f7044768-2ab7-8c91-118b-54798ef14a1a,2022-04-23T05:48:44,,,,Decline,2022-04-23T12:48:48,6.4,,,CREDIBLE,PARTNER,1510_PAC,Affiliate API,Affiliates,STARTED_ONLY,DECLINED_BY_POLICY
f7b5c540-f351-b08c-8a4b-d98229c19c5d,2022-06-05T09:10:21,,,,Decline,2022-06-05T16:10:24,6.4,,,EVEN FINANCIAL,PARTNER,1510_PAC,Affiliate API,Affiliates,STARTED_ONLY,DECLINED_BY_POLICY
f7e32736-2ad1-fc6b-9ded-ac045c6dff2f,2022-07-20T01:29:58,,,,Decline,2022-07-20T08:30:02,6.4,,,EVEN FINANCIAL,PARTNER,1510_PAC,Affiliate API,Affiliates,STARTED_ONLY,DECLINED_BY_POLICY
f821d951-2045-bee2-7b28-bcadc05fe895,2022-05-30T13:09:15,,,,Decline,2022-05-30T20:09:20,6.4,,,EVEN FINANCIAL,PARTNER,1510_PAC,Affiliate API,Affiliates,STARTED_ONLY,DECLINED_BY_POLICY
f89f3c5a-9e3a-06b1-e6b6-731fe45f415a,2022-05-03T07:38:24,,,,Decline,2022-05-03T14:38:28,6.4,,,EVEN FINANCIAL,PARTNER,1510_PAC,Affiliate API,Affiliates,STARTED_ONLY,DECLINED_BY_POLICY
f8e774ac-8069-68b7-dd68-ce749860832f,2022-02-16T06:22:08,,,,Decline,2022-02-16T14:22:11,6.4,,,EXPERIAN,PARTNER,1510_PAC,Affiliate API,Affiliates,STARTED_ONLY,DECLINED_BY_POLICY
fa2e29a4-d0c0-841d-0e0a-94a020f81cbf,2022-02-26T21:06:05,,,,Decline,2022-02-27T05:06:08,6.4,,,PERSONALLOANPRO,PARTNER,1510_PAC,Affiliate API,Affiliates,STARTED_ONLY,DECLINED_BY_POLICY
fa5b6056-5f00-39e7-85d6-9eb3cbeac249,2022-06-18T06:59:53,,,,Decline,2022-06-18T13:59:57,6.4,,,EVEN FINANCIAL,PARTNER,1510_PAC,Affiliate API,Affiliates,STARTED_ONLY,DECLINED_BY_POLICY
fbdb134b-1ad6-64b1-ae9f-902386f8fd18,2022-09-19T17:36:14,,,,Decline,2022-09-20T00:36:19,6.6,,,EVEN FINANCIAL,PARTNER,1510_PAC,Affiliate API,Affiliates,STARTED_ONLY,DECLINED_BY_POLICY
fcce63c0-f4c2-0472-2c6d-ccbdb806939b,2022-11-01T09:02:40,,,,Decline,2022-11-01T16:02:44,6.6,,,EVEN FINANCIAL,PARTNER,1510_PAC,Affiliate API,Affiliates,STARTED_ONLY,DECLINED_BY_POLICY
fe538a11-3ffa-ff7a-d269-e6438deb4b9c,2022-07-24T00:36:21,,,,Decline,2022-07-24T07:36:26,6.4,,,WALLETHUB,PARTNER,1510_PAC,Affiliate API,Affiliates,STARTED_ONLY,DECLINED_BY_POLICY
fe5ea68e-8b42-4602-d341-47ca04964cb7,2022-12-01T12:09:50,,,,Decline,2022-12-01T20:09:55,6.6,,,EVEN FINANCIAL,PARTNER,1510_PAC,Affiliate API,Affiliates,STARTED_ONLY,DECLINED_BY_POLICY
fe9f4819-66c5-14c6-fec1-ed8a291a2120,2022-07-01T07:31:04,,,,Decline,2022-07-01T14:31:07,6.4,,,EVEN FINANCIAL,PARTNER,1510_PAC,Affiliate API,Affiliates,STARTED_ONLY,DECLINED_BY_POLICY
